form_id,form_name,field_id,field_key,field_label,mapping_id,page_number,x,y,width,height,font_size,current_is_multiline,recommended_is_multiline,current_mask_background,recommended_mask_background,confidence,reason,dimension_change_recommended,dimension_notes,surrounding_content_risk,review_status,notes
20,Residential Condominium Contract (Resale),68ab207d-d60c-4262-b96d-4135f8f8e639,contract_specific_repairs,Specific Repairs,001f0f4a-4604-4084-b15e-cd385371cadb,4,300.4,418.5,250.8,14,,false,true,false,false,REVIEW REQUIRED,Narrative purpose but current height is ~1 line — dimension increase may be needed to cover the printed writing area.,true,Height 14pt ≈ 1 line(s). Expand only after confirming intended lined region on the PDF.,Enlarging may approach amount columns or following rows — review carefully.,REVIEW REQUIRED,lines=1; cap=1; underlineDerived=false
14,Amendment to Contract,6d064e43-4082-4f01-8214-3665688d4607,contract_amend_total_sales_price,Amendment Total Sales Price,0061f40f-db5d-4889-aeb6-dcaceb810605,1,477.09,163.13,75,14,9,false,false,false,false,LEAVE UNCHANGED,Normally single-line value (amount/date/name/address/code field).,false,,Low — no mask recommended.,LEAVE UNCHANGED,lines=2; cap=1; underlineDerived=false
32,ADDENDUM REGARDING RESIDENTIAL LEASES,a3be4d0b-535d-4705-bbe0-d9d1e685e4d0,txr_1953_terminate_within_days,TXR-1953 Terminate Within Days After Receiving Leases,00750a2c-e6d9-4225-b6ab-1ac268be15f5,1,81.16,292.51,45,14,9,false,true,false,false,REVIEW REQUIRED,Narrative purpose but current height is ~1 line — dimension increase may be needed to cover the printed writing area.,true,Height 14pt ≈ 1 line(s). Expand only after confirming intended lined region on the PDF.,Enlarging may approach amount columns or following rows — review carefully.,REVIEW REQUIRED,lines=0; cap=1; underlineDerived=false
7,Listing Agreement,fcd1089b-47e1-4f03-ae77-a6582b778e09,AGENT_NAME,Agent Name,00874db7-79c9-4d24-95eb-6d8a36c1cd24,11,27.7,411.42,150,18,10,false,false,false,false,LEAVE UNCHANGED,Normally single-line value (amount/date/name/address/code field).,false,,Low — no mask recommended.,LEAVE UNCHANGED,lines=0; cap=1; underlineDerived=false
47,RESIDENTIAL LEASING AND PROPERTY MANAGEMENT AGREEMENT,02d0fe75-f01c-4449-a019-61e7df65fb8e,txr_2201_term_fee_if_leased,Termination Fee If Property Leased,00a13bac-e568-4fbe-9bcb-407f490df676,3,151.1,138.4,202.5,14,9,false,false,false,false,LEAVE UNCHANGED,Normally single-line value (amount/date/name/address/code field).,false,,Low — no mask recommended.,LEAVE UNCHANGED,lines=0; cap=1; underlineDerived=false
25,Condominium Resale Certificate,9900d109-5d16-4615-b470-e30d4327660c,condo_resale_known_violations,Known Violations,00b9fb33-5076-49a7-807b-f3d3b71f5938,1,66,482,482,24,9,false,false,false,false,LEAVE UNCHANGED,Normally single-line value (amount/date/name/address/code field).,false,,Low — no mask recommended.,LEAVE UNCHANGED,lines=0; cap=2; underlineDerived=false
14,Amendment to Contract,84448dd0-d2a7-45f0-af42-104033577260,contract_amend_buyer_pay_percent,Amendment Buyer Pay Percent,00c775b3-8b72-46aa-b367-59e36b8ed62d,1,413.74,311.19,30.79,13.47,9,false,false,false,false,LEAVE UNCHANGED,Appears to be a normal single-line value placement.,false,,Low — no mask recommended.,LEAVE UNCHANGED,lines=0; cap=1; underlineDerived=false
11,One to Four Residential,ceaf9445-8db2-4741-8a9a-83578275b3a1,contract_buyer_notice_email,Buyer Notice Email,013f641c-f2f7-4bd6-8b72-ba99d35dcce6,8,109.44,534.75,189.81,13.34,9,false,false,false,false,LEAVE UNCHANGED,Normally single-line value (amount/date/name/address/code field).,false,,Low — no mask recommended.,LEAVE UNCHANGED,lines=0; cap=1; underlineDerived=false
37,FARM AND RANCH CONTRACT,53d6a7bf-9725-4d98-89ed-11630dd92a41,CONTRACT_BUYER_ASSOCIATE_LICENSE_NUMBER,Buyer Associate License Number,01476b39-5e74-414c-8cd6-526bd98852aa,11,413.47,347.76,100,12,9,false,false,false,false,LEAVE UNCHANGED,Normally single-line value (amount/date/name/address/code field).,false,,Low — no mask recommended.,LEAVE UNCHANGED,lines=1; cap=1; underlineDerived=false
15,Residential Lease Listing,844c64f4-b9a5-4b7b-9d42-939d556a1c7e,PROPERTY_ADDRESS_ZIP,Property ZIP,015ad820-46f2-42b7-9dfb-65dff4a4ee4d,1,73.53,430.68,362.69,13.34,9,false,false,false,false,LEAVE UNCHANGED,Normally single-line value (amount/date/name/address/code field).,false,,Low — no mask recommended.,LEAVE UNCHANGED,lines=0; cap=1; underlineDerived=false
37,FARM AND RANCH CONTRACT,9d8911a8-d341-4dbe-8d9c-3432c106caf9,CONTRACT_BUYER_SUPERVISOR_NAME,Buyer Supervisor Name,015e2341-7b30-4016-810c-ebb4dff03558,11,203.21,360.27,180,12,9,false,false,false,false,LEAVE UNCHANGED,Normally single-line value (amount/date/name/address/code field).,false,,Low — no mask recommended.,LEAVE UNCHANGED,lines=1; cap=1; underlineDerived=false
11,One to Four Residential,a68f94bb-1c06-4b40-b54f-9889c945e80f,property_concerning_full_address,Contract Concerning Property Address,016ad0a6-65d7-4eed-b034-697a4c35b5c6,4,145,31,320,14,9,false,false,false,false,LEAVE UNCHANGED,Normally single-line value (amount/date/name/address/code field).,false,,Low — no mask recommended.,LEAVE UNCHANGED,lines=1; cap=1; underlineDerived=false
38,FARM AND RANCH REAL ESTATE LISTING AGREEMENT - EXCLUSIVE RIGHT TO SELL,980830bf-8d4d-4bbe-8f4d-026453594617,property_county,Property County,023011b5-9a21-4aca-832a-2af9d40e355d,1,204.8,413.9,192,14,9,false,false,false,false,LEAVE UNCHANGED,Normally single-line value (amount/date/name/address/code field).,false,,Low — no mask recommended.,LEAVE UNCHANGED,lines=0; cap=1; underlineDerived=false
44,NOTICE TO PURCHASER OF SPECIAL TAXING OR ASSESSMENT DISTRICT,f5627c3d-5b64-494b-b306-e47383de73e3,txr_1420_bonds_approved_water_sewer_drainage,TXR-1420 Bonds Approved Water Sewer Drainage,0242733d-e9cc-4053-bf24-b2d5a41e407a,1,94.3,569.9,100.9,14,9,false,false,false,false,LEAVE UNCHANGED,Appears to be a normal single-line value placement.,false,,Low — no mask recommended.,LEAVE UNCHANGED,lines=0; cap=1; underlineDerived=false
11,One to Four Residential,f7d78229-f99c-4c11-a5b3-082859eeac15,contract_closing_date,Closing Date,0263d9e9-a1f7-492b-8d8c-aade627aa682,6,300.53,107.93,122.09,13.34,9,false,false,false,false,LEAVE UNCHANGED,Normally single-line value (amount/date/name/address/code field).,false,,Low — no mask recommended.,LEAVE UNCHANGED,lines=0; cap=1; underlineDerived=false
47,RESIDENTIAL LEASING AND PROPERTY MANAGEMENT AGREEMENT,73832d80-c1aa-4cf2-b16f-a0316df1f4c4,txr_2201_sale_coordination_fee,Sale Coordination Fee,02798924-6a39-4201-8084-6c36eca5087b,2,201,704,185.6,14,9,false,false,false,false,LEAVE UNCHANGED,Normally single-line value (amount/date/name/address/code field).,false,,Low — no mask recommended.,LEAVE UNCHANGED,lines=0; cap=1; underlineDerived=false
20,Residential Condominium Contract (Resale),35dd64ff-1f22-4b93-afb0-779465316a13,contract_title_objection_use_activity,Title Objection Use Activity,029c937f-eb86-4443-8f62-56e11ee48355,3,208.4,168,344.8,14,,false,false,false,false,LEAVE UNCHANGED,Normally single-line value (amount/date/name/address/code field).,false,,Low — no mask recommended.,LEAVE UNCHANGED,lines=1; cap=1; underlineDerived=false
15,Residential Lease Listing,f0189495-7057-4a99-9e0a-a8068c3b2a38,lease_animal_violation_daily_charge,Lease Animal Violation Daily Charge,031fc113-6875-4032-9719-c9741aa72102,9,213.55,609.61,39.5,12.31,9,false,false,false,false,LEAVE UNCHANGED,Appears to be a normal single-line value placement.,false,,Low — no mask recommended.,LEAVE UNCHANGED,lines=0; cap=1; underlineDerived=false
20,Residential Condominium Contract (Resale),a68f94bb-1c06-4b40-b54f-9889c945e80f,property_concerning_full_address,Contract Concerning Property Address,0326f9e9-d47d-46ed-a489-8f7b79142cb5,3,120.1,31.6,295.4,14,,false,false,false,false,LEAVE UNCHANGED,Normally single-line value (amount/date/name/address/code field).,false,,Low — no mask recommended.,LEAVE UNCHANGED,lines=1; cap=1; underlineDerived=false
7,Listing Agreement,998b7869-bc45-4686-a75c-e60cd3581b78,EMPLOYER_RELOCATION_COMPANY,Employer Relocation Company,0351ee67-4061-44a9-8478-a910d4fa5920,8,185.48,204.36,360,14,9,false,true,false,false,REVIEW REQUIRED,Narrative purpose but current height is ~1 line — dimension increase may be needed to cover the printed writing area.,true,Height 14pt ≈ 1 line(s). Expand only after confirming intended lined region on the PDF.,Enlarging may approach amount columns or following rows — review carefully.,REVIEW REQUIRED,lines=0; cap=1; underlineDerived=false
38,FARM AND RANCH REAL ESTATE LISTING AGREEMENT - EXCLUSIVE RIGHT TO SELL,b08bb4a1-95ec-4824-92cc-36a3a0601e90,KNOWN_FINANCIAL_OBLIGATIONS_EXCEPTION,Known Financial Obligations Exception,0355f7e5-df51-4a98-97c5-aa6b2c6927d7,9,251.27,331.41,290,14,9,false,true,false,false,REVIEW REQUIRED,Narrative purpose but current height is ~1 line — dimension increase may be needed to cover the printed writing area.,true,Height 14pt ≈ 1 line(s). Expand only after confirming intended lined region on the PDF.,Enlarging may approach amount columns or following rows — review carefully.,REVIEW REQUIRED,lines=0; cap=1; underlineDerived=false
25,Condominium Resale Certificate,aa92416a-47f0-49d5-954f-f7a99475c9d4,condo_resale_gov_notices_received,Governmental Notices Received,03564333-d557-4fcb-b3bd-44f07733a4ac,1,66,549,482,24,9,false,false,false,false,LEAVE UNCHANGED,Normally single-line value (amount/date/name/address/code field).,false,,Low — no mask recommended.,LEAVE UNCHANGED,lines=0; cap=2; underlineDerived=false
25,Condominium Resale Certificate,fdf8d406-7b3c-4716-abf2-72f5da79181e,condo_resale_managing_agent_email,Managing Agent Email,0379559f-a77e-497a-b449-ae9ec7e0f3e5,1,67,704,486,12,9,false,false,false,false,LEAVE UNCHANGED,Normally single-line value (amount/date/name/address/code field).,false,,Low — no mask recommended.,LEAVE UNCHANGED,lines=0; cap=1; underlineDerived=false
17,Third Party Financing Addendum,710d9869-5e7d-4d4e-b6dd-fcbcfa60dcf7,txr_1901_conversion_mortgage_loan_in_the_original_principal_amount_of,Conversion Mortgage Loan In The Original Principal Amount Of,040d6433-e76e-4121-8916-a4ef3ec061d5,2,361.2,100.83,31.03,10.64,9,false,false,false,false,LEAVE UNCHANGED,Normally single-line value (amount/date/name/address/code field).,false,,Low — no mask recommended.,LEAVE UNCHANGED,lines=0; cap=1; underlineDerived=false
37,FARM AND RANCH CONTRACT,ceaf9445-8db2-4741-8a9a-83578275b3a1,contract_buyer_notice_email,Buyer Notice Email,0431c252-b916-45a3-89bd-4ed6f599a2f6,8,72,640,190,12,9,false,false,false,false,LEAVE UNCHANGED,Normally single-line value (amount/date/name/address/code field).,false,,Low — no mask recommended.,LEAVE UNCHANGED,lines=1; cap=1; underlineDerived=false
38,FARM AND RANCH REAL ESTATE LISTING AGREEMENT - EXCLUSIVE RIGHT TO SELL,b4fa63a8-2107-4fda-b5ec-c06ba3e85884,KNOWN_LIENS_EXCEPTION,Known Liens Exception,04413881-25f3-4f67-bbcc-c7fc91a624a5,9,108,360,462,14,9,false,true,false,false,REVIEW REQUIRED,Narrative purpose but current height is ~1 line — dimension increase may be needed to cover the printed writing area.,true,Height 14pt ≈ 1 line(s). Expand only after confirming intended lined region on the PDF.,Enlarging may approach amount columns or following rows — review carefully.,REVIEW REQUIRED,lines=0; cap=1; underlineDerived=false
12,Addendum for Property Subject to Mandatory Membership in a Property Owners Association,9cba5223-a1cb-4f1a-b0ac-c6eaa4765347,property_hoa_phone,HOA Phone,0480645f-e806-43e1-9af4-3b901e5dc9fd,1,378.4,139.2,193.6,18.4,10,false,false,false,false,LEAVE UNCHANGED,Normally single-line value (amount/date/name/address/code field).,false,,Low — no mask recommended.,LEAVE UNCHANGED,lines=0; cap=1; underlineDerived=false
34,AMENDMENT TO FARM AND RANCH LISTING - EXCLUSIVE RIGHT TO SELL,c9f7e5c3-48d8-414b-b653-e8691ff9edd1,txr_1422_resume_marketing_date,TXR-1422 E Resume Marketing Date,04a3644c-934a-42df-bfd9-63be0fa6288d,1,82.19,433.36,130,14,9,false,false,false,false,LEAVE UNCHANGED,Normally single-line value (amount/date/name/address/code field).,false,,Low — no mask recommended.,LEAVE UNCHANGED,lines=0; cap=1; underlineDerived=false
15,Residential Lease Listing,f93e9ef9-64e1-435f-9fa9-7a246c8b7607,lease_add_other_document_description,Lease Add Other Document Description,050948b0-11da-495f-be93-5f709eafd075,9,66.28,324.45,480,14,9,false,true,false,false,REVIEW REQUIRED,Narrative purpose but current height is ~1 line — dimension increase may be needed to cover the printed writing area.,true,Height 14pt ≈ 1 line(s). Expand only after confirming intended lined region on the PDF.,Enlarging may approach amount columns or following rows — review carefully.,REVIEW REQUIRED,lines=0; cap=1; underlineDerived=false
13,Amendment to Listing Agreement,fcd1089b-47e1-4f03-ae77-a6582b778e09,AGENT_NAME,Agent Name,05194176-3a04-4ce0-b448-81bd3e3f1da9,1,40.16,660.11,166.15,17.96,10,false,false,false,false,LEAVE UNCHANGED,Normally single-line value (amount/date/name/address/code field).,false,,Low — no mask recommended.,LEAVE UNCHANGED,lines=0; cap=1; underlineDerived=false
38,FARM AND RANCH REAL ESTATE LISTING AGREEMENT - EXCLUSIVE RIGHT TO SELL,e58a9854-c24d-4564-bc53-d7403f74e90d,txr_1201_res_zoning_held_by_others,TXR-1201 Reservations zoning Held by Others,051dadc7-d98e-443d-be38-1a8689bb642a,2,144.4,579.3,196.6,24,9,false,false,false,false,LEAVE UNCHANGED,Normally single-line value (amount/date/name/address/code field).,false,,Low — no mask recommended.,LEAVE UNCHANGED,lines=0; cap=2; underlineDerived=false
15,Residential Lease Listing,5da7659d-7ff1-448f-859e-6bdf22cf1507,broker_license_number,Broker License Number,055e8266-8db7-406e-bd98-cace0b7ac8ca,11,228.94,550.85,90,14,9,false,false,false,false,LEAVE UNCHANGED,Normally single-line value (amount/date/name/address/code field).,false,,Low — no mask recommended.,LEAVE UNCHANGED,lines=0; cap=1; underlineDerived=false
11,One to Four Residential,a44a4f4a-e723-49da-8969-bff72780cb7d,CONTRACT_SELLER_NOTICE_EMAIL,Seller Notice Email,058d3e23-eefd-488c-93dd-40078ce38d99,8,375.64,533.73,190,14,9,false,false,false,false,LEAVE UNCHANGED,Normally single-line value (amount/date/name/address/code field).,false,,Low — no mask recommended.,LEAVE UNCHANGED,lines=0; cap=1; underlineDerived=false
20,Residential Condominium Contract (Resale),a44a4f4a-e723-49da-8969-bff72780cb7d,CONTRACT_SELLER_NOTICE_EMAIL,Seller Notice Email,0591654f-146e-4581-bcb7-65fa142adb3e,7,374.2,237.2,169.6,14,,false,false,false,false,LEAVE UNCHANGED,Normally single-line value (amount/date/name/address/code field).,false,,Low — no mask recommended.,LEAVE UNCHANGED,lines=1; cap=1; underlineDerived=false
12,Addendum for Property Subject to Mandatory Membership in a Property Owners Association,27e50ce0-130e-4640-89d1-0e468e18434e,PROPERTY_ADDRESS,Property Address,05a3bd7d-850c-4e07-9f3a-efbbeb4cb05d,1,36.8,114.4,225.6,17.6,10,false,false,false,false,LEAVE UNCHANGED,Normally single-line value (amount/date/name/address/code field).,false,,Low — no mask recommended.,LEAVE UNCHANGED,lines=0; cap=1; underlineDerived=false
33,AMENDMENT TO BUYER/TENANT REPRESENTATION AGREEMENT,26afb280-da67-4d4a-8b64-e41f5a6eb892,txr_1505_paragraph_changes_text,TXR-1505 G Paragraph Changes Text,05d1b59e-cb40-4593-b032-1fb85be91ad6,1,70.64,553.55,480,50,9,false,true,false,false,MEDIUM CONFIDENCE,Tall narrative box (~4 lines) without conclusive line geometry; multiline recommended; mask only after visual confirm of printed lines.,false,,Low — no mask recommended.,MEDIUM CONFIDENCE,lines=0; cap=4; underlineDerived=false
38,FARM AND RANCH REAL ESTATE LISTING AGREEMENT - EXCLUSIVE RIGHT TO SELL,9e2d6525-3f8c-46db-a306-49e7ac5c7051,PROPERTY_FULL_ADDRESS,Property Full Address,05d2cb21-0190-4152-8d15-45e6da07bcba,1,78.91,490.03,340.64,13.47,9,false,false,false,false,LEAVE UNCHANGED,Normally single-line value (amount/date/name/address/code field).,false,,Low — no mask recommended.,LEAVE UNCHANGED,lines=0; cap=1; underlineDerived=false
35,ANIMAL AGREEMENT,37e7316f-e578-4a4d-932a-5456720af2ec,txr_2004_animal_3_gender,TXR-2004 Animal 3 Gender,05f9f792-66e8-4e1f-9b54-077cc8a0496f,1,481.74,471.72,80,14,9,false,false,false,false,LEAVE UNCHANGED,Normally single-line value (amount/date/name/address/code field).,false,,Low — no mask recommended.,LEAVE UNCHANGED,lines=0; cap=1; underlineDerived=false
25,Condominium Resale Certificate,29b6470d-1abe-4370-947c-518b6a792f2f,condo_resale_transfer_fee_amount_3,Transfer Fee Amount 3,06cc8517-d35d-4dfe-9cea-18bcf19299e0,2,388,201,152,14,9,false,false,false,false,LEAVE UNCHANGED,Normally single-line value (amount/date/name/address/code field).,false,,Low — no mask recommended.,LEAVE UNCHANGED,lines=0; cap=1; underlineDerived=false
47,RESIDENTIAL LEASING AND PROPERTY MANAGEMENT AGREEMENT,9e2d6525-3f8c-46db-a306-49e7ac5c7051,PROPERTY_FULL_ADDRESS,Property Full Address,071d59f5-be00-4cd3-b923-94943b2cba6a,7,204.2,31.4,298.8,14,9,false,false,false,false,LEAVE UNCHANGED,Normally single-line value (amount/date/name/address/code field).,false,,Low — no mask recommended.,LEAVE UNCHANGED,lines=0; cap=1; underlineDerived=false
15,Residential Lease Listing,0b40ecae-ceaf-4dd3-8a61-84679baf7fdd,lease_keybox_last_days,Lease Keybox Last Days,074a6473-ef8e-4909-a547-b667113d58c9,10,228.08,109.86,60,14,9,false,false,false,false,LEAVE UNCHANGED,Appears to be a normal single-line value placement.,false,,Low — no mask recommended.,LEAVE UNCHANGED,lines=0; cap=1; underlineDerived=false
1,Buyer Rep Agreement,b384a0ce-f7c2-42da-8b0b-69f94185b3f1,BUYER_1_PHONE,Buyer 1 Phone,0773a6bf-632f-4cc1-8b97-437bff3e2701,1,115.15,218.75,211.7,12.83,10,false,false,false,false,LEAVE UNCHANGED,Normally single-line value (amount/date/name/address/code field).,false,,Low — no mask recommended.,LEAVE UNCHANGED,lines=0; cap=1; underlineDerived=false
11,One to Four Residential,12a8aeaa-5a91-40d3-b102-a63b4f4c22d3,CONTRACT_BUYER_BROKERAGE_ADDRESS,Buyer Brokerage Address,0788634d-4c12-488a-b247-2ad40a103dc5,11,103.72,297.34,365,14,9,false,false,false,false,LEAVE UNCHANGED,Normally single-line value (amount/date/name/address/code field).,false,,Low — no mask recommended.,LEAVE UNCHANGED,lines=1; cap=1; underlineDerived=false
35,ANIMAL AGREEMENT,074b89a9-9456-48bf-9fc6-0923e9e3d096,txr_2004_animal_4_gender,TXR-2004 Animal 4 Gender,079b8682-9763-4dd9-aee1-15d5756a1d8d,1,483.02,519.08,80,14,9,false,false,false,false,LEAVE UNCHANGED,Normally single-line value (amount/date/name/address/code field).,false,,Low — no mask recommended.,LEAVE UNCHANGED,lines=0; cap=1; underlineDerived=false
11,One to Four Residential,0183ade4-81c0-4fa2-8e8c-9580f11735ff,contract_natural_resource_lease_termination_days,Natural Resource Lease Termination Days,083391c6-b8d8-4716-9f02-7ea7b99a701a,1,336.79,720,38.54,10.94,9,false,false,false,false,LEAVE UNCHANGED,Appears to be a normal single-line value placement.,false,,Low — no mask recommended.,LEAVE UNCHANGED,lines=0; cap=1; underlineDerived=false
51,Itemization of Security Deposit,aaa1ad24-c64b-4b8a-b95b-49f3f9b890b0,txr_2216_damages_description,TXR-2216 Damages Description,08446e94-1227-4645-83ba-646472836831,1,61.7,381.7,370.4,63.2,9,false,true,false,true,HIGH CONFIDENCE,"Confirmed production problem field: “Damages to the Property, beyond wear and tear (describe)” — large underline-derived narrative block on TXR-2216; needs wrap + white mask over writing lines. Current flags both false.",false,Current 370.4×63.2 (~5 lines) appears sized for the multi-line describe block; confirm it reaches the last printed line without entering the amount column.,"Primary risk: masking or widening into the damages amount column to the right, and/or the next deduction row below. Keep mask strictly inside the description placement.",HIGH CONFIDENCE,lines=0; cap=5; underlineDerived=true; dedicated Itemization damages analysis
15,Residential Lease Listing,246b792a-46ba-4584-9081-7cd749589c03,lease_animal_monthly_rent_increase,Lease Animal Monthly Rent Increase,08ad9d8e-ba52-4a83-b57b-a0f6d9788ca5,9,290.25,563.73,75,14,9,false,false,false,false,LEAVE UNCHANGED,Normally single-line value (amount/date/name/address/code field).,false,,Low — no mask recommended.,LEAVE UNCHANGED,lines=0; cap=1; underlineDerived=false
13,Amendment to Listing Agreement,83a2e473-13f5-4bf9-89fe-2120b591b857,AGENT_LICENSE_NUMBER,Agent License Number,094fddf2-2e12-4533-bb89-d582bcf9097d,1,219.14,658.19,73.13,17.96,10,false,false,false,false,LEAVE UNCHANGED,Normally single-line value (amount/date/name/address/code field).,false,,Low — no mask recommended.,LEAVE UNCHANGED,lines=0; cap=1; underlineDerived=false
45,NOTICE OF WITHDRAWAL OF OFFER,9159a5e6-78f9-44c9-ad25-0e6f2c10088f,txr_1945_option_a_date,TXR-1945 Option A Date,097a7df4-0a4a-4037-a13b-54b5a77092f3,1,444.7,313,58.4,14,9,false,false,false,false,LEAVE UNCHANGED,Normally single-line value (amount/date/name/address/code field).,false,,Low — no mask recommended.,LEAVE UNCHANGED,lines=0; cap=1; underlineDerived=true
47,RESIDENTIAL LEASING AND PROPERTY MANAGEMENT AGREEMENT,fdec20c4-b820-43e7-a2bd-e71625418b46,txr_2201_emergency_contact_name,Emergency Contact Name,098b9db3-fac8-4667-8589-213762cf5cac,7,108.4,562.1,286.6,14,9,false,false,false,false,LEAVE UNCHANGED,Normally single-line value (amount/date/name/address/code field).,false,,Low — no mask recommended.,LEAVE UNCHANGED,lines=0; cap=1; underlineDerived=false
18,Residential Lease,7f820e7f-11a0-4fb6-a177-fbd7c9a797fa,TXR_2001_KEYBOX_AUTHORIZED_LAST_DAYS,Keybox allowed during last X days,09d949f9-6905-4025-b6fa-4f275070c9a9,6,179,573,37,16,9,false,false,false,false,LEAVE UNCHANGED,Appears to be a normal single-line value placement.,false,,Low — no mask recommended.,LEAVE UNCHANGED,lines=0; cap=1; underlineDerived=false
13,Amendment to Listing Agreement,01b76f56-801e-47ea-a71c-737c9df7ce03,listing_amendment_other_fee_text,Other Broker Fee Text,0a541c3f-3c93-4e3b-962d-06a0676f5361,1,104.57,375.47,455,14,9,false,false,false,false,LEAVE UNCHANGED,Normally single-line value (amount/date/name/address/code field).,false,,Low — no mask recommended.,LEAVE UNCHANGED,lines=0; cap=1; underlineDerived=false
20,Residential Condominium Contract (Resale),603c0263-3c4a-4bbe-b132-4215c2a1d41e,contract_condo_association_transfer_charges_cap,Association Transfer Charges Cap,0a8b95d4-c5d1-480d-bdf9-ab7164770b2a,5,340.2,632.8,94.7,14,,false,true,false,false,REVIEW REQUIRED,Narrative purpose but current height is ~1 line — dimension increase may be needed to cover the printed writing area.,true,Height 14pt ≈ 1 line(s). Expand only after confirming intended lined region on the PDF.,Enlarging may approach amount columns or following rows — review carefully.,REVIEW REQUIRED,lines=1; cap=1; underlineDerived=false
8,Request for Info From HOA,21f43339-ed56-41c1-96fc-9067a8e55c3a,property_city_state_zip,Property City State Zip,0a8f2f57-4417-4f9c-a9dc-bbd456d2f49e,1,52.72,213.32,382.98,14.11,9,false,false,false,false,LEAVE UNCHANGED,Normally single-line value (amount/date/name/address/code field).,false,,Low — no mask recommended.,LEAVE UNCHANGED,lines=0; cap=1; underlineDerived=false
37,FARM AND RANCH CONTRACT,dc68b037-4f8e-4425-8dc7-6d734b677897,CONTRACT_INTERMEDIARY_BUYER_ASSOCIATE_LICENSE_NUMBER,Intermediary Buyer Associate License Number,0aa56d2c-e5ff-4d28-afc6-07b0c8c7cfd4,11,410.39,554.64,100,12,9,false,false,false,false,LEAVE UNCHANGED,Normally single-line value (amount/date/name/address/code field).,false,,Low — no mask recommended.,LEAVE UNCHANGED,lines=1; cap=1; underlineDerived=false
18,Residential Lease,d513cd51-f46e-4d79-b4e5-01c3fea57c19,txr_2001_landlord_name,Landlord owner name,0abe91bc-1217-46db-aac8-d9802a59f683,1,254,140,322,16,9,false,false,false,false,LEAVE UNCHANGED,Normally single-line value (amount/date/name/address/code field).,false,,Low — no mask recommended.,LEAVE UNCHANGED,lines=0; cap=1; underlineDerived=false
37,FARM AND RANCH CONTRACT,f44a3aca-5e54-444a-9b42-cb0266ce2aae,contract_survey_option_2_days,Survey Option 2 Days,0addd194-a7a3-49b7-861b-84043a62b68c,3,120.26,266.19,45,12,9,false,false,false,false,LEAVE UNCHANGED,Normally single-line value (amount/date/name/address/code field).,false,,Low — no mask recommended.,LEAVE UNCHANGED,lines=0; cap=1; underlineDerived=false
5,TILA-RESPA,de949694-58ee-4775-a99e-f68f48a8e30b,brokerage_fax,Brokerage Fax,0b82073d-77bf-423c-9be6-cd8086e5d877,1,352.83,339.75,145,14,9,false,false,false,false,LEAVE UNCHANGED,Normally single-line value (amount/date/name/address/code field).,false,,Low — no mask recommended.,LEAVE UNCHANGED,lines=0; cap=1; underlineDerived=false
1,Buyer Rep Agreement,e0a0835e-6f9f-457f-9c61-93bdb0e951cd,buyer_rep_agreement_between,Buyer/Tenant Representation Agreement between,0b84f380-5327-4cf2-a86d-9a6461cff74e,5,248.6,26.98,330,12,10,false,false,false,false,LEAVE UNCHANGED,Appears to be a normal single-line value placement.,false,,Low — no mask recommended.,LEAVE UNCHANGED,lines=0; cap=1; underlineDerived=false
47,RESIDENTIAL LEASING AND PROPERTY MANAGEMENT AGREEMENT,0c09c53f-b46c-4288-8d71-fd65480c18a6,lease_other_broker_all_rents_percent,Lease Other Broker All Rents Percent,0bcac1fb-fb97-40e9-81d4-ae10a1ed492b,10,103,397.6,29,14,9,false,false,false,false,LEAVE UNCHANGED,Appears to be a normal single-line value placement.,false,,Low — no mask recommended.,LEAVE UNCHANGED,lines=0; cap=1; underlineDerived=false
37,FARM AND RANCH CONTRACT,34860abd-3179-4c7c-9f26-da59a031a379,txr_1701_surface_oral_leases_description,Oral Surface Lease Description,0be8dfdc-ab94-4e2f-869b-41bc5ac2a192,2,86.57,200.08,476.64,11.55,9,false,true,false,false,REVIEW REQUIRED,Narrative purpose but current height is ~1 line — dimension increase may be needed to cover the printed writing area.,true,Height 11.55pt ≈ 1 line(s). Expand only after confirming intended lined region on the PDF.,Enlarging may approach amount columns or following rows — review carefully.,REVIEW REQUIRED,lines=1; cap=1; underlineDerived=false
37,FARM AND RANCH CONTRACT,1ff64dc0-48bb-4c01-9840-2fbc9c377212,CONTRACT_SELLER_NAMES,Contract Seller Names,0bfba032-e382-4fdc-92d4-04e79db2b9e8,1,277.02,65.81,165,12,9,false,false,false,false,LEAVE UNCHANGED,Normally single-line value (amount/date/name/address/code field).,false,,Low — no mask recommended.,LEAVE UNCHANGED,lines=0; cap=1; underlineDerived=false
25,Condominium Resale Certificate,0bddbdd1-2775-42e1-931e-3360d65e48a0,condo_resale_reserves_designated_amount,Reserves Designated Amount,0c22a388-7fbb-4193-a2c7-9c6e21c4d362,1,436,321,110,12,9,false,false,false,false,LEAVE UNCHANGED,Normally single-line value (amount/date/name/address/code field).,false,,Low — no mask recommended.,LEAVE UNCHANGED,lines=0; cap=1; underlineDerived=false
38,FARM AND RANCH REAL ESTATE LISTING AGREEMENT - EXCLUSIVE RIGHT TO SELL,731ea151-77d8-429a-9ca7-99d7d318f37c,LISTING_AGREEMENT_CONCERNING,Listing Agreement Concerning,0c32374c-9124-467f-99f8-f9719d57d673,8,180.6,26.2,395.5,14,9,false,false,false,false,LEAVE UNCHANGED,Normally single-line value (amount/date/name/address/code field).,false,,Low — no mask recommended.,LEAVE UNCHANGED,lines=0; cap=1; underlineDerived=false
15,Residential Lease Listing,71aca245-1ffe-4306-8f1a-735315e8e296,LEASE_LISTING_CONCERNING,Lease Listing Concerning,0c4ce420-6f5d-4703-a4e6-01aee3712dca,8,200,32,320,14,9,false,false,false,false,LEAVE UNCHANGED,Appears to be a normal single-line value placement.,false,,Low — no mask recommended.,LEAVE UNCHANGED,lines=0; cap=1; underlineDerived=false
48,SELLER'S TEMPORARY RESIDENTIAL LEASE,1988bb7f-23b2-436c-9d6c-e2f6c87efa01,txr_1910_landlord_notice,TXR-1910 Landlord Notice Name Address,0c863132-bdb0-44b7-89c7-93916ce0c229,2,127.2,451.2,178.4,52,9,false,false,false,false,LEAVE UNCHANGED,Normally single-line value (amount/date/name/address/code field).,false,,Low — no mask recommended.,LEAVE UNCHANGED,lines=0; cap=4; underlineDerived=false
14,Amendment to Contract,c857e79b-bcef-4129-a418-5859826ec6b1,contract_amend_lender_repairs_buyer_amount,Amendment Lender Repairs Buyer Amount,0c88a917-fa72-40bb-9f68-3e71c8e6ca7e,1,356.62,336.62,80,14,9,false,false,false,false,LEAVE UNCHANGED,Normally single-line value (amount/date/name/address/code field).,false,,Low — no mask recommended.,LEAVE UNCHANGED,lines=1; cap=1; underlineDerived=false
46,RELEASE OF EARNEST MONEY,a1e25cce-2866-4966-bbe1-e60411e53ac6,CONTRACT_BUYER_NOTICE_ADDRESS,Buyer Notice Address,0c8df01b-c228-4732-a8d1-0a85567b9eb0,1,82,577.7,205,34.1,9,false,false,false,false,LEAVE UNCHANGED,Normally single-line value (amount/date/name/address/code field).,false,,Low — no mask recommended.,LEAVE UNCHANGED,lines=0; cap=2; underlineDerived=false
35,ANIMAL AGREEMENT,53fefa5f-1730-4c55-88f7-c871179bf438,txr_2004_animal_1_breed,TXR-2004 Animal 1 Breed,0c8e0e93-1b6b-4aa3-8008-7afa3eb70df9,1,252.45,361.08,150,14,9,false,false,false,false,LEAVE UNCHANGED,Normally single-line value (amount/date/name/address/code field).,false,,Low — no mask recommended.,LEAVE UNCHANGED,lines=0; cap=1; underlineDerived=false
29,"ADDENDUM FOR ""BACK-UP"" CONTRACT",fd489bc4-2805-4c93-9b5f-e58687ba5afa,txr_1909_first_contract_terminate_by,TXR-1909 First Contract Terminate By,0ca854db-ebdc-4428-be68-3439d71a0c1d,1,339.13,600.79,150,14,9,false,false,false,false,LEAVE UNCHANGED,Normally single-line value (amount/date/name/address/code field).,false,,Low — no mask recommended.,LEAVE UNCHANGED,lines=0; cap=1; underlineDerived=false
11,One to Four Residential,0951efa2-0263-430f-9803-ab1f572d62ff,contract_survey_option_1_days,Survey Option 1 Days,0cbb503e-b03a-4db1-a382-3574d8dc37cb,3,127.8,74.8,36,11.2,9,false,false,false,false,LEAVE UNCHANGED,Appears to be a normal single-line value placement.,false,,Low — no mask recommended.,LEAVE UNCHANGED,lines=1; cap=1; underlineDerived=false
18,Residential Lease,d5d42114-2ad9-42bd-a239-b757f81695f9,txr_2001_additional_fee_custom_2_label,Custom fee 2 label,0cdbb56f-368f-4697-9439-e1ec6a6dc0d9,1,84,682,91.74,17.32,9,false,false,false,false,LEAVE UNCHANGED,Normally single-line value (amount/date/name/address/code field).,false,,Low — no mask recommended.,LEAVE UNCHANGED,lines=0; cap=1; underlineDerived=false
1,Buyer Rep Agreement,e0a0835e-6f9f-457f-9c61-93bdb0e951cd,buyer_rep_agreement_between,Buyer/Tenant Representation Agreement between,0cfa141f-3488-43d6-865a-f2f38020641f,4,250.53,28.26,330,12,10,false,false,false,false,LEAVE UNCHANGED,Appears to be a normal single-line value placement.,false,,Low — no mask recommended.,LEAVE UNCHANGED,lines=0; cap=1; underlineDerived=false
18,Residential Lease,029c9853-43be-4cfc-97dc-a7250366a3bb,txr_2001_additional_late_fee_percent,Additional daily late fee percent,0d11cfe8-744e-44f6-96dc-0890913070c4,2,445,658,51,16,9,false,false,false,false,LEAVE UNCHANGED,Normally single-line value (amount/date/name/address/code field).,false,,Low — no mask recommended.,LEAVE UNCHANGED,lines=0; cap=1; underlineDerived=false
26,Disclosure of Relationship with Contract Provider,c57bd865-76b2-4a25-af33-371d398a2039,txr_2513_other_broker_name,Other Broker's Name,0d56f513-d057-4728-8e43-da5de8913ed1,1,59,548,170,14,9,false,false,false,false,LEAVE UNCHANGED,Normally single-line value (amount/date/name/address/code field).,false,,Low — no mask recommended.,LEAVE UNCHANGED,lines=0; cap=1; underlineDerived=false
20,Residential Condominium Contract (Resale),91da9194-9c59-4d67-a796-33959c7f1515,contract_seller_team_name,Seller Team Name,0df1440c-0700-43eb-ab1e-4a40fc0f4459,9,122.8,192.4,240,14,,false,false,false,false,LEAVE UNCHANGED,Normally single-line value (amount/date/name/address/code field).,false,,Low — no mask recommended.,LEAVE UNCHANGED,lines=1; cap=1; underlineDerived=false
15,Residential Lease Listing,71aca245-1ffe-4306-8f1a-735315e8e296,LEASE_LISTING_CONCERNING,Lease Listing Concerning,0e3b2bd9-7e54-434a-a748-c7b69fcadc58,10,200,32,320,14,9,false,false,false,false,LEAVE UNCHANGED,Appears to be a normal single-line value placement.,false,,Low — no mask recommended.,LEAVE UNCHANGED,lines=0; cap=1; underlineDerived=false
38,FARM AND RANCH REAL ESTATE LISTING AGREEMENT - EXCLUSIVE RIGHT TO SELL,490688cc-30ee-4e01-ae8c-d44cd2257111,txr_1201_res_mineral_leases_held_by_others,TXR-1201 Reservations mineral_leases Held by Others,0e527e4c-a4e8-4da2-8be0-4823ad0294e5,2,144.4,386.1,196.6,24,9,false,false,false,false,LEAVE UNCHANGED,Normally single-line value (amount/date/name/address/code field).,false,,Low — no mask recommended.,LEAVE UNCHANGED,lines=0; cap=2; underlineDerived=false
34,AMENDMENT TO FARM AND RANCH LISTING - EXCLUSIVE RIGHT TO SELL,3c926f66-7317-4938-b7c9-8af764facb7d,brokerage_license_number,Brokerage License Number,0e6d4cde-f4d3-4bf6-a95f-dac66ec44739,1,235.74,604.04,76.34,14.11,9,false,false,false,false,LEAVE UNCHANGED,Normally single-line value (amount/date/name/address/code field).,false,,Low — no mask recommended.,LEAVE UNCHANGED,lines=0; cap=1; underlineDerived=false
26,Disclosure of Relationship with Contract Provider,0b7c4652-d352-4618-8ae9-eab3b0ad7848,txr_2513_listing_broker_name,Listing Broker's Name,0eb8821c-3e41-44b7-bead-ea81f4fd1fa5,1,321,548,170,14,9,false,false,false,false,LEAVE UNCHANGED,Normally single-line value (amount/date/name/address/code field).,false,,Low — no mask recommended.,LEAVE UNCHANGED,lines=0; cap=1; underlineDerived=false
16,Amendment to Lease Listing,069bf0c6-4233-48e5-b506-4eea5b0d72be,lease_listing_amend_max_lease_months,Lease Listing Amend Max Lease Months,0ee2ec89-814c-4271-8653-a9646c4761c8,1,435.36,252.45,41.04,15.39,9,false,false,false,false,LEAVE UNCHANGED,Normally single-line value (amount/date/name/address/code field).,false,,Low — no mask recommended.,LEAVE UNCHANGED,lines=0; cap=1; underlineDerived=false
49,TERMINATION OF BUYER/TENANT REPRESENTATION AGREEMENT,c069697f-eb53-4a28-831d-5821d78627e0,txr_1503_fee_other_text,TXR-1503 Fee Other Text,0ef3a6d7-9ee3-47de-af10-11430d4f1412,1,86,390,497.6,26.8,9,false,false,false,false,LEAVE UNCHANGED,Normally single-line value (amount/date/name/address/code field).,false,,Low — no mask recommended.,LEAVE UNCHANGED,lines=0; cap=2; underlineDerived=false
48,SELLER'S TEMPORARY RESIDENTIAL LEASE,078fc760-db19-43ba-a1d9-7a1f88a98408,txr_1910_daily_rent,TXR-1910 Daily Rent,0ef4f22d-539e-452a-8a3d-b6239d475309,1,308.5,198.4,63,14,9,false,false,false,false,LEAVE UNCHANGED,Normally single-line value (amount/date/name/address/code field).,false,,Low — no mask recommended.,LEAVE UNCHANGED,lines=0; cap=1; underlineDerived=true
51,Itemization of Security Deposit,08140984-a7c9-424c-869e-fb1db8a61a2f,txr_2216_reletting_amount,TXR-2216 Reletting Costs Amount,0f155908-a450-4520-a51e-445c08939eb9,1,474.5,583.5,101.5,14,9,false,false,false,false,LEAVE UNCHANGED,Normally single-line value (amount/date/name/address/code field).,false,,Low — no mask recommended.,LEAVE UNCHANGED,lines=0; cap=1; underlineDerived=true
25,Condominium Resale Certificate,841048b7-c7fa-4761-8002-8865f1f0dce7,condo_resale_certifying_officer_title,Certifying Officer Title,0f7f34c1-91e6-4063-b4a6-c10e3275ec2e,2,82,496,348,14,9,false,false,false,false,LEAVE UNCHANGED,Normally single-line value (amount/date/name/address/code field).,false,,Low — no mask recommended.,LEAVE UNCHANGED,lines=0; cap=1; underlineDerived=false
5,TILA-RESPA,9960397d-e090-4299-be85-fb3af57d5e25,BROKERAGE_CITY_STATE_ZIP,"Brokerage City, State, Zip",0f823f41-a677-48ba-99dd-2e012e73c947,1,133.32,326.43,352,14,9,false,false,false,false,LEAVE UNCHANGED,Normally single-line value (amount/date/name/address/code field).,false,,Low — no mask recommended.,LEAVE UNCHANGED,lines=0; cap=1; underlineDerived=false
48,SELLER'S TEMPORARY RESIDENTIAL LEASE,446bd8e9-782e-411b-8951-09fe79503fc4,txr_1910_tenant_email,TXR-1910 Tenant Notice Email,0f87e19a-a4ae-4a14-9fdb-09de0e61f780,2,371.8,543.6,202,14,9,false,false,false,false,LEAVE UNCHANGED,Normally single-line value (amount/date/name/address/code field).,false,,Low — no mask recommended.,LEAVE UNCHANGED,lines=0; cap=1; underlineDerived=true
37,FARM AND RANCH CONTRACT,5278eb4f-81c5-4516-9a1e-dc2fe9b3694a,CONTRACT_SELLER_ASSOCIATE_PHONE,Seller Associate Phone,0fbb6677-4f1d-4499-aa56-0b7695a8bf67,11,156.8,242.64,100,12,9,false,false,false,false,LEAVE UNCHANGED,Normally single-line value (amount/date/name/address/code field).,false,,Low — no mask recommended.,LEAVE UNCHANGED,lines=1; cap=1; underlineDerived=false
37,FARM AND RANCH CONTRACT,2512bfe5-42fa-4f17-b52c-b6cb65abf9ed,contract_title_company_name,Title Company Name,0fc9c80c-188e-4ab1-a1d0-699c0f2675c3,2,270.38,621.09,165,12,9,false,false,false,false,LEAVE UNCHANGED,Normally single-line value (amount/date/name/address/code field).,false,,Low — no mask recommended.,LEAVE UNCHANGED,lines=0; cap=1; underlineDerived=false
37,FARM AND RANCH CONTRACT,f13acc7d-8874-4802-b523-8a8439537a7c,contract_intermediary_seller_associate_license_number,Intermediary Seller Associate License Number,1029c099-b5dc-4a57-9481-c3edfec236a6,11,412.44,481.61,100,12,9,false,false,false,false,LEAVE UNCHANGED,Normally single-line value (amount/date/name/address/code field).,false,,Low — no mask recommended.,LEAVE UNCHANGED,lines=2; cap=1; underlineDerived=false
37,FARM AND RANCH CONTRACT,91da9194-9c59-4d67-a796-33959c7f1515,contract_seller_team_name,Seller Team Name,10907e1a-6939-47e7-83b3-c3c7d0c6acca,11,115.77,216.07,180,12,9,false,false,false,false,LEAVE UNCHANGED,Normally single-line value (amount/date/name/address/code field).,false,,Low — no mask recommended.,LEAVE UNCHANGED,lines=1; cap=1; underlineDerived=false
37,FARM AND RANCH CONTRACT,c6f2b888-685b-4868-b1fd-1eac8c4aa0f5,CONTRACT_BUYER_AGENT_NOTICE_EMAIL,Buyer Agent Notice Email,10f1cfd7-acde-4f28-ad2d-e0ff21969166,8,72,735,190,12,9,false,false,false,false,LEAVE UNCHANGED,Normally single-line value (amount/date/name/address/code field).,false,,Low — no mask recommended.,LEAVE UNCHANGED,lines=1; cap=1; underlineDerived=false
11,One to Four Residential,f44a3aca-5e54-444a-9b42-cb0266ce2aae,contract_survey_option_2_days,Survey Option 2 Days,114d9460-f9bf-4c0b-b190-615a33f10237,3,126.2,155.4,42.4,9.6,9,false,false,false,false,LEAVE UNCHANGED,Appears to be a normal single-line value placement.,false,,Low — no mask recommended.,LEAVE UNCHANGED,lines=1; cap=1; underlineDerived=false
38,FARM AND RANCH REAL ESTATE LISTING AGREEMENT - EXCLUSIVE RIGHT TO SELL,731ea151-77d8-429a-9ca7-99d7d318f37c,LISTING_AGREEMENT_CONCERNING,Listing Agreement Concerning,12137c1c-0bf7-4b8f-882b-77ff7281398b,10,180.6,26.2,395.5,14,9,false,false,false,false,LEAVE UNCHANGED,Normally single-line value (amount/date/name/address/code field).,false,,Low — no mask recommended.,LEAVE UNCHANGED,lines=0; cap=1; underlineDerived=false
18,Residential Lease,78306b90-53e3-4712-bb9d-f39c84440f73,txr_2001_addendum_custom_3_text,Custom addendum left,1272c0b3-a72c-46f5-bcd1-1c6ccca7f71d,14,75.6,169.64,215.97,10.77,9,false,true,false,false,REVIEW REQUIRED,Narrative purpose but current height is ~1 line — dimension increase may be needed to cover the printed writing area.,true,Height 10.77pt ≈ 1 line(s). Expand only after confirming intended lined region on the PDF.,Enlarging may approach amount columns or following rows — review carefully.,REVIEW REQUIRED,lines=0; cap=1; underlineDerived=false
25,Condominium Resale Certificate,52b90a1f-0342-4559-b43e-02395b2a421e,condo_resale_transfer_fee_paid_to_2,Transfer Fee Paid To 2,12feb7b1-e16b-48a5-ac00-9c6d3e21ee9d,2,221,180,152,14,9,false,false,false,false,LEAVE UNCHANGED,Normally single-line value (amount/date/name/address/code field).,false,,Low — no mask recommended.,LEAVE UNCHANGED,lines=0; cap=1; underlineDerived=false
42,NOTICE OF LANDLORD'S INTENT NOT TO RENEW,bfbd474d-1780-4944-998e-62a4b2343797,txr_2217_delivery_hand_by,TXR-2217 Delivery Hand Delivered By,1302a5fd-7f89-45db-abee-860e82fd989b,1,67.8,670.7,508.2,14,9,false,false,false,false,LEAVE UNCHANGED,Normally single-line value (amount/date/name/address/code field).,false,,Low — no mask recommended.,LEAVE UNCHANGED,lines=0; cap=1; underlineDerived=false
15,Residential Lease Listing,36688331-3eca-4c40-b8ac-62eef3ceed6a,lease_listing_exclusions,Lease Listing Exclusions,130d7b31-6f48-4d03-8186-3ed4d6add9f7,1,304.2,523.79,281.12,28.21,9,false,true,false,false,MEDIUM CONFIDENCE,Narrative field with ~2-line capacity; mask not recommended without line evidence.,false,,Low — no mask recommended.,MEDIUM CONFIDENCE,lines=0; cap=2; underlineDerived=false
37,FARM AND RANCH CONTRACT,c8d807ad-10bf-4408-aeca-82c3591f7fc3,contract_seller_contribution_percent,Seller Contribution Percent,138ee4b2-755a-4bdb-9176-00350c029e29,7,407,230,45,12,9,false,false,false,false,LEAVE UNCHANGED,Normally single-line value (amount/date/name/address/code field).,false,,Low — no mask recommended.,LEAVE UNCHANGED,lines=0; cap=1; underlineDerived=false
26,Disclosure of Relationship with Contract Provider,e063d086-73ec-48cd-b648-cfe17bec935d,txr_2513_other_broker_license_number,Other Broker License Number,13bcec1d-7cd7-4b1e-b85f-60732fc270f2,1,238,548,70,14,9,false,false,false,false,LEAVE UNCHANGED,Normally single-line value (amount/date/name/address/code field).,false,,Low — no mask recommended.,LEAVE UNCHANGED,lines=0; cap=1; underlineDerived=false
1,Buyer Rep Agreement,c0911683-c75a-43ac-a6d3-071e2a6baf5a,BUYER_2_PHONE,Buyer 2 Phone,13e5f870-f31c-4a60-8559-d171088626a4,1,334.55,218.76,238.64,13.47,10,false,false,false,false,LEAVE UNCHANGED,Normally single-line value (amount/date/name/address/code field).,false,,Low — no mask recommended.,LEAVE UNCHANGED,lines=0; cap=1; underlineDerived=false
47,RESIDENTIAL LEASING AND PROPERTY MANAGEMENT AGREEMENT,f985cc93-b3c3-4b59-afda-aedb82d98ef6,txr_2201_insurance_fail_fee_amount,Insurance Failure Fee Amount,1461db03-eda5-4856-8efc-a13bc67648ac,2,520.8,569.3,55.3,14,9,false,false,false,false,LEAVE UNCHANGED,Normally single-line value (amount/date/name/address/code field).,false,,Low — no mask recommended.,LEAVE UNCHANGED,lines=0; cap=1; underlineDerived=false
17,Third Party Financing Addendum,c49d99bf-27bf-48f3-adb5-63e87af1acc5,txr_1901_estimate_for_the_loan_not_to_exceed,Estimate For The Loan Not To Exceed,148b9db2-9698-40f3-b5c5-7f97793f62f6,1,513.55,515.22,29.22,11.04,9,false,false,false,false,LEAVE UNCHANGED,Appears to be a normal single-line value placement.,false,,Low — no mask recommended.,LEAVE UNCHANGED,lines=0; cap=1; underlineDerived=false
11,One to Four Residential,b53d1d91-9ee7-48dc-b755-b476e4b38006,contract_intermediary_seller_supervisor_name,Intermediary Seller Supervisor Name,150d4cf3-dd53-49d6-99ce-772738f912cc,11,230.63,581.7,240,14,9,false,false,false,false,LEAVE UNCHANGED,Normally single-line value (amount/date/name/address/code field).,false,,Low — no mask recommended.,LEAVE UNCHANGED,lines=1; cap=1; underlineDerived=false
38,FARM AND RANCH REAL ESTATE LISTING AGREEMENT - EXCLUSIVE RIGHT TO SELL,6e21158b-ffce-47b7-b45f-bb02c17021e3,brokerage_email,Brokerage Email,15264c08-4ca5-4c91-a113-90da109f4946,1,127,307,233.1,14,9,false,false,false,false,LEAVE UNCHANGED,Normally single-line value (amount/date/name/address/code field).,false,,Low — no mask recommended.,LEAVE UNCHANGED,lines=0; cap=1; underlineDerived=false
38,FARM AND RANCH REAL ESTATE LISTING AGREEMENT - EXCLUSIVE RIGHT TO SELL,83a2e473-13f5-4bf9-89fe-2120b591b857,AGENT_LICENSE_NUMBER,Agent License Number,15bbcc5d-1ad5-49f9-aa6f-f7a4e67fc2be,12,227,648.1,61,14,9,false,false,false,false,LEAVE UNCHANGED,Normally single-line value (amount/date/name/address/code field).,false,,Low — no mask recommended.,LEAVE UNCHANGED,lines=0; cap=1; underlineDerived=false
51,Itemization of Security Deposit,2b103fac-7501-437b-b42f-e6955a5a1b05,txr_2216_tenant_names,TXR-2216 Tenant Name(s),167bcb6f-8540-441f-b12f-48803bc5d992,1,53,123,523,28.5,9,false,false,false,false,LEAVE UNCHANGED,Normally single-line value (amount/date/name/address/code field).,false,,Low — no mask recommended.,LEAVE UNCHANGED,lines=0; cap=2; underlineDerived=true
25,Condominium Resale Certificate,5eb4a204-d12f-4570-9af2-74262cfb1e32,condo_resale_transfer_fee_description_2,Transfer Fee Description 2,16cbc4b0-cb4f-4e9a-b543-46da9569bb1d,2,70,180,138,14,9,false,true,false,false,REVIEW REQUIRED,Narrative purpose but current height is ~1 line — dimension increase may be needed to cover the printed writing area.,true,Height 14pt ≈ 1 line(s). Expand only after confirming intended lined region on the PDF.,Enlarging may approach amount columns or following rows — review carefully.,REVIEW REQUIRED,lines=0; cap=1; underlineDerived=false
7,Listing Agreement,a4c5b6b6-10bb-4217-8de2-d72c3048cf85,PROPERTY_LOT,Property Lot,17672a15-72c8-41c9-a8d4-374c2dd101a2,1,124.2,382.23,115.42,13.85,9,false,false,false,false,LEAVE UNCHANGED,Normally single-line value (amount/date/name/address/code field).,false,,Low — no mask recommended.,LEAVE UNCHANGED,lines=0; cap=1; underlineDerived=false
37,FARM AND RANCH CONTRACT,6bc4bd1f-f4f8-4a39-af7a-4fc077cbb8a4,txr_1701_broker_comp_b_percent,TXR-1701 P11 (b) Buyer's Broker Percent,177053fe-d3c8-42c3-b303-ad3246763f73,11,52.05,617.49,34.37,14.88,9,false,true,false,false,REVIEW REQUIRED,Narrative purpose but current height is ~1 line — dimension increase may be needed to cover the printed writing area.,true,Height 14.88pt ≈ 1 line(s). Expand only after confirming intended lined region on the PDF.,Enlarging may approach amount columns or following rows — review carefully.,REVIEW REQUIRED,lines=1; cap=1; underlineDerived=false
38,FARM AND RANCH REAL ESTATE LISTING AGREEMENT - EXCLUSIVE RIGHT TO SELL,731ea151-77d8-429a-9ca7-99d7d318f37c,LISTING_AGREEMENT_CONCERNING,Listing Agreement Concerning,178fcabf-86f4-4001-8c4f-b8aca07cb307,3,180.6,26.2,395.5,14,9,false,false,false,false,LEAVE UNCHANGED,Normally single-line value (amount/date/name/address/code field).,false,,Low — no mask recommended.,LEAVE UNCHANGED,lines=0; cap=1; underlineDerived=false
20,Residential Condominium Contract (Resale),5278eb4f-81c5-4516-9a1e-dc2fe9b3694a,CONTRACT_SELLER_ASSOCIATE_PHONE,Seller Associate Phone,17b5b33d-cdee-422a-85f5-9edbc95388b0,9,167.3,221.2,144.5,14,,false,false,false,false,LEAVE UNCHANGED,Normally single-line value (amount/date/name/address/code field).,false,,Low — no mask recommended.,LEAVE UNCHANGED,lines=1; cap=1; underlineDerived=false
37,FARM AND RANCH CONTRACT,3698d278-52b8-4039-8345-f766f81ed826,CONTRACT_INTERMEDIARY_BUYER_ASSOCIATE_NAME,Intermediary Buyer Associate Name,17dbb06c-505a-4bef-99b8-058a5fb8d0c0,11,193.47,518.64,180,12,9,false,false,false,false,LEAVE UNCHANGED,Normally single-line value (amount/date/name/address/code field).,false,,Low — no mask recommended.,LEAVE UNCHANGED,lines=1; cap=1; underlineDerived=false
18,Residential Lease,eaa26d6c-02c6-4888-bc65-737c2a02bbcd,txr_2001_monthly_base_rent,Monthly rent amount,182b7765-d734-4039-a090-75782cdd2e2e,1,276.64,535.13,70.57,15.4,9,false,false,false,false,LEAVE UNCHANGED,Normally single-line value (amount/date/name/address/code field).,false,,Low — no mask recommended.,LEAVE UNCHANGED,lines=0; cap=1; underlineDerived=false
37,FARM AND RANCH CONTRACT,498c7f0c-0fc7-4565-a782-bb95e288c4a1,CONTRACT_BUYER_SUPERVISOR_LICENSE_NUMBER,Buyer Supervisor License Number,187e2059-673a-4f18-96be-911ac7b8718c,11,413.47,371.25,100,12,9,false,false,false,false,LEAVE UNCHANGED,Normally single-line value (amount/date/name/address/code field).,false,,Low — no mask recommended.,LEAVE UNCHANGED,lines=2; cap=1; underlineDerived=false
11,One to Four Residential,35dd64ff-1f22-4b93-afb0-779465316a13,contract_title_objection_use_activity,Title Objection Use Activity,1880f79e-5d1c-46d2-81ad-2df3c10371b4,3,122,255.6,424,16,9,false,false,false,false,LEAVE UNCHANGED,Normally single-line value (amount/date/name/address/code field).,false,,Low — no mask recommended.,LEAVE UNCHANGED,lines=1; cap=1; underlineDerived=false
35,ANIMAL AGREEMENT,9aae5441-c593-404e-93e3-352b251e6e66,txr_2004_animal_3_weight,TXR-2004 Animal 3 Weight,1942737a-b259-4b35-85c5-5551cf0cd65d,1,225.66,473.64,70,14,9,false,false,false,false,LEAVE UNCHANGED,Normally single-line value (amount/date/name/address/code field).,false,,Low — no mask recommended.,LEAVE UNCHANGED,lines=0; cap=1; underlineDerived=false
16,Amendment to Lease Listing,10069f14-bf10-410f-bbe9-cf1031011bdc,lease_listing_amend_cease_marketing_date,Lease Listing Amend Cease Marketing Date,1942ed2f-ff16-4666-b55d-3cecfc040b02,1,372.82,456.9,76.44,14.88,9,false,false,false,false,LEAVE UNCHANGED,Normally single-line value (amount/date/name/address/code field).,false,,Low — no mask recommended.,LEAVE UNCHANGED,lines=0; cap=1; underlineDerived=false
38,FARM AND RANCH REAL ESTATE LISTING AGREEMENT - EXCLUSIVE RIGHT TO SELL,fca33d6f-269d-4081-9d54-2c7e56783542,listing_compensation_other,Listing Compensation Other,195e658e-bd8c-4260-abf5-42ab9f8c9ac1,3,121.5,369.9,454.6,14,9,false,false,false,false,LEAVE UNCHANGED,Normally single-line value (amount/date/name/address/code field).,false,,Low — no mask recommended.,LEAVE UNCHANGED,lines=0; cap=1; underlineDerived=false
38,FARM AND RANCH REAL ESTATE LISTING AGREEMENT - EXCLUSIVE RIGHT TO SELL,4861d3dd-ad35-4a65-827b-a6266486f7da,LISTING_EXCLUSIONS,Listing Exclusions,19b4401c-0c56-4bc0-ac02-ecb3259f0faa,2,72,279.5,504.1,40,9,false,true,false,false,MEDIUM CONFIDENCE,Tall narrative box (~3 lines) without conclusive line geometry; multiline recommended; mask only after visual confirm of printed lines.,false,,Low — no mask recommended.,MEDIUM CONFIDENCE,lines=0; cap=3; underlineDerived=false
1,Buyer Rep Agreement,b6016774-fbdd-4acc-8371-5c5bcbaa64fe,buyer_client_name_2,Buyer/Client Name 2,19f6ca2c-08ea-463f-8dc0-b2fc5f49d889,1,106.61,181.11,460.67,13.34,10,false,false,false,false,LEAVE UNCHANGED,Normally single-line value (amount/date/name/address/code field).,false,,Low — no mask recommended.,LEAVE UNCHANGED,lines=0; cap=1; underlineDerived=false
38,FARM AND RANCH REAL ESTATE LISTING AGREEMENT - EXCLUSIVE RIGHT TO SELL,eae3e1d9-d813-41a9-92c8-16aff45395a3,txr_1201_property_condition_exceptions,TXR-1201 Property Condition Exceptions,1a484e0d-693f-476c-bc28-a0afd7ea7faa,11,175.9,443.5,400.2,28,9,false,true,false,false,MEDIUM CONFIDENCE,Narrative field with ~2-line capacity; mask not recommended without line evidence.,false,,Low — no mask recommended.,MEDIUM CONFIDENCE,lines=0; cap=2; underlineDerived=false
47,RESIDENTIAL LEASING AND PROPERTY MANAGEMENT AGREEMENT,6427cd73-8d56-4112-9d18-ee3c45d947a5,BROKERAGE_NAME,Brokerage Name,1aa3fdbb-af38-49af-a1c3-5ab40d6066ea,1,118,334.8,457,14,9,false,false,false,false,LEAVE UNCHANGED,Normally single-line value (amount/date/name/address/code field).,false,,Low — no mask recommended.,LEAVE UNCHANGED,lines=0; cap=1; underlineDerived=false
37,FARM AND RANCH CONTRACT,d3496ab1-31c6-44c4-b722-d0f39a96fcda,contract_intermediary_buyer_team_name,Intermediary Buyer Team Name,1aa80417-7b17-49d7-9a11-5612772841f9,11,123.98,530.64,180,12,9,false,false,false,false,LEAVE UNCHANGED,Normally single-line value (amount/date/name/address/code field).,false,,Low — no mask recommended.,LEAVE UNCHANGED,lines=1; cap=1; underlineDerived=false
14,Amendment to Contract,b4c86606-2b13-4516-8869-20d3d721b811,contract_amend_seller_pay_amount,Amendment Seller Pay Amount,1ab4a98c-3a67-430c-8971-d39745185583,1,318.75,297.94,60.94,14.75,9,false,false,false,false,LEAVE UNCHANGED,Normally single-line value (amount/date/name/address/code field).,false,,Low — no mask recommended.,LEAVE UNCHANGED,lines=0; cap=1; underlineDerived=false
20,Residential Condominium Contract (Resale),80c114e9-d1d9-4277-bb01-239f0437afa8,contract_effective_date,Contract Effective Date,1ac72de1-ce49-440c-924d-5f6502cfb647,8,214.3,285.4,195,14,,false,false,false,false,LEAVE UNCHANGED,Normally single-line value (amount/date/name/address/code field).,false,,Low — no mask recommended.,LEAVE UNCHANGED,lines=1; cap=1; underlineDerived=false
15,Residential Lease Listing,9a7a6dd1-1e46-472e-8894-59563565431d,lease_pool_other_text,Lease Pool Other Text,1b13af19-7c6c-4b77-b90f-067e114342b9,10,141.07,208.82,444.25,12.82,9,false,false,false,false,LEAVE UNCHANGED,Appears to be a normal single-line value placement.,false,,Low — no mask recommended.,LEAVE UNCHANGED,lines=0; cap=1; underlineDerived=false
38,FARM AND RANCH REAL ESTATE LISTING AGREEMENT - EXCLUSIVE RIGHT TO SELL,ed020c0e-064b-4c0f-b6dc-6209a5d38eab,buyer_broker_comp_flat_fee,Buyer Broker Compensation Flat Fee,1b22417a-2042-46fe-af9d-2b7d95a8d465,3,306,447,54,14,9,false,false,false,false,LEAVE UNCHANGED,Normally single-line value (amount/date/name/address/code field).,false,,Low — no mask recommended.,LEAVE UNCHANGED,lines=0; cap=1; underlineDerived=false
40,NON-REALTY ITEMS ADDENDUM,8fe9855c-7c39-4a7f-b47a-aa77985d2aa6,txr_1924_additional_sum,TXR-1924 Additional Sum,1b2b6c27-6422-4655-b3c7-fa6e0a7faaf3,1,196.7,171.6,96.2,14,9,false,false,false,false,LEAVE UNCHANGED,Normally single-line value (amount/date/name/address/code field).,false,,Low — no mask recommended.,LEAVE UNCHANGED,lines=0; cap=1; underlineDerived=false
15,Residential Lease Listing,f2f85785-47a0-4ff2-a86b-80b3eaba5238,landlord_city_state_zip,Landlord City State Zip,1b2f5523-bb2d-4c3e-ba17-de93ecd5e064,1,151.03,187.73,345,14,9,false,false,false,false,LEAVE UNCHANGED,Normally single-line value (amount/date/name/address/code field).,false,,Low — no mask recommended.,LEAVE UNCHANGED,lines=0; cap=1; underlineDerived=false
20,Residential Condominium Contract (Resale),f63d04bc-4e6b-44fe-8990-f93a07e3c219,contract_buyer_contribution_amount,Buyer Contribution Amount,1b32a8eb-1060-462b-a089-52109eebc99b,6,311,50.9,68,14,,false,false,false,false,LEAVE UNCHANGED,Normally single-line value (amount/date/name/address/code field).,false,,Low — no mask recommended.,LEAVE UNCHANGED,lines=0; cap=1; underlineDerived=false
20,Residential Condominium Contract (Resale),dd891458-968f-4ad3-8fb6-d090e0e815c5,contract_buyer_agent_notice_address,Buyer Agent Notice Address,1b3c4043-6332-4d77-b823-6a83b0f53f48,7,106.7,274.3,185,14,,false,false,false,false,LEAVE UNCHANGED,Normally single-line value (amount/date/name/address/code field).,false,,Low — no mask recommended.,LEAVE UNCHANGED,lines=1; cap=1; underlineDerived=false
25,Condominium Resale Certificate,80773028-cbac-4929-8ff0-f196595293a7,contract_condo_project_name,Condominium Project Name,1b4798c9-80e0-448f-9263-10e746ea1e7c,1,52,116,200,12,9,false,false,false,false,LEAVE UNCHANGED,Normally single-line value (amount/date/name/address/code field).,false,,Low — no mask recommended.,LEAVE UNCHANGED,lines=0; cap=1; underlineDerived=false
37,FARM AND RANCH CONTRACT,6f6712af-958e-4c73-99d3-c2b0979287fb,txr_1701_survey_adjustment_base_acres,Survey Adjustment Base Acres,1b9f2361-2f2b-432e-b4ad-ee4ef5b47118,1,67.96,604.89,46.19,14.11,9,false,false,false,false,LEAVE UNCHANGED,Normally single-line value (amount/date/name/address/code field).,false,,Low — no mask recommended.,LEAVE UNCHANGED,lines=0; cap=1; underlineDerived=false
20,Residential Condominium Contract (Resale),80b5f2fc-5fee-4bf3-86a4-008edb45b10a,contract_condo_parking_assigned,Assigned Parking Areas,1bc6759c-5a74-435b-bed5-aced2138ac0c,1,101.29,240.14,450.34,14.11,,false,false,false,false,LEAVE UNCHANGED,Normally single-line value (amount/date/name/address/code field).,false,,Low — no mask recommended.,LEAVE UNCHANGED,lines=2; cap=1; underlineDerived=false
50,TERMINATION OF LISTING,3c926f66-7317-4938-b7c9-8af764facb7d,brokerage_license_number,Brokerage License Number,1bdd085f-65c4-40ba-bab7-deba3e10a0a5,1,240.5,636.4,47,14,9,false,false,false,false,LEAVE UNCHANGED,Normally single-line value (amount/date/name/address/code field).,false,,Low — no mask recommended.,LEAVE UNCHANGED,lines=0; cap=1; underlineDerived=false
37,FARM AND RANCH CONTRACT,0324609d-de53-4751-b30f-c391c95e26c0,TXR_1701_EXCEPTION_DOC,Exception Document,1c523fd3-643d-43aa-8ec1-8d3e0ec94808,3,74.09,607.51,218.11,31.43,10,false,true,false,true,MEDIUM CONFIDENCE,Narrative placement with writing-line evidence; enable multiline and mask after quick visual confirm.,false,,Confirm mask does not cover row labels or amount boxes beside the description.,MEDIUM CONFIDENCE,lines=2; cap=2; underlineDerived=false
18,Residential Lease,f7242a47-6eb1-4a69-a5c0-9ad91fb9898d,txr_2001_landlord_broker_name,Landlord broker name,1cc8bd96-2f7f-4cb1-a731-8b49d00c0511,15,163,616,408,16,9,false,false,false,false,LEAVE UNCHANGED,Normally single-line value (amount/date/name/address/code field).,false,,Low — no mask recommended.,LEAVE UNCHANGED,lines=0; cap=1; underlineDerived=false
17,Third Party Financing Addendum,593c1d61-077c-4c9a-88a1-8bd52cbe4675,txr_1901_years_with_interest_not_to_exceed,Years With Interest Not To Exceed,1cf278b0-f327-468e-aaed-b45e42c50dc0,1,374.23,238.59,101.82,11.16,9,false,false,false,false,LEAVE UNCHANGED,Appears to be a normal single-line value placement.,false,,Low — no mask recommended.,LEAVE UNCHANGED,lines=0; cap=1; underlineDerived=false
37,FARM AND RANCH CONTRACT,9e2d6525-3f8c-46db-a306-49e7ac5c7051,PROPERTY_FULL_ADDRESS,Property Full Address,1d0c45c7-5927-41dd-b117-ec2f1c7de95d,4,123.13,26.53,316.26,12.19,9,false,false,false,false,LEAVE UNCHANGED,Normally single-line value (amount/date/name/address/code field).,false,,Low — no mask recommended.,LEAVE UNCHANGED,lines=1; cap=1; underlineDerived=false
11,One to Four Residential,a68f94bb-1c06-4b40-b54f-9889c945e80f,property_concerning_full_address,Contract Concerning Property Address,1d0e2b32-acd3-4b64-a4c7-510e25cf8a71,10,145,31,320,14,9,false,false,false,false,LEAVE UNCHANGED,Normally single-line value (amount/date/name/address/code field).,false,,Low — no mask recommended.,LEAVE UNCHANGED,lines=1; cap=1; underlineDerived=false
18,Residential Lease,c4bcc0b5-6929-4504-acc4-3fbc88acbf48,txr_2001_security_deposit_amount,Security deposit amount,1dae2c39-aa38-47ac-b8a1-546d25857773,1,203.36,643.98,78,16,9,false,false,false,false,LEAVE UNCHANGED,Normally single-line value (amount/date/name/address/code field).,false,,Low — no mask recommended.,LEAVE UNCHANGED,lines=0; cap=1; underlineDerived=false
20,Residential Condominium Contract (Resale),84ab49ce-a340-447a-93f9-cc2abf9b5d57,CONTRACT_BUYER_AGENT_NOTICE_PHONE,Buyer Agent Notice Phone,1ddd996f-ccd2-4b4c-8837-152687c42fc9,7,97.4,302.2,194.3,14,,false,false,false,false,LEAVE UNCHANGED,Normally single-line value (amount/date/name/address/code field).,false,,Low — no mask recommended.,LEAVE UNCHANGED,lines=1; cap=1; underlineDerived=false
1,Buyer Rep Agreement,a6b37bcb-beb9-4a56-b8f3-5ca5d2aff68a,buyer_rep_purchase_flat_fee,Purchase Flat Fee,1e298f77-9df5-4b18-a317-adcd692b001e,2,408.42,216.75,86.6,13.47,10,false,false,false,false,LEAVE UNCHANGED,Normally single-line value (amount/date/name/address/code field).,false,,Low — no mask recommended.,LEAVE UNCHANGED,lines=0; cap=1; underlineDerived=false
30,ADDENDUM FOR SALE OF OTHER PROPERTY BY BUYER,632ab6dc-bdf5-4005-a2fc-762177129c92,txr_1908_contingency_date,TXR-1908 Contingency Date,1e3413ea-a9c8-4f83-91c9-2fc0d6605672,1,177.36,234,150,14,9,false,false,false,false,LEAVE UNCHANGED,Normally single-line value (amount/date/name/address/code field).,false,,Low — no mask recommended.,LEAVE UNCHANGED,lines=0; cap=1; underlineDerived=false
14,Amendment to Contract,ab746159-93bc-4823-89c0-b9812a9d8898,contract_amend_additional_option_fee,Amendment Additional Option Fee,1e44fdb6-3e5d-407b-b3a9-1468099d4f25,1,334.9,348.94,80,14,9,false,false,false,false,LEAVE UNCHANGED,Normally single-line value (amount/date/name/address/code field).,false,,Low — no mask recommended.,LEAVE UNCHANGED,lines=1; cap=1; underlineDerived=false
33,AMENDMENT TO BUYER/TENANT REPRESENTATION AGREEMENT,decd1bfd-f640-4e18-87bc-436fcb26b9b2,txr_1505_amendment_effective_date,TXR-1505 Amendment Effective Date,1e67098d-9603-4e09-997a-cb3b438a79a9,1,85,150,120,14,9,false,false,false,false,LEAVE UNCHANGED,Normally single-line value (amount/date/name/address/code field).,false,,Low — no mask recommended.,LEAVE UNCHANGED,lines=0; cap=1; underlineDerived=false
20,Residential Condominium Contract (Resale),2512bfe5-42fa-4f17-b52c-b6cb65abf9ed,contract_title_company_name,Title Company Name,1e7dfa04-535f-45eb-99ec-67af788ca6db,2,273,582.2,198,14,,false,false,false,false,LEAVE UNCHANGED,Normally single-line value (amount/date/name/address/code field).,false,,Low — no mask recommended.,LEAVE UNCHANGED,lines=1; cap=1; underlineDerived=false
16,Amendment to Lease Listing,4b805415-cc8c-4441-b7b3-2717d28cfba8,lease_listing_amend_other_broker_one_month_percent,Lease Listing Amend Other Broker One Month Percent,1edf573f-700d-4565-849e-2e5ca3fde945,1,88.84,399.69,55,14,9,false,false,false,false,LEAVE UNCHANGED,Normally single-line value (amount/date/name/address/code field).,false,,Low — no mask recommended.,LEAVE UNCHANGED,lines=0; cap=1; underlineDerived=false
20,Residential Condominium Contract (Resale),935d93e7-ae26-4ea6-a9cb-226ddc23170f,contract_buyer_team_name,Buyer Team Name,1f11eb25-f096-4439-ab4e-6f7cda19d515,9,122.8,336.8,240,14,,false,false,false,false,LEAVE UNCHANGED,Normally single-line value (amount/date/name/address/code field).,false,,Low — no mask recommended.,LEAVE UNCHANGED,lines=1; cap=1; underlineDerived=false
15,Residential Lease Listing,15014dca-295e-4b8d-a87c-f76d8972cfa4,lease_vehicle_count,Lease Vehicle Count,1f6821a1-eab9-437f-b2b4-b9df8eecbe57,10,331.17,73.97,60,14,9,false,false,false,false,LEAVE UNCHANGED,Appears to be a normal single-line value placement.,false,,Low — no mask recommended.,LEAVE UNCHANGED,lines=0; cap=1; underlineDerived=false
28,ADDENDUM CONCERNING RIGHT TO TERMINATE DUE TO LENDER'S APPRAISAL,ec4241cd-30d6-4e77-a8db-60f1d8ffd27c,txr_1948_partial_waiver_opinion_value,TXR-1948 Partial Waiver Opinion of Value Threshold,1f7c4340-a91a-4232-aecb-6dd916308df7,1,230,380,102,14,9,false,true,false,false,REVIEW REQUIRED,Narrative purpose but current height is ~1 line — dimension increase may be needed to cover the printed writing area.,true,Height 14pt ≈ 1 line(s). Expand only after confirming intended lined region on the PDF.,Enlarging may approach amount columns or following rows — review carefully.,REVIEW REQUIRED,lines=0; cap=1; underlineDerived=false
37,FARM AND RANCH CONTRACT,9b1476c9-c080-4cba-ba90-083ffac3acc9,CONTRACT_SELLER_BROKERAGE_ADDRESS,Seller Brokerage Address,1f7ff1be-d139-42ee-8b8a-cb153b7e642c,11,90.38,174.47,360,12,9,false,false,false,false,LEAVE UNCHANGED,Normally single-line value (amount/date/name/address/code field).,false,,Low — no mask recommended.,LEAVE UNCHANGED,lines=0; cap=1; underlineDerived=false
35,ANIMAL AGREEMENT,5ab74083-6c94-4a52-aef0-7ec8b820cf88,txr_2004_animal_4_breed,TXR-2004 Animal 4 Breed,1f80bd74-b4e9-4e42-bef3-61a8bcf4f3fd,1,246.68,508,150,14,9,false,false,false,false,LEAVE UNCHANGED,Normally single-line value (amount/date/name/address/code field).,false,,Low — no mask recommended.,LEAVE UNCHANGED,lines=0; cap=1; underlineDerived=false
7,Listing Agreement,9e2d6525-3f8c-46db-a306-49e7ac5c7051,PROPERTY_FULL_ADDRESS,Property Full Address,2045ffe7-315c-4e7c-8d4e-28bbda6e2c8d,3,163.14,20.01,402.7,17.95,10,false,false,false,false,LEAVE UNCHANGED,Normally single-line value (amount/date/name/address/code field).,false,,Low — no mask recommended.,LEAVE UNCHANGED,lines=0; cap=1; underlineDerived=false
37,FARM AND RANCH CONTRACT,e4c8d07d-0ecf-4bb5-98fc-c4c01ace8d0f,txr_1701_natural_resource_terminate_days,Natural Resource Lease Termination Days,2047f780-58a1-47e1-8d24-17e97a6c48b9,2,297.92,116.6,39.13,11.55,9,false,false,false,false,LEAVE UNCHANGED,Normally single-line value (amount/date/name/address/code field).,false,,Low — no mask recommended.,LEAVE UNCHANGED,lines=0; cap=1; underlineDerived=false
7,Listing Agreement,97aa99b0-8444-4142-ae84-36ec67d88565,SELLER_ADDRESS,Seller Address,204bf5d8-a4df-45b8-9fe6-7d6de38ed270,1,115.72,192.68,457.59,12.82,9,false,true,false,false,REVIEW REQUIRED,Narrative purpose but current height is ~1 line — dimension increase may be needed to cover the printed writing area.,true,Height 12.82pt ≈ 1 line(s). Expand only after confirming intended lined region on the PDF.,Enlarging may approach amount columns or following rows — review carefully.,REVIEW REQUIRED,lines=0; cap=1; underlineDerived=false
3,IABS,d1a039eb-08e3-4df7-adea-63d48604e0ee,AGENT_PHONE,Agent Phone,20827ec5-8ba9-4069-89f5-336a08d127ed,1,480.8,711.2,105.6,16.8,10,false,false,false,false,LEAVE UNCHANGED,Normally single-line value (amount/date/name/address/code field).,false,,Low — no mask recommended.,LEAVE UNCHANGED,lines=0; cap=1; underlineDerived=false
37,FARM AND RANCH CONTRACT,84ab49ce-a340-447a-93f9-cc2abf9b5d57,CONTRACT_BUYER_AGENT_NOTICE_PHONE,Buyer Agent Notice Phone,20886821-5107-4940-aebe-9d73f6159218,8,72,718,190,12,9,false,false,false,false,LEAVE UNCHANGED,Normally single-line value (amount/date/name/address/code field).,false,,Low — no mask recommended.,LEAVE UNCHANGED,lines=1; cap=1; underlineDerived=false
30,ADDENDUM FOR SALE OF OTHER PROPERTY BY BUYER,9e2d6525-3f8c-46db-a306-49e7ac5c7051,PROPERTY_FULL_ADDRESS,Property Full Address,2091ee38-a746-4c77-b08a-c8030aa04e57,1,51.92,151.98,510,14,9,false,true,false,false,REVIEW REQUIRED,Narrative purpose but current height is ~1 line — dimension increase may be needed to cover the printed writing area.,true,Height 14pt ≈ 1 line(s). Expand only after confirming intended lined region on the PDF.,Enlarging may approach amount columns or following rows — review carefully.,REVIEW REQUIRED,lines=0; cap=1; underlineDerived=false
5,TILA-RESPA,6427cd73-8d56-4112-9d18-ee3c45d947a5,BROKERAGE_NAME,Brokerage Name,20a5eb72-eb2b-4ddc-924b-113d4998adbd,1,127.36,284.91,340,14,9,false,false,false,false,LEAVE UNCHANGED,Normally single-line value (amount/date/name/address/code field).,false,,Low — no mask recommended.,LEAVE UNCHANGED,lines=0; cap=1; underlineDerived=false
11,One to Four Residential,840176fc-0cc0-4735-b96f-f3ce86a30ee0,contract_intermediary_seller_associate_name,Intermediary Seller Associate Name,20f666a7-0961-492e-9470-d1dc70027c40,11,199.06,522.98,220,14,9,false,false,false,false,LEAVE UNCHANGED,Normally single-line value (amount/date/name/address/code field).,false,,Low — no mask recommended.,LEAVE UNCHANGED,lines=1; cap=1; underlineDerived=false
15,Residential Lease Listing,210e04f0-8a82-4b2a-ae37-30d4730fa335,lease_animal_violation_initial_charge,Lease Animal Violation Initial Charge,20f9feaf-7812-4e3e-8065-1ff2ddaaabcb,9,101.64,609.09,59.51,11.29,9,false,false,false,false,LEAVE UNCHANGED,Normally single-line value (amount/date/name/address/code field).,false,,Low — no mask recommended.,LEAVE UNCHANGED,lines=0; cap=1; underlineDerived=false
7,Listing Agreement,767b8770-df87-41b3-9ff7-628d4a807824,listing_price,Listing Price,20feea58-85a9-4d05-b8eb-90080bc08d51,2,479.75,49.42,95,14,9,false,false,false,false,LEAVE UNCHANGED,Normally single-line value (amount/date/name/address/code field).,false,,Low — no mask recommended.,LEAVE UNCHANGED,lines=0; cap=1; underlineDerived=false
11,One to Four Residential,e69b3ca9-8dd7-467b-873d-28ea5d0e91fd,CONTRACT_SELLER_NOTICE_ADDRESS,Seller Notice Address,2171b245-fbb3-45b3-b12f-2d1a0e8896c8,8,378.2,399.29,189.81,43.09,9,false,false,false,false,LEAVE UNCHANGED,Normally single-line value (amount/date/name/address/code field).,false,,Low — no mask recommended.,LEAVE UNCHANGED,lines=1; cap=3; underlineDerived=false
25,Condominium Resale Certificate,ee0b7215-96f8-4a78-9337-a7719f204b8b,condo_resale_transfer_fee_paid_to_1,Transfer Fee Paid To 1,21cd8797-f685-422f-a48d-8a283e32db77,2,221,158,152,14,9,false,false,false,false,LEAVE UNCHANGED,Normally single-line value (amount/date/name/address/code field).,false,,Low — no mask recommended.,LEAVE UNCHANGED,lines=0; cap=1; underlineDerived=false
1,Buyer Rep Agreement,062a12a1-e0e3-425a-b995-0ad8492cc09c,brokerage_office_phone,Brokerage Office Phone,21e0d18b-56e5-4231-a832-1123f544ee08,1,115.83,300.8,296.51,10.77,10,false,false,false,false,LEAVE UNCHANGED,Normally single-line value (amount/date/name/address/code field).,false,,Low — no mask recommended.,LEAVE UNCHANGED,lines=0; cap=1; underlineDerived=false
11,One to Four Residential,c8d807ad-10bf-4408-aeca-82c3591f7fc3,contract_seller_contribution_percent,Seller Contribution Percent,221fb4a1-2a6d-4c1d-8e6c-0d7f4d0ea848,7,401.8,133.85,43.09,13.85,9,false,false,false,false,LEAVE UNCHANGED,Appears to be a normal single-line value placement.,false,,Low — no mask recommended.,LEAVE UNCHANGED,lines=0; cap=1; underlineDerived=false
44,NOTICE TO PURCHASER OF SPECIAL TAXING OR ASSESSMENT DISTRICT,f17bb669-128f-40a4-b05e-9ce1876bef6d,txr_1420_location_etj_municipality,TXR-1420 Location Etj Municipality,2222713e-7f32-4490-9116-8f326827992c,2,74,183.9,150,14,9,false,false,false,false,LEAVE UNCHANGED,Appears to be a normal single-line value placement.,false,,Low — no mask recommended.,LEAVE UNCHANGED,lines=0; cap=1; underlineDerived=false
44,NOTICE TO PURCHASER OF SPECIAL TAXING OR ASSESSMENT DISTRICT,656311ed-07b9-4d41-9147-f7d78844ac2f,txr_1420_bonds_issued_road,TXR-1420 Bonds Issued Road,22306aa0-db2b-4705-8e12-a5c024dfea75,1,94.3,687.4,100.9,14,9,false,false,false,false,LEAVE UNCHANGED,Appears to be a normal single-line value placement.,false,,Low — no mask recommended.,LEAVE UNCHANGED,lines=0; cap=1; underlineDerived=false
46,RELEASE OF EARNEST MONEY,6698b19a-825c-43ae-95e3-bf069505cc8e,txr_1904_listing_broker_address,TXR-1904 Listing Broker Address,226d015a-4745-4e01-b25a-ef1f3847ad5c,1,361,698.6,214,34.2,9,false,false,false,false,LEAVE UNCHANGED,Normally single-line value (amount/date/name/address/code field).,false,,Low — no mask recommended.,LEAVE UNCHANGED,lines=0; cap=2; underlineDerived=false
51,Itemization of Security Deposit,9e2d6525-3f8c-46db-a306-49e7ac5c7051,PROPERTY_FULL_ADDRESS,Property Full Address,2273ce6f-4dc1-453c-bd18-820ed192ff32,2,160,31.5,416,14,9,false,false,false,false,LEAVE UNCHANGED,Normally single-line value (amount/date/name/address/code field).,false,,Low — no mask recommended.,LEAVE UNCHANGED,lines=0; cap=1; underlineDerived=true
18,Residential Lease,18dab366-85ef-4c6b-8fe6-411eb5f09869,TXR_2001_LATE_FEE_DUE_DAY,Day of month rent must be received,228f3c8e-e33c-4572-815d-ea398e18cdb5,2,166.95,585.66,34.64,12.19,9,false,false,false,false,LEAVE UNCHANGED,Normally single-line value (amount/date/name/address/code field).,false,,Low — no mask recommended.,LEAVE UNCHANGED,lines=0; cap=1; underlineDerived=false
11,One to Four Residential,a68f94bb-1c06-4b40-b54f-9889c945e80f,property_concerning_full_address,Contract Concerning Property Address,2337e668-5d27-4f9e-9478-14c5a48ee693,5,145,31,320,14,9,false,false,false,false,LEAVE UNCHANGED,Normally single-line value (amount/date/name/address/code field).,false,,Low — no mask recommended.,LEAVE UNCHANGED,lines=1; cap=1; underlineDerived=false
37,FARM AND RANCH CONTRACT,dbbbbb56-655e-4f63-aeb6-bf72db1f1101,contract_water_provider_name,Water Provider Name,239938eb-d0da-4250-9a23-50ee8bfb154f,6,229.02,172.87,342.57,20.53,9,false,false,false,false,LEAVE UNCHANGED,Normally single-line value (amount/date/name/address/code field).,false,,Low — no mask recommended.,LEAVE UNCHANGED,lines=0; cap=1; underlineDerived=false
7,Listing Agreement,6427cd73-8d56-4112-9d18-ee3c45d947a5,BROKERAGE_NAME,Brokerage Name,23f1ab52-e5f1-44ae-b8e7-5bae029f842f,11,26.16,309.33,150,18,10,false,false,false,false,LEAVE UNCHANGED,Normally single-line value (amount/date/name/address/code field).,false,,Low — no mask recommended.,LEAVE UNCHANGED,lines=0; cap=1; underlineDerived=false
47,RESIDENTIAL LEASING AND PROPERTY MANAGEMENT AGREEMENT,2332dd93-1a68-45d2-b2cd-37bc92ea290c,lease_term_min_months,Lease Term Min Months,240afa2d-a7f1-4f8a-93f1-99ccafa44245,5,413.1,349,48.5,14,9,false,false,false,false,LEAVE UNCHANGED,Normally single-line value (amount/date/name/address/code field).,false,,Low — no mask recommended.,LEAVE UNCHANGED,lines=0; cap=1; underlineDerived=false
13,Amendment to Listing Agreement,6427cd73-8d56-4112-9d18-ee3c45d947a5,BROKERAGE_NAME,Brokerage Name,243d6bbf-f28c-44b5-92d9-dfb12c6bf998,1,42.09,597.89,164.87,17.96,10,false,false,false,false,LEAVE UNCHANGED,Normally single-line value (amount/date/name/address/code field).,false,,Low — no mask recommended.,LEAVE UNCHANGED,lines=0; cap=1; underlineDerived=false
18,Residential Lease,4a866a7b-4094-4ea3-930c-d3fe1d81ff7b,txr_2001_security_deposit_due_date,Security deposit date,24431d60-a25f-4f75-b77c-8e37842e09cc,1,379.62,628.25,34,14.75,9,false,false,false,false,LEAVE UNCHANGED,Normally single-line value (amount/date/name/address/code field).,false,,Low — no mask recommended.,LEAVE UNCHANGED,lines=0; cap=1; underlineDerived=false
38,FARM AND RANCH REAL ESTATE LISTING AGREEMENT - EXCLUSIVE RIGHT TO SELL,731ea151-77d8-429a-9ca7-99d7d318f37c,LISTING_AGREEMENT_CONCERNING,Listing Agreement Concerning,2455e76b-f017-436f-8174-e69ea3dbf479,9,180.6,26.2,395.5,14,9,false,false,false,false,LEAVE UNCHANGED,Normally single-line value (amount/date/name/address/code field).,false,,Low — no mask recommended.,LEAVE UNCHANGED,lines=0; cap=1; underlineDerived=false
25,Condominium Resale Certificate,85a435fd-ac14-41a8-aa56-f1959d360379,condo_resale_other_amounts_description,Other Amounts Description,24bc8240-575a-4be2-b6af-b8ef0277e14c,1,216,281,330,12,9,false,false,false,false,LEAVE UNCHANGED,Normally single-line value (amount/date/name/address/code field).,false,,Low — no mask recommended.,LEAVE UNCHANGED,lines=0; cap=1; underlineDerived=false
15,Residential Lease Listing,ae78da9f-90e5-48fd-9724-8d4562052057,PROPERTY_CITY,Property City,24d60176-7605-4d3d-9f22-5287b6b8fb7b,1,408.85,404.93,130,14,9,false,false,false,false,LEAVE UNCHANGED,Normally single-line value (amount/date/name/address/code field).,false,,Low — no mask recommended.,LEAVE UNCHANGED,lines=0; cap=1; underlineDerived=false
49,TERMINATION OF BUYER/TENANT REPRESENTATION AGREEMENT,fa8f33bf-4337-4575-ab29-7900acf5ef94,txr_1503_fee_rent_pct,TXR-1503 Fee Rent Percent,2505fa57-aedd-439e-9e9e-89d8473fdff7,1,90.5,356.8,33.4,14,9,false,false,false,false,LEAVE UNCHANGED,Normally single-line value (amount/date/name/address/code field).,false,,Low — no mask recommended.,LEAVE UNCHANGED,lines=0; cap=1; underlineDerived=false
8,Request for Info From HOA,5f7706b3-6dab-4183-b9f0-ebe32d6e5d10,hoa_association_city_state_zip,Owners' Association City State Zip,2534ff7b-229e-4e86-8390-80e5a25bae5a,1,56.8,137.6,304,15.2,9,false,false,false,false,LEAVE UNCHANGED,Normally single-line value (amount/date/name/address/code field).,false,,Low — no mask recommended.,LEAVE UNCHANGED,lines=0; cap=1; underlineDerived=false
18,Residential Lease,3e0db8c2-6a3a-4262-bd4d-d277dbdbaa27,txr_2001_property_manager_address,Property manager address,25787258-5ae7-4e54-a9a4-afcf2349c2ea,15,119,679,350,16,9,false,false,false,false,LEAVE UNCHANGED,Normally single-line value (amount/date/name/address/code field).,false,,Low — no mask recommended.,LEAVE UNCHANGED,lines=0; cap=1; underlineDerived=false
20,Residential Condominium Contract (Resale),222650d2-5bf7-4b65-a70a-988d01d6348b,contract_seller_disclosure_delivery_days,Seller Disclosure Delivery Days,25cf2187-d652-497d-a70e-b6586a357721,4,401.6,228.8,35.8,14,,false,false,false,false,LEAVE UNCHANGED,Appears to be a normal single-line value placement.,false,,Low — no mask recommended.,LEAVE UNCHANGED,lines=1; cap=1; underlineDerived=false
15,Residential Lease Listing,71aca245-1ffe-4306-8f1a-735315e8e296,LEASE_LISTING_CONCERNING,Lease Listing Concerning,25f0cb32-601f-45df-8a79-04dd465e8d87,9,200,32,320,14,9,false,false,false,false,LEAVE UNCHANGED,Appears to be a normal single-line value placement.,false,,Low — no mask recommended.,LEAVE UNCHANGED,lines=0; cap=1; underlineDerived=false
15,Residential Lease Listing,71aca245-1ffe-4306-8f1a-735315e8e296,LEASE_LISTING_CONCERNING,Lease Listing Concerning,260bba64-4ac7-40a7-9114-3423ea894eb7,5,200,32,320,14,9,false,false,false,false,LEAVE UNCHANGED,Appears to be a normal single-line value placement.,false,,Low — no mask recommended.,LEAVE UNCHANGED,lines=0; cap=1; underlineDerived=false
3,IABS,fcd1089b-47e1-4f03-ae77-a6582b778e09,AGENT_NAME,Agent Name,26517815-da27-4114-83a5-e175f181bb49,1,29.6,714.4,150,18,10,false,false,false,false,LEAVE UNCHANGED,Normally single-line value (amount/date/name/address/code field).,false,,Low — no mask recommended.,LEAVE UNCHANGED,lines=0; cap=1; underlineDerived=false
11,One to Four Residential,a68f94bb-1c06-4b40-b54f-9889c945e80f,property_concerning_full_address,Contract Concerning Property Address,26976d88-1de1-4501-b0cb-90727b73835d,9,145,31,320,14,9,false,false,false,false,LEAVE UNCHANGED,Normally single-line value (amount/date/name/address/code field).,false,,Low — no mask recommended.,LEAVE UNCHANGED,lines=1; cap=1; underlineDerived=false
51,Itemization of Security Deposit,41232b18-9a25-4333-a4be-a9844af4f414,txr_2216_unpaid_rent_amount,TXR-2216 Unpaid Rent Amount,26ab0b18-91cd-40b4-a638-8b66c055f6b1,1,474.5,508,101.5,14,9,false,false,false,false,LEAVE UNCHANGED,Normally single-line value (amount/date/name/address/code field).,false,,Low — no mask recommended.,LEAVE UNCHANGED,lines=0; cap=1; underlineDerived=true
34,AMENDMENT TO FARM AND RANCH LISTING - EXCLUSIVE RIGHT TO SELL,e611d75f-49a5-4548-80dd-68eb71e781d0,txr_1422_paragraph_numbers,TXR-1422 F Paragraph Numbers,26f356cd-8615-45c4-b7c2-483e98c66c19,1,141.55,469,100,14,9,false,true,false,false,REVIEW REQUIRED,Narrative purpose but current height is ~1 line — dimension increase may be needed to cover the printed writing area.,true,Height 14pt ≈ 1 line(s). Expand only after confirming intended lined region on the PDF.,Enlarging may approach amount columns or following rows — review carefully.,REVIEW REQUIRED,lines=0; cap=1; underlineDerived=false
18,Residential Lease,b518cdd2-d56f-4bb5-958b-6881f8f02c50,txr_2001_landlord_notice_email,Landlord email for notices,27037520-0d49-4cf3-9ede-17ee7add42a4,14,355,258,221,16,9,false,false,false,false,LEAVE UNCHANGED,Normally single-line value (amount/date/name/address/code field).,false,,Low — no mask recommended.,LEAVE UNCHANGED,lines=0; cap=1; underlineDerived=false
37,FARM AND RANCH CONTRACT,71f118dc-7958-4357-a8cd-0d9629c4e22f,CONTRACT_INTERMEDIARY_BUYER_ASSOCIATE_PHONE,Intermediary Buyer Associate Phone,2716dc8a-8558-41be-9e48-cfec4fd90ca5,11,171.16,553.1,100,12,9,false,false,false,false,LEAVE UNCHANGED,Normally single-line value (amount/date/name/address/code field).,false,,Low — no mask recommended.,LEAVE UNCHANGED,lines=1; cap=1; underlineDerived=false
26,Disclosure of Relationship with Contract Provider,37d72958-b4c6-488d-94c9-82e832a34776,txr_2513_listing_broker_services,Listing Broker — Services Provided to Provider,2734864b-6276-4dc0-83fb-845054618321,1,331,412,220,48,9,false,false,false,false,LEAVE UNCHANGED,Normally single-line value (amount/date/name/address/code field).,false,,Low — no mask recommended.,LEAVE UNCHANGED,lines=0; cap=4; underlineDerived=false
34,AMENDMENT TO FARM AND RANCH LISTING - EXCLUSIVE RIGHT TO SELL,fcd1089b-47e1-4f03-ae77-a6582b778e09,AGENT_NAME,Agent Name,27839d26-af4f-4ea6-a015-5ea43cea124d,1,32.04,669.25,189.89,16.68,9,false,false,false,false,LEAVE UNCHANGED,Normally single-line value (amount/date/name/address/code field).,false,,Low — no mask recommended.,LEAVE UNCHANGED,lines=0; cap=1; underlineDerived=false
37,FARM AND RANCH CONTRACT,f7d78229-f99c-4c11-a5b3-082859eeac15,contract_closing_date,Closing Date,27a52bfd-307b-48ec-a0d3-8ada41de4427,6,303.55,267.28,140,12,9,false,false,false,false,LEAVE UNCHANGED,Normally single-line value (amount/date/name/address/code field).,false,,Low — no mask recommended.,LEAVE UNCHANGED,lines=0; cap=1; underlineDerived=false
38,FARM AND RANCH REAL ESTATE LISTING AGREEMENT - EXCLUSIVE RIGHT TO SELL,f29a94d4-91da-4c5f-93fe-f6b9c32f2b99,broker_full_name,Broker Full Name,27d47a68-6279-424e-a32c-cf73805e69bf,12,27,565.3,200,14,9,false,false,false,false,LEAVE UNCHANGED,Normally single-line value (amount/date/name/address/code field).,false,,Low — no mask recommended.,LEAVE UNCHANGED,lines=0; cap=1; underlineDerived=false
17,Third Party Financing Addendum,b2e8194a-f74e-4457-95a8-3b94fcb98762,txr_1901_not_to_exceed_1,Not To Exceed 1,27e7b617-68d2-4e04-8704-7d9eb322f1fd,1,331.2,625.78,70.21,11.79,9,false,false,false,false,LEAVE UNCHANGED,Appears to be a normal single-line value placement.,false,,Low — no mask recommended.,LEAVE UNCHANGED,lines=0; cap=1; underlineDerived=false
37,FARM AND RANCH CONTRACT,08b90eab-0dca-427a-b41f-ad38d2033077,contract_intermediary_seller_associate_email,Intermediary Seller Associate Email,280d96ed-828e-4e9a-b39a-f1b4d22b4129,11,152.19,471.15,180,12,9,false,false,false,false,LEAVE UNCHANGED,Normally single-line value (amount/date/name/address/code field).,false,,Low — no mask recommended.,LEAVE UNCHANGED,lines=1; cap=1; underlineDerived=false
51,Itemization of Security Deposit,72208589-0a96-420e-8367-9a90e6280cdb,txr_2216_unauthorized_locks_description,TXR-2216 Unauthorized Locks/Fixtures Description,2859f8cb-6127-4ed9-b5d3-5cd97def88ff,2,62,92,370,14,9,false,true,false,false,REVIEW REQUIRED,Narrative purpose but current height is ~1 line — dimension increase may be needed to cover the printed writing area.,true,Height 14pt ≈ 1 line(s). Expand only after confirming intended lined region on the PDF.,Enlarging may approach amount columns or following rows — review carefully.,REVIEW REQUIRED,lines=0; cap=1; underlineDerived=true
51,Itemization of Security Deposit,2cc123ff-55b8-4abb-96fe-f784381bb01b,txr_2216_move_out_date,TXR-2216 Move-Out Date,28888e28-e3ab-4739-9902-784c633089cd,1,471.5,258,104.5,14,9,false,false,false,false,LEAVE UNCHANGED,Normally single-line value (amount/date/name/address/code field).,false,,Low — no mask recommended.,LEAVE UNCHANGED,lines=0; cap=1; underlineDerived=true
37,FARM AND RANCH CONTRACT,50981be2-f48b-4be6-8530-7b8d010023fd,TXR_1701_EXCEPTION_DOC_DATES,Exception Doc Date,28c22786-a8f8-421e-a26e-e63709c503c4,3,308.88,610.71,118.68,25.66,10,false,false,false,false,LEAVE UNCHANGED,Normally single-line value (amount/date/name/address/code field).,false,,Low — no mask recommended.,LEAVE UNCHANGED,lines=1; cap=1; underlineDerived=false
7,Listing Agreement,9e2d6525-3f8c-46db-a306-49e7ac5c7051,PROPERTY_FULL_ADDRESS,Property Full Address,28cfd327-29aa-4a24-9150-a45890e5eab0,9,161.59,20.52,400.13,17.95,10,false,false,false,false,LEAVE UNCHANGED,Normally single-line value (amount/date/name/address/code field).,false,,Low — no mask recommended.,LEAVE UNCHANGED,lines=0; cap=1; underlineDerived=false
16,Amendment to Lease Listing,8f753c9b-f95c-43ee-8328-4ab9820bf9cc,lease_listing_amend_fee_other_text,Lease Listing Amend Fee Other Text,28e30d86-0ad0-4a4d-affd-5b79a7f6ceb6,1,105,349.21,455,14,9,false,false,false,false,LEAVE UNCHANGED,Normally single-line value (amount/date/name/address/code field).,false,,Low — no mask recommended.,LEAVE UNCHANGED,lines=0; cap=1; underlineDerived=false
44,NOTICE TO PURCHASER OF SPECIAL TAXING OR ASSESSMENT DISTRICT,06d7d652-c214-4afd-90e0-1767f8322c0a,txr_1420_bonds_approved_parks,TXR-1420 Bonds Approved Parks,28ef5d61-8e7e-4e43-8e0f-34da99589063,1,94.3,610.1,100.9,14,9,false,false,false,false,LEAVE UNCHANGED,Appears to be a normal single-line value placement.,false,,Low — no mask recommended.,LEAVE UNCHANGED,lines=0; cap=1; underlineDerived=false
51,Itemization of Security Deposit,2044e58a-0794-4a84-97e4-f63403e45419,txr_2216_late_charge_months,TXR-2216 Late Charge Month(s),293e5759-6474-4206-90ab-9e4f88eb086d,1,63.7,542.6,368,17.6,9,false,false,false,false,LEAVE UNCHANGED,Normally single-line value (amount/date/name/address/code field).,false,,Low — no mask recommended.,LEAVE UNCHANGED,lines=0; cap=1; underlineDerived=true
25,Condominium Resale Certificate,ae78da9f-90e5-48fd-9724-8d4562052057,PROPERTY_CITY,Property City,2958f202-3247-4f32-bf32-8f823c2f6d15,1,370,128,100,12,9,false,false,false,false,LEAVE UNCHANGED,Normally single-line value (amount/date/name/address/code field).,false,,Low — no mask recommended.,LEAVE UNCHANGED,lines=0; cap=1; underlineDerived=false
37,FARM AND RANCH CONTRACT,acefce9b-47b9-4981-be4e-b89b856b8b06,CONTRACT_INTERMEDIARY_BUYER_ASSOCIATE_EMAIL,Intermediary Buyer Associate Email,29b10ab3-8068-4a82-81d2-e1cc599b9d4d,11,153.73,542.12,180,12,9,false,false,false,false,LEAVE UNCHANGED,Normally single-line value (amount/date/name/address/code field).,false,,Low — no mask recommended.,LEAVE UNCHANGED,lines=2; cap=1; underlineDerived=false
16,Amendment to Lease Listing,15a5cc22-7f3e-418f-bb08-9c762084ef7b,lease_listing_amend_min_lease_months,Lease Listing Amend Min Lease Months,29c60778-586e-4eb5-8c26-c367250ba98b,1,246.77,253.48,50.27,14.36,9,false,false,false,false,LEAVE UNCHANGED,Normally single-line value (amount/date/name/address/code field).,false,,Low — no mask recommended.,LEAVE UNCHANGED,lines=0; cap=1; underlineDerived=false
47,RESIDENTIAL LEASING AND PROPERTY MANAGEMENT AGREEMENT,f5145bcd-f687-411d-83d3-ae46baf52df1,txr_2201_offboard_fee_onetime_amount,Off-Boarding One-Time Fee Amount,29c73cb0-822d-4978-acc2-77105ce872f7,3,191.5,287.5,58.8,14,9,false,false,false,false,LEAVE UNCHANGED,Normally single-line value (amount/date/name/address/code field).,false,,Low — no mask recommended.,LEAVE UNCHANGED,lines=0; cap=1; underlineDerived=false
11,One to Four Residential,aacce3b7-7683-4728-b5cf-1fd4588d253b,contract_intermediary_seller_supervisor_license_number,Intermediary Seller Supervisor License Number,29e230e7-4927-48f6-81c0-315d66de20db,11,426.98,595.99,120,14,9,false,false,false,false,LEAVE UNCHANGED,Normally single-line value (amount/date/name/address/code field).,false,,Low — no mask recommended.,LEAVE UNCHANGED,lines=1; cap=1; underlineDerived=false
14,Amendment to Contract,d4000da1-464a-4027-bab0-2f14164ece7d,contract_amend_seller_pay_percent,Amendment Seller Pay Percent,2a128919-b683-4459-bc2a-3729b2660f34,1,414.38,297.3,28.23,14.11,9,false,false,false,false,LEAVE UNCHANGED,Appears to be a normal single-line value placement.,false,,Low — no mask recommended.,LEAVE UNCHANGED,lines=0; cap=1; underlineDerived=false
33,AMENDMENT TO BUYER/TENANT REPRESENTATION AGREEMENT,40c02e3a-d419-4550-a8dc-4396eb14790c,txr_1505_lease_flat_fee,TXR-1505 D(2) Lease Flat Fee,2a24a016-88bb-451e-a9c1-09e501538943,1,229.28,372.08,90,14,9,false,false,false,false,LEAVE UNCHANGED,Normally single-line value (amount/date/name/address/code field).,false,,Low — no mask recommended.,LEAVE UNCHANGED,lines=0; cap=1; underlineDerived=false
37,FARM AND RANCH CONTRACT,5e474cf8-e3b9-40ae-8301-d79fad1692ab,CONTRACT_BUYER_ASSOCIATE_EMAIL,Buyer Associate Email,2a50e5e3-a507-4282-81cb-72a37604cab9,11,135.26,337.3,180,12,9,false,false,false,false,LEAVE UNCHANGED,Normally single-line value (amount/date/name/address/code field).,false,,Low — no mask recommended.,LEAVE UNCHANGED,lines=1; cap=1; underlineDerived=false
14,Amendment to Contract,e43b26c5-708f-415b-bc9c-7494c99a5fe4,contract_amend_seller_expense_contribution_amount,Amendment Seller Expense Contribution Amount,2a9a70e7-4bf8-4a7b-b3dd-a279aec8f249,1,417.06,268.09,85,14,9,false,false,false,false,LEAVE UNCHANGED,Normally single-line value (amount/date/name/address/code field).,false,,Low — no mask recommended.,LEAVE UNCHANGED,lines=1; cap=1; underlineDerived=false
47,RESIDENTIAL LEASING AND PROPERTY MANAGEMENT AGREEMENT,33ba3ab5-e92d-4a33-b39b-e549c373267e,txr_2201_post_term_funds_percent,Post-Termination Funds Compensation Percent,2aa9ff65-f6fe-4d6b-9cb1-82264a87f1b5,10,469.3,126.7,34.7,14,9,false,false,false,false,LEAVE UNCHANGED,Appears to be a normal single-line value placement.,false,,Low — no mask recommended.,LEAVE UNCHANGED,lines=0; cap=1; underlineDerived=true
33,AMENDMENT TO BUYER/TENANT REPRESENTATION AGREEMENT,679012f5-bc29-4649-b784-9697ae9c4cf7,txr_1505_new_end_date,TXR-1505 Amended End Date,2aafeef2-ee6e-4349-bbf0-6cce681638b5,1,414,200.08,130,14,9,false,false,false,false,LEAVE UNCHANGED,Normally single-line value (amount/date/name/address/code field).,false,,Low — no mask recommended.,LEAVE UNCHANGED,lines=0; cap=1; underlineDerived=false
47,RESIDENTIAL LEASING AND PROPERTY MANAGEMENT AGREEMENT,4ae95e45-b00a-4b39-a0df-8c3313f87d43,txr_2201_casualty_fee_claim_percent,Casualty Fee Claim Percent,2b145b60-8a15-4466-850b-76ef02d73710,2,145,630.8,52,14,9,false,false,false,false,LEAVE UNCHANGED,Normally single-line value (amount/date/name/address/code field).,false,,Low — no mask recommended.,LEAVE UNCHANGED,lines=0; cap=1; underlineDerived=false
11,One to Four Residential,0b089625-f3b8-48f6-9447-a73f0c0618d3,contract_buyer_notice_phone,Buyer Notice Phone,2b1d4847-be10-4534-b75c-180fe5f6ec12,8,114.56,465.74,181.09,13.85,9,false,false,false,false,LEAVE UNCHANGED,Normally single-line value (amount/date/name/address/code field).,false,,Low — no mask recommended.,LEAVE UNCHANGED,lines=0; cap=1; underlineDerived=false
37,FARM AND RANCH CONTRACT,b42f2091-5492-46d3-8c28-5fd714455bf3,CONTRACT_BUYER_BROKERAGE_NAME,Buyer Brokerage Name,2b633255-7edb-4c9c-9a51-207677cbfa40,11,35.64,273.56,240,12,9,false,false,false,false,LEAVE UNCHANGED,Normally single-line value (amount/date/name/address/code field).,false,,Low — no mask recommended.,LEAVE UNCHANGED,lines=2; cap=1; underlineDerived=false
11,One to Four Residential,2d98b3e9-e212-4141-82fb-c619e806bf56,contract_buyer_names,Contract Buyer Names,2bc3807a-8b88-42e5-9261-c8690163eb1d,1,126.67,102.41,347.81,13.85,9,false,false,false,false,LEAVE UNCHANGED,Appears to be a normal single-line value placement.,false,,Low — no mask recommended.,LEAVE UNCHANGED,lines=2; cap=1; underlineDerived=false
38,FARM AND RANCH REAL ESTATE LISTING AGREEMENT - EXCLUSIVE RIGHT TO SELL,731ea151-77d8-429a-9ca7-99d7d318f37c,LISTING_AGREEMENT_CONCERNING,Listing Agreement Concerning,2bcfabca-18e9-4c3b-a9a6-ff9f23b31906,11,180.6,26.2,395.5,14,9,false,false,false,false,LEAVE UNCHANGED,Normally single-line value (amount/date/name/address/code field).,false,,Low — no mask recommended.,LEAVE UNCHANGED,lines=0; cap=1; underlineDerived=false
46,RELEASE OF EARNEST MONEY,7c071f07-3bcd-46a3-af09-9d93cb7610da,txr_1904_disbursement_amount_2,TXR-1904 Disbursement Amount 2,2c3f2dc3-721a-432a-87f9-bfb5817855f3,1,79.1,423.3,99.9,14,9,false,false,false,false,LEAVE UNCHANGED,Normally single-line value (amount/date/name/address/code field).,false,,Low — no mask recommended.,LEAVE UNCHANGED,lines=0; cap=1; underlineDerived=false
17,Third Party Financing Addendum,31802a56-8355-4989-97a3-9a6485f347c3,txr_1901_excluding_any_financed_funding_fee_amortizable_monthly_for_not_less_than,Excluding Any Financed Funding Fee Amortizable Monthly For Not Less Than,2c9fe2c9-bf8b-4b92-9117-f6ad9711a40a,1,391.19,504.61,42.32,11.16,9,false,false,false,false,LEAVE UNCHANGED,Normally single-line value (amount/date/name/address/code field).,false,,Low — no mask recommended.,LEAVE UNCHANGED,lines=0; cap=1; underlineDerived=false
51,Itemization of Security Deposit,214ccdbb-a185-42cc-8d6e-cba7dfdda544,txr_2216_unpaid_utilities_amount,TXR-2216 Unpaid Utilities Amount,2ca72c44-55bb-4c1c-96f9-d43016eda24e,1,474.5,624.5,101.5,14,9,false,false,false,false,LEAVE UNCHANGED,Normally single-line value (amount/date/name/address/code field).,false,,Low — no mask recommended.,LEAVE UNCHANGED,lines=0; cap=1; underlineDerived=true
35,ANIMAL AGREEMENT,f4d95579-3190-4752-9ccd-85f58f1e0b7a,txr_2004_animal_deposit_due_date,TXR-2004 B(1) Animal Deposit Due Date,2cca0fb3-c0b8-4db3-9f6f-bf30537047dc,2,412.19,104.72,130,14,9,false,false,false,false,LEAVE UNCHANGED,Normally single-line value (amount/date/name/address/code field).,false,,Low — no mask recommended.,LEAVE UNCHANGED,lines=0; cap=1; underlineDerived=false
20,Residential Condominium Contract (Resale),7c31526f-ce2c-4988-82cb-a2654f5b07a4,contract_earnest_money_amount,Earnest Money Amount,2d751cad-b65d-4dde-a4af-30d3fc9968d6,2,407,251.4,85,14,,false,false,false,false,LEAVE UNCHANGED,Normally single-line value (amount/date/name/address/code field).,false,,Low — no mask recommended.,LEAVE UNCHANGED,lines=0; cap=1; underlineDerived=false
51,Itemization of Security Deposit,ac5b4273-9de3-4cf3-bfc9-fba568997eea,txr_2216_legal_proceeding_description,TXR-2216 Legal Proceeding Description,2dd72b9d-deb9-475c-bcbd-0da28ede5f1e,2,62,342,370,27.5,9,false,true,false,true,MEDIUM CONFIDENCE,Narrative placement with writing-line evidence; enable multiline and mask after quick visual confirm.,false,,Confirm mask does not cover row labels or amount boxes beside the description.,MEDIUM CONFIDENCE,lines=0; cap=2; underlineDerived=true
16,Amendment to Lease Listing,27e50ce0-130e-4640-89d1-0e468e18434e,PROPERTY_ADDRESS,Property Address,2debad53-1d47-40d3-ae4a-ee29f8cd3497,1,92.95,157.18,464.77,10.77,9,false,false,false,false,LEAVE UNCHANGED,Normally single-line value (amount/date/name/address/code field).,false,,Low — no mask recommended.,LEAVE UNCHANGED,lines=0; cap=1; underlineDerived=false
47,RESIDENTIAL LEASING AND PROPERTY MANAGEMENT AGREEMENT,db1ccce7-77f7-4f14-a21d-4483d024b294,txr_2201_renewal_fee_other_text,Renewal Fee Other Description,2e1c7939-3af2-4287-9c33-74b65be84a78,2,109,438.6,466,14,9,false,true,false,false,REVIEW REQUIRED,Narrative purpose but current height is ~1 line — dimension increase may be needed to cover the printed writing area.,true,Height 14pt ≈ 1 line(s). Expand only after confirming intended lined region on the PDF.,Enlarging may approach amount columns or following rows — review carefully.,REVIEW REQUIRED,lines=0; cap=1; underlineDerived=false
15,Residential Lease Listing,5e71079e-1d6d-4468-9c96-d634dc11145a,lease_other_broker_flat_fee,Lease Other Broker Flat Fee,2e3450e5-51fb-45d2-9521-4151c3a292d2,2,192.05,346.76,90,14,9,false,false,false,false,LEAVE UNCHANGED,Normally single-line value (amount/date/name/address/code field).,false,,Low — no mask recommended.,LEAVE UNCHANGED,lines=0; cap=1; underlineDerived=false
37,FARM AND RANCH CONTRACT,2d98b3e9-e212-4141-82fb-c619e806bf56,contract_buyer_names,Contract Buyer Names,2e46655f-c77c-4f75-8f34-ce3c6ef07275,1,118.68,80.57,170,12,9,false,false,false,false,LEAVE UNCHANGED,Normally single-line value (amount/date/name/address/code field).,false,,Low — no mask recommended.,LEAVE UNCHANGED,lines=1; cap=1; underlineDerived=false
35,ANIMAL AGREEMENT,1d2439e9-ee74-4312-a77e-cf0163e801d5,txr_2004_animal_1_type,TXR-2004 Animal 1 Type,2e87f50d-84f8-4435-8f47-67ef89c6845a,1,100.15,361.08,120,14,9,false,false,false,false,LEAVE UNCHANGED,Normally single-line value (amount/date/name/address/code field).,false,,Low — no mask recommended.,LEAVE UNCHANGED,lines=0; cap=1; underlineDerived=false
11,One to Four Residential,a09cc606-6215-4cbb-97a8-8ad7e5813176,CONTRACT_INTERMEDIARY_BROKERAGE_ADDRESS,Intermediary Brokerage Address,2ec9db5b-e232-4d53-999e-cb71a43f1b3c,11,107.5,492.83,365,14,9,false,false,false,false,LEAVE UNCHANGED,Normally single-line value (amount/date/name/address/code field).,false,,Low — no mask recommended.,LEAVE UNCHANGED,lines=1; cap=1; underlineDerived=false
24,Condominium Addendum to Listing,7cd7d64a-308c-47e8-9843-b13a029fc8ab,listing_condo_assessment_frequency,Condo Association Assessment Frequency,2eecfd6b-7def-4299-8f7c-9fdd89dfdad4,1,518,277,48,14,9,false,false,false,false,LEAVE UNCHANGED,Normally single-line value (amount/date/name/address/code field).,false,,Low — no mask recommended.,LEAVE UNCHANGED,lines=0; cap=1; underlineDerived=false
16,Amendment to Lease Listing,f2ea014b-dd50-4e21-9c20-3924ce3622c8,lease_listing_amend_fee_one_month_percent,Lease Listing Amend Fee One Month Percent,2f13f8c9-c381-4f36-9d43-80e7661fce87,1,103.58,312.24,55,14,9,false,false,false,false,LEAVE UNCHANGED,Normally single-line value (amount/date/name/address/code field).,false,,Low — no mask recommended.,LEAVE UNCHANGED,lines=0; cap=1; underlineDerived=false
18,Residential Lease,c453bfe1-9afa-4a3a-ba26-42819066dd61,TXR_2001_RETURNED_PAYMENT_FEE,Returned payment fee,2f4109dd-2454-4d6b-9803-4aecc614d523,3,303.91,141.96,57.09,16.68,9,false,false,false,false,LEAVE UNCHANGED,Normally single-line value (amount/date/name/address/code field).,false,,Low — no mask recommended.,LEAVE UNCHANGED,lines=0; cap=1; underlineDerived=false
33,AMENDMENT TO BUYER/TENANT REPRESENTATION AGREEMENT,4901231a-dbab-4eb6-ba94-8d30e719950e,txr_1505_lease_all_rents_percent,TXR-1505 D(2) Lease All Rents Percent,2f427919-da3f-4f0f-9218-47ecfdb32d2e,1,317.21,355.79,40,14,9,false,false,false,false,LEAVE UNCHANGED,Normally single-line value (amount/date/name/address/code field).,false,,Low — no mask recommended.,LEAVE UNCHANGED,lines=0; cap=1; underlineDerived=false
31,ADDENDUM REGARDING FIXTURE LEASES,9e2d6525-3f8c-46db-a306-49e7ac5c7051,PROPERTY_FULL_ADDRESS,Property Full Address,2fc78990-e721-40ab-bb89-8a01bba13730,1,244.89,120,330.38,11.55,9,false,true,false,false,REVIEW REQUIRED,Narrative purpose but current height is ~1 line — dimension increase may be needed to cover the printed writing area.,true,Height 11.55pt ≈ 1 line(s). Expand only after confirming intended lined region on the PDF.,Enlarging may approach amount columns or following rows — review carefully.,REVIEW REQUIRED,lines=0; cap=1; underlineDerived=false
8,Request for Info From HOA,803e388c-4f2d-4ede-afa8-927dccecd5ff,hoa_request_delivery_attn,HOA Request Delivery Attention,2ffb9146-e979-47f3-a5ff-33dcb082cc86,1,79.28,428.71,280.98,11.55,9,false,false,false,false,LEAVE UNCHANGED,Appears to be a normal single-line value placement.,false,,Low — no mask recommended.,LEAVE UNCHANGED,lines=0; cap=1; underlineDerived=false
11,One to Four Residential,b4cfd37f-98ec-4b44-95e5-a47ffce8dc9d,CONTRACT_SERVICE_CONTRACT_REIMBURSEMENT_AMOUNT,Service Contract Reimbursement Amount,30110518-95b7-4411-875b-76736b03d0bd,5,424.96,380.26,90,14,9,false,false,false,false,LEAVE UNCHANGED,Normally single-line value (amount/date/name/address/code field).,false,,Low — no mask recommended.,LEAVE UNCHANGED,lines=0; cap=1; underlineDerived=false
18,Residential Lease,711e2263-1dc3-4028-9300-992172549f3d,txr_2001_yard_maintenance_contract_other,Other contractor name/details,3039b00c-66ff-44d4-9016-7633b55e6ec5,8,278,646,293,16,9,false,true,false,false,REVIEW REQUIRED,Narrative purpose but current height is ~1 line — dimension increase may be needed to cover the printed writing area.,true,Height 16pt ≈ 1 line(s). Expand only after confirming intended lined region on the PDF.,Enlarging may approach amount columns or following rows — review carefully.,REVIEW REQUIRED,lines=0; cap=1; underlineDerived=false
41,NOTICE OF BUYER'S TERMINATION OF CONTRACT,c4684998-5968-492a-a342-9339854f93e7,txr_1902_terminate_other_text,TXR-1902 Terminate Other Text,306300f7-1385-42a3-b6e2-a41c37cd473c,1,96,489.3,455.2,53.6,9,false,false,false,false,LEAVE UNCHANGED,Normally single-line value (amount/date/name/address/code field).,false,,Low — no mask recommended.,LEAVE UNCHANGED,lines=4; cap=4; underlineDerived=false
11,One to Four Residential,dfac407d-bfcc-4be1-ac10-4f0cee50c3c8,CONTRACT_INTERMEDIARY_BUYER_SUPERVISOR_LICENSE_NUMBER,Intermediary Buyer Licensed Supervisor License Number,30e76efa-c0b6-492e-84ae-b91d1ac9c0f3,11,426.6,684,125,14,9,false,false,false,false,LEAVE UNCHANGED,Normally single-line value (amount/date/name/address/code field).,false,,Low — no mask recommended.,LEAVE UNCHANGED,lines=1; cap=1; underlineDerived=false
15,Residential Lease Listing,abf614b4-7a43-4bf4-95f5-3db0115865e3,lease_initial_late_charge_amount,Lease Initial Late Charge Amount,31e5a677-87fb-45a5-b15a-f22877ab89e8,9,229.89,453.54,75,14,9,false,false,false,false,LEAVE UNCHANGED,Normally single-line value (amount/date/name/address/code field).,false,,Low — no mask recommended.,LEAVE UNCHANGED,lines=0; cap=1; underlineDerived=false
51,Itemization of Security Deposit,a4cd9450-abc2-48be-989c-bd72442ec3f3,txr_2216_lease_violation_notices,TXR-2216 Lease Violation Notice(s),31e9a6da-c867-4809-a6c0-d98582c31956,2,173.5,394,258.5,27.5,9,false,false,false,false,LEAVE UNCHANGED,Normally single-line value (amount/date/name/address/code field).,false,,Low — no mask recommended.,LEAVE UNCHANGED,lines=0; cap=2; underlineDerived=true
1,Buyer Rep Agreement,9960397d-e090-4299-be85-fb3af57d5e25,BROKERAGE_CITY_STATE_ZIP,"Brokerage City, State, Zip",325bf5d0-4046-4e12-a94a-e8ed73b6933d,1,155.22,289,419.11,12.31,10,false,false,false,false,LEAVE UNCHANGED,Normally single-line value (amount/date/name/address/code field).,false,,Low — no mask recommended.,LEAVE UNCHANGED,lines=0; cap=1; underlineDerived=false
12,Addendum for Property Subject to Mandatory Membership in a Property Owners Association,10f7af2c-a9e6-4161-88bd-759efbf73dae,hoa_addendum_buyer_delivery_days,HOA Addendum Buyer Delivery Days,333440fb-ba4a-4d1d-ac05-d75da00e30a2,1,106.4,278.4,72,16.8,10,false,true,false,false,REVIEW REQUIRED,Narrative purpose but current height is ~1 line — dimension increase may be needed to cover the printed writing area.,true,Height 16.8pt ≈ 1 line(s). Expand only after confirming intended lined region on the PDF.,Enlarging may approach amount columns or following rows — review carefully.,REVIEW REQUIRED,lines=0; cap=1; underlineDerived=false
15,Residential Lease Listing,6427cd73-8d56-4112-9d18-ee3c45d947a5,BROKERAGE_NAME,Brokerage Name,333e4900-64f1-4696-93c8-48135b153560,1,90.9,234.64,390,14,9,false,false,false,false,LEAVE UNCHANGED,Normally single-line value (amount/date/name/address/code field).,false,,Low — no mask recommended.,LEAVE UNCHANGED,lines=0; cap=1; underlineDerived=false
36,EARLY TERMINATION OF RESIDENTIAL LEASE,a1d67b0b-7c96-4b63-8409-32a2d1f31e11,txr_2012_special_provisions,TXR-2012 G Special Provisions,334327f4-d309-4009-9ede-13132377a169,2,69.75,73.17,500,60,9,false,true,false,false,MEDIUM CONFIDENCE,Tall narrative box (~5 lines) without conclusive line geometry; multiline recommended; mask only after visual confirm of printed lines.,false,,Low — no mask recommended.,MEDIUM CONFIDENCE,lines=0; cap=5; underlineDerived=false
18,Residential Lease,04e9bf36-6efb-4774-bf58-a2799d778cbf,txr_2001_replacement_tenant_fee_tenant_procures_amount,Tenant procures replacement flat fee,338443d0-6b57-4c3b-889f-7f5e98f9873a,13,186,502,138,16,9,false,false,false,false,LEAVE UNCHANGED,Normally single-line value (amount/date/name/address/code field).,false,,Low — no mask recommended.,LEAVE UNCHANGED,lines=0; cap=1; underlineDerived=false
5,TILA-RESPA,83a2e473-13f5-4bf9-89fe-2120b591b857,AGENT_LICENSE_NUMBER,Agent License Number,33d73a33-6689-438a-9377-d551dfa24c43,1,377.79,377.79,155,14,9,false,false,false,false,LEAVE UNCHANGED,Normally single-line value (amount/date/name/address/code field).,false,,Low — no mask recommended.,LEAVE UNCHANGED,lines=0; cap=1; underlineDerived=false
7,Listing Agreement,adc116b2-b368-4bd3-bd77-25472b867277,mls_delayed_purpose,MLS Delayed Purpose,343acab2-f835-467f-be14-0f07dfebf119,4,96.4,382.57,472.98,13.34,9,false,true,false,false,REVIEW REQUIRED,Narrative purpose but current height is ~1 line — dimension increase may be needed to cover the printed writing area.,true,Height 13.34pt ≈ 1 line(s). Expand only after confirming intended lined region on the PDF.,Enlarging may approach amount columns or following rows — review carefully.,REVIEW REQUIRED,lines=0; cap=1; underlineDerived=false
11,One to Four Residential,75358af0-183c-47d4-9bcb-87e8691b4e66,CONTRACT_PROPERTY_EXCLUSIONS,Contract Property Exclusions,3594100e-08aa-4909-8988-0357067f767f,1,68.46,410.72,500.17,12.82,9,false,true,false,false,REVIEW REQUIRED,Narrative purpose but current height is ~1 line — dimension increase may be needed to cover the printed writing area.,true,Height 12.82pt ≈ 1 line(s). Expand only after confirming intended lined region on the PDF.,Enlarging may approach amount columns or following rows — review carefully.,REVIEW REQUIRED,lines=2; cap=1; underlineDerived=false
18,Residential Lease,1c46fcb4-dfd4-45a1-a6ad-644422b99664,TXR_2001_REPLACEMENT_TENANT_FEE_LANDLORD_PROCURES_PERCENT,Landlord procures replacement percent,35a831b6-fd0c-43ae-a480-f968bba55250,13,180,557,54,16,9,false,false,false,false,LEAVE UNCHANGED,Appears to be a normal single-line value placement.,false,,Low — no mask recommended.,LEAVE UNCHANGED,lines=0; cap=1; underlineDerived=false
42,NOTICE OF LANDLORD'S INTENT NOT TO RENEW,6427cd73-8d56-4112-9d18-ee3c45d947a5,BROKERAGE_NAME,Brokerage Name,35c02280-5478-4ecc-82ee-0255bceb8c3a,1,85.6,517.8,238.4,14,9,false,false,false,false,LEAVE UNCHANGED,Normally single-line value (amount/date/name/address/code field).,false,,Low — no mask recommended.,LEAVE UNCHANGED,lines=0; cap=1; underlineDerived=false
18,Residential Lease,55beb1b4-b7ec-4237-8d58-501a4f53f1dd,txr_2001_deceased_tenant_contact_phone,Contact phone,35c41be6-8aaf-4c58-93d3-499c146fad87,15,437,304,139,16,9,false,false,false,false,LEAVE UNCHANGED,Normally single-line value (amount/date/name/address/code field).,false,,Low — no mask recommended.,LEAVE UNCHANGED,lines=0; cap=1; underlineDerived=false
11,One to Four Residential,92b8cdbd-479b-44ea-8bfd-1a98d823429d,CONTRACT_SELLER_EXPENSE_CONTRIBUTION_AMOUNT,Seller Expense Contribution Amount,35daf412-9500-4114-8f44-95b0c945d266,6,248.45,637.45,83.62,12.31,9,false,false,false,false,LEAVE UNCHANGED,Normally single-line value (amount/date/name/address/code field).,false,,Low — no mask recommended.,LEAVE UNCHANGED,lines=0; cap=1; underlineDerived=false
47,RESIDENTIAL LEASING AND PROPERTY MANAGEMENT AGREEMENT,5e71079e-1d6d-4468-9c96-d634dc11145a,lease_other_broker_flat_fee,Lease Other Broker Flat Fee,36172af4-9b65-4e5b-a4e0-0258fad86dd8,10,110,408.5,90.2,14,9,false,false,false,false,LEAVE UNCHANGED,Normally single-line value (amount/date/name/address/code field).,false,,Low — no mask recommended.,LEAVE UNCHANGED,lines=0; cap=1; underlineDerived=false
51,Itemization of Security Deposit,0fa3ea74-db46-4ab8-85d8-25ff22cf473a,txr_2216_abandoned_property_description,TXR-2216 Abandoned Property Description,36327d71-a622-482e-9867-c4bde516a546,2,63.1,225.2,368.8,25.6,9,false,true,false,true,MEDIUM CONFIDENCE,Narrative placement with writing-line evidence; enable multiline and mask after quick visual confirm.,false,,Confirm mask does not cover row labels or amount boxes beside the description.,MEDIUM CONFIDENCE,lines=0; cap=2; underlineDerived=true
7,Listing Agreement,ed020c0e-064b-4c0f-b6dc-6209a5d38eab,buyer_broker_comp_flat_fee,Buyer Broker Compensation Flat Fee,36ba2554-3a2a-4431-8e0a-4bb39d498118,2,273.77,418.31,70,14,9,false,true,false,false,REVIEW REQUIRED,Narrative purpose but current height is ~1 line — dimension increase may be needed to cover the printed writing area.,true,Height 14pt ≈ 1 line(s). Expand only after confirming intended lined region on the PDF.,Enlarging may approach amount columns or following rows — review carefully.,REVIEW REQUIRED,lines=0; cap=1; underlineDerived=false
17,Third Party Financing Addendum,34037656-17fc-445a-a1e2-309fed3d2982,txr_1901_value_of_the_property_established_by_the_department_of_veterans_affairs,Value Of The Property Established By The Department Of Veterans Affairs,36c46b7e-7319-47a8-a1e6-537b03339a9f,2,75.9,371.32,127.16,12.36,9,false,false,false,false,LEAVE UNCHANGED,Appears to be a normal single-line value placement.,false,,Low — no mask recommended.,LEAVE UNCHANGED,lines=0; cap=1; underlineDerived=false
47,RESIDENTIAL LEASING AND PROPERTY MANAGEMENT AGREEMENT,980830bf-8d4d-4bbe-8f4d-026453594617,property_county,Property County,36ce26da-e52e-49a2-beec-d6d75c4cb64e,1,66.6,503.8,209.6,14,9,false,false,false,false,LEAVE UNCHANGED,Normally single-line value (amount/date/name/address/code field).,false,,Low — no mask recommended.,LEAVE UNCHANGED,lines=0; cap=1; underlineDerived=false
47,RESIDENTIAL LEASING AND PROPERTY MANAGEMENT AGREEMENT,9e2d6525-3f8c-46db-a306-49e7ac5c7051,PROPERTY_FULL_ADDRESS,Property Full Address,36d71b7d-8aa2-46cb-a79c-865e8d522c5d,10,204.2,31.4,298.8,14,9,false,false,false,false,LEAVE UNCHANGED,Normally single-line value (amount/date/name/address/code field).,false,,Low — no mask recommended.,LEAVE UNCHANGED,lines=0; cap=1; underlineDerived=false
11,One to Four Residential,76392860-8eb5-4e2f-9145-98e985442c6f,contract_buyer_attorney_name,Buyer Attorney Name,371a84db-bb6b-464e-b76d-f65835acb6f6,9,129.75,610.86,180,14,9,false,false,false,false,LEAVE UNCHANGED,Normally single-line value (amount/date/name/address/code field).,false,,Low — no mask recommended.,LEAVE UNCHANGED,lines=0; cap=1; underlineDerived=false
15,Residential Lease Listing,696596bb-37d1-4de9-a1c5-1026dbc46c23,lease_other_broker_one_month_percent,Lease Other Broker One Month Percent,374132d6-fd89-4c9e-8031-701936666fb0,2,123.98,321.64,55,14,9,false,false,false,false,LEAVE UNCHANGED,Normally single-line value (amount/date/name/address/code field).,false,,Low — no mask recommended.,LEAVE UNCHANGED,lines=0; cap=1; underlineDerived=false
38,FARM AND RANCH REAL ESTATE LISTING AGREEMENT - EXCLUSIVE RIGHT TO SELL,e1a16490-ab86-4048-b78e-adf917ed5728,txr_1201_res_surface_leases_retained_by_seller,TXR-1201 Reservations surface_leases Retained by Seller,3753f14d-5797-4e43-9bad-9d5253b4e79a,2,360.9,434.4,215.2,24,9,false,false,false,false,LEAVE UNCHANGED,Normally single-line value (amount/date/name/address/code field).,false,,Low — no mask recommended.,LEAVE UNCHANGED,lines=0; cap=2; underlineDerived=false
47,RESIDENTIAL LEASING AND PROPERTY MANAGEMENT AGREEMENT,45c3a0f2-b733-4e5f-801e-ebf230ee0a39,txr_2201_owner_additional_contact,Owner Additional Contact Information,37662fd3-2206-4069-b83e-8a89e3331286,1,226.5,284.2,348.5,39.3,9,false,false,false,false,REVIEW REQUIRED,Tall placement without clear narrative purpose — visual review before enabling multiline.,false,,Low — no mask recommended.,REVIEW REQUIRED,lines=0; cap=3; underlineDerived=false
37,FARM AND RANCH CONTRACT,7413aa49-e6d8-4faf-a5cf-bc16d94b5481,txr_1701_permitted_surface_leases,Permitted Surface Leases,377fc871-b260-4be6-ac0c-1dd61b5b24b7,3,64.11,674.28,510,12.19,9,false,false,false,false,LEAVE UNCHANGED,Normally single-line value (amount/date/name/address/code field).,false,,Low — no mask recommended.,LEAVE UNCHANGED,lines=1; cap=1; underlineDerived=false
20,Residential Condominium Contract (Resale),70518a5d-5225-48a7-8776-61cbddcc5de1,contract_seller_attorney_name,Seller Attorney Name,379dcc5a-2f96-4e50-b3f3-7231c3e7712a,8,388,107,162.5,14,,false,false,false,false,LEAVE UNCHANGED,Normally single-line value (amount/date/name/address/code field).,false,,Low — no mask recommended.,LEAVE UNCHANGED,lines=1; cap=1; underlineDerived=false
15,Residential Lease Listing,5d95c90f-3336-4f40-9949-106613ee21ed,brokerage_address,Brokerage Address,37aba896-2527-4545-a8b5-7b64d04261fb,1,121.42,261.56,390,14,9,false,false,false,false,LEAVE UNCHANGED,Normally single-line value (amount/date/name/address/code field).,false,,Low — no mask recommended.,LEAVE UNCHANGED,lines=0; cap=1; underlineDerived=false
37,FARM AND RANCH CONTRACT,800a48f4-2fcd-42ae-ab9f-5224641e0f80,CONTRACT_BUYER_ASSOCIATE_PHONE,Buyer Associate Phone,37b36b94-c25c-46a5-908a-e4aae7463303,11,157.82,349.3,100,12,9,false,false,false,false,LEAVE UNCHANGED,Normally single-line value (amount/date/name/address/code field).,false,,Low — no mask recommended.,LEAVE UNCHANGED,lines=1; cap=1; underlineDerived=false
18,Residential Lease,bf743a7f-eb33-4570-af58-bcf9137b3af0,TXR_2001_INITIAL_LATE_FEE_AMOUNT,Initial late fee amount,37ea2f1c-2f99-49a6-acde-cb400247f55d,2,373,631,57,16,9,false,false,false,false,LEAVE UNCHANGED,Normally single-line value (amount/date/name/address/code field).,false,,Low — no mask recommended.,LEAVE UNCHANGED,lines=0; cap=1; underlineDerived=false
17,Third Party Financing Addendum,498bb78a-b877-4bd9-862d-1e049325a4dc,txr_1901_any_financed_pmi_premium_due_in_full_in_2_2,Any Financed Pmi Premium Due In Full In 2 2,37ea6df0-01ef-4f32-ad81-44803a271a90,1,101.1,308.02,31.4,11.16,9,false,false,false,false,LEAVE UNCHANGED,Appears to be a normal single-line value placement.,false,,Low — no mask recommended.,LEAVE UNCHANGED,lines=0; cap=1; underlineDerived=false
3,IABS,6427cd73-8d56-4112-9d18-ee3c45d947a5,BROKERAGE_NAME,Brokerage Name,37f89542-f642-4945-8413-a30131a6c76b,1,30.4,613.46,150.4,13.6,10,false,false,false,false,LEAVE UNCHANGED,Normally single-line value (amount/date/name/address/code field).,false,,Low — no mask recommended.,LEAVE UNCHANGED,lines=0; cap=1; underlineDerived=false
47,RESIDENTIAL LEASING AND PROPERTY MANAGEMENT AGREEMENT,9e041b3f-e214-4b06-ab02-8335c62e5978,txr_2201_unable_contact_days,Unable to Contact Owner — Days,38012b9c-9a3a-4da1-8f9e-2fe1bf9a85b2,7,401.9,509.6,65.1,14,9,false,false,false,false,LEAVE UNCHANGED,Appears to be a normal single-line value placement.,false,,Low — no mask recommended.,LEAVE UNCHANGED,lines=0; cap=1; underlineDerived=false
26,Disclosure of Relationship with Contract Provider,bdaae280-1e86-45f9-973d-655ff0173ed9,txr_2513_other_broker_services,Other Broker — Services Provided to Provider,381115a9-aa40-4bf8-a8d6-5a1d465ef200,1,69,412,220,48,9,false,false,false,false,LEAVE UNCHANGED,Normally single-line value (amount/date/name/address/code field).,false,,Low — no mask recommended.,LEAVE UNCHANGED,lines=0; cap=4; underlineDerived=false
47,RESIDENTIAL LEASING AND PROPERTY MANAGEMENT AGREEMENT,a40c0261-8ba2-43d2-87b4-524ab570961c,txr_2201_other_fees,Other Broker Fees,3812d0c1-a61b-4b19-b013-ef63ceea3a06,4,103.6,533.7,471.4,64.6,9,false,false,false,false,REVIEW REQUIRED,Tall placement without clear narrative purpose — visual review before enabling multiline.,false,,Low — no mask recommended.,REVIEW REQUIRED,lines=0; cap=5; underlineDerived=false
45,NOTICE OF WITHDRAWAL OF OFFER,a1f0a00a-b93c-4610-bdd8-245817fbb313,txr_1945_from_name,TXR-1945 From Name,382ba02e-440b-4504-b831-172917d8c5f8,1,111.5,181.3,319.5,14,9,false,false,false,false,LEAVE UNCHANGED,Normally single-line value (amount/date/name/address/code field).,false,,Low — no mask recommended.,LEAVE UNCHANGED,lines=0; cap=1; underlineDerived=true
15,Residential Lease Listing,71aca245-1ffe-4306-8f1a-735315e8e296,LEASE_LISTING_CONCERNING,Lease Listing Concerning,384094a0-8e6d-4ef6-9634-6822ebe2669c,4,200,32,320,14,9,false,false,false,false,LEAVE UNCHANGED,Appears to be a normal single-line value placement.,false,,Low — no mask recommended.,LEAVE UNCHANGED,lines=0; cap=1; underlineDerived=false
24,Condominium Addendum to Listing,6427cd73-8d56-4112-9d18-ee3c45d947a5,BROKERAGE_NAME,Brokerage Name,3847c72d-a5b0-4e30-8554-2ed06903bcd1,1,36,655,195,18,9,false,false,false,false,LEAVE UNCHANGED,Normally single-line value (amount/date/name/address/code field).,false,,Low — no mask recommended.,LEAVE UNCHANGED,lines=0; cap=1; underlineDerived=false
37,FARM AND RANCH CONTRACT,e6ee81ce-121c-472e-a26f-638769fa118e,CONTRACT_SELLER_AGENT_NOTICE_ADDRESS,Seller Agent Notice Address,38561440-dfe1-4161-9fc2-7880b6a0c830,8,355,684,190,12,9,false,false,false,false,LEAVE UNCHANGED,Normally single-line value (amount/date/name/address/code field).,false,,Low — no mask recommended.,LEAVE UNCHANGED,lines=1; cap=1; underlineDerived=false
1,Buyer Rep Agreement,6427cd73-8d56-4112-9d18-ee3c45d947a5,BROKERAGE_NAME,Brokerage Name,386372e6-0cb3-4736-9e95-33046f344b20,6,37.6,215.2,150,18,10,false,false,false,false,LEAVE UNCHANGED,Normally single-line value (amount/date/name/address/code field).,false,,Low — no mask recommended.,LEAVE UNCHANGED,lines=0; cap=1; underlineDerived=false
3,IABS,5da7659d-7ff1-448f-859e-6bdf22cf1507,broker_license_number,Broker License Number,3882f04b-c10a-478b-bbb2-8f3a92803808,1,215.2,644,65.6,16.8,10,false,false,false,false,LEAVE UNCHANGED,Normally single-line value (amount/date/name/address/code field).,false,,Low — no mask recommended.,LEAVE UNCHANGED,lines=0; cap=1; underlineDerived=false
18,Residential Lease,54ec37d1-3af5-4a56-89e1-d44e8c7a5d84,txr_2001_property_address,Property address,388c5a8c-a66a-4512-bbe4-d32912bd05bb,1,126,341,450,16,9,false,false,false,false,LEAVE UNCHANGED,Normally single-line value (amount/date/name/address/code field).,false,,Low — no mask recommended.,LEAVE UNCHANGED,lines=0; cap=1; underlineDerived=false
28,ADDENDUM CONCERNING RIGHT TO TERMINATE DUE TO LENDER'S APPRAISAL,e0dce2ce-5cc3-4dc0-95aa-1db7067691be,txr_1948_appraised_value_less_than,TXR-1948 Appraised Value Less Than,389c38bf-625c-4b0b-94b3-8f2c9584c8c9,1,125,493,95,14,9,false,true,false,false,REVIEW REQUIRED,Narrative purpose but current height is ~1 line — dimension increase may be needed to cover the printed writing area.,true,Height 14pt ≈ 1 line(s). Expand only after confirming intended lined region on the PDF.,Enlarging may approach amount columns or following rows — review carefully.,REVIEW REQUIRED,lines=0; cap=1; underlineDerived=false
17,Third Party Financing Addendum,68528a05-55d0-4fcd-8b78-a0411b6aba54,txr_1901_shown_on_buyers_loan_estimate_for_the_loan_not_to_exceed,Shown On Buyers Loan Estimate For The Loan Not To Exceed,38acad6f-c038-465d-8f48-84c875582912,1,351.52,271.35,41.26,11.68,9,false,false,false,false,LEAVE UNCHANGED,Appears to be a normal single-line value placement.,false,,Low — no mask recommended.,LEAVE UNCHANGED,lines=0; cap=1; underlineDerived=false
47,RESIDENTIAL LEASING AND PROPERTY MANAGEMENT AGREEMENT,9114e96b-3d67-406b-8cb0-8ab40af35da0,txr_2201_owner_entity_other_text,Owner Entity Other Description,38bb53b8-35a4-4275-af77-907b1b5433b4,1,298.5,190.7,165.7,14,9,false,true,false,false,REVIEW REQUIRED,Narrative purpose but current height is ~1 line — dimension increase may be needed to cover the printed writing area.,true,Height 14pt ≈ 1 line(s). Expand only after confirming intended lined region on the PDF.,Enlarging may approach amount columns or following rows — review carefully.,REVIEW REQUIRED,lines=0; cap=1; underlineDerived=false
26,Disclosure of Relationship with Contract Provider,95346b27-8882-4452-92d0-688ad7ba4a62,txr_2513_other_broker_provider_name,Other Broker — Residential Service Provider Name,39052943-8f73-4d10-b0cf-ada12fc861c0,1,69,348,220,28,9,false,false,false,false,LEAVE UNCHANGED,Normally single-line value (amount/date/name/address/code field).,false,,Low — no mask recommended.,LEAVE UNCHANGED,lines=0; cap=2; underlineDerived=false
20,Residential Condominium Contract (Resale),0b089625-f3b8-48f6-9447-a73f0c0618d3,contract_buyer_notice_phone,Buyer Notice Phone,3962cabd-51cd-49a3-ae21-17fef44bb1aa,7,117.6,209.8,172,14,,false,false,false,false,LEAVE UNCHANGED,Normally single-line value (amount/date/name/address/code field).,false,,Low — no mask recommended.,LEAVE UNCHANGED,lines=0; cap=1; underlineDerived=false
47,RESIDENTIAL LEASING AND PROPERTY MANAGEMENT AGREEMENT,c295356d-4cee-40bc-8a4a-e64f3d404285,txr_2201_liability_insurance_min,Minimum Public Liability Insurance Amount,39edcddd-570a-438c-b4b5-3d9b3cb9a865,9,387.6,380.8,169.7,14,9,false,false,false,false,LEAVE UNCHANGED,Normally single-line value (amount/date/name/address/code field).,false,,Low — no mask recommended.,LEAVE UNCHANGED,lines=0; cap=1; underlineDerived=false
20,Residential Condominium Contract (Resale),bf4fc543-73e0-40de-920b-cf580de76766,CONTRACT_SELLER_ASSOCIATE_LICENSE_NUMBER,Seller Associate License Number,39f1a57b-6a52-4676-88cf-703f9feb8ca6,9,420.5,221.2,134.3,14,,false,false,false,false,LEAVE UNCHANGED,Normally single-line value (amount/date/name/address/code field).,false,,Low — no mask recommended.,LEAVE UNCHANGED,lines=1; cap=1; underlineDerived=false
26,Disclosure of Relationship with Contract Provider,6e142519-9c8a-4a82-b0ef-51f315c10969,txr_2513_listing_broker_provider_name,Listing Broker — Residential Service Provider Name,3a4bd298-1383-4373-8c7c-02d4d266cc25,1,331,348,220,28,9,false,false,false,false,LEAVE UNCHANGED,Normally single-line value (amount/date/name/address/code field).,false,,Low — no mask recommended.,LEAVE UNCHANGED,lines=0; cap=2; underlineDerived=false
17,Third Party Financing Addendum,59fc8074-affe-41c4-955a-72bc0de0b209,txr_1901_excluding_2,Excluding 2,3a5b4679-54b9-4419-8aa8-5d940457ae01,1,444.56,424.64,105.8,11.68,9,false,false,false,false,LEAVE UNCHANGED,Appears to be a normal single-line value placement.,false,,Low — no mask recommended.,LEAVE UNCHANGED,lines=0; cap=1; underlineDerived=false
38,FARM AND RANCH REAL ESTATE LISTING AGREEMENT - EXCLUSIVE RIGHT TO SELL,daa0c0d6-78ce-4510-96a2-05fe371bf01a,buyer_broker_comp_percent,Buyer Broker Compensation Percent,3bc0c87e-14cb-4a70-b4ee-a7ead419af1b,3,124.2,447,55.8,14,9,false,false,false,false,LEAVE UNCHANGED,Normally single-line value (amount/date/name/address/code field).,false,,Low — no mask recommended.,LEAVE UNCHANGED,lines=0; cap=1; underlineDerived=false
33,AMENDMENT TO BUYER/TENANT REPRESENTATION AGREEMENT,c1bf8827-911b-4997-a767-4dc58a88fd0f,txr_1505_lease_property,TXR-1505 D(2) Lease Property,3c23a04c-c56d-410e-9796-4215143c09f6,1,70,388,480,14,9,false,false,false,false,LEAVE UNCHANGED,Normally single-line value (amount/date/name/address/code field).,false,,Low — no mask recommended.,LEAVE UNCHANGED,lines=0; cap=1; underlineDerived=false
11,One to Four Residential,53d6a7bf-9725-4d98-89ed-11630dd92a41,CONTRACT_BUYER_ASSOCIATE_LICENSE_NUMBER,Buyer Associate License Number,3d4c3375-fe98-408d-9da0-96ed595b8660,11,422.69,368.08,120,14,9,false,false,false,false,LEAVE UNCHANGED,Normally single-line value (amount/date/name/address/code field).,false,,Low — no mask recommended.,LEAVE UNCHANGED,lines=1; cap=1; underlineDerived=false
11,One to Four Residential,e9228a34-60fe-4f84-869b-9d1c3232c988,CONTRACT_SELLER_SUPERVISOR_PHONE,Seller Supervisor Phone,3d6db8b0-5224-48b9-a701-fa89d6722087,11,224.1,253.78,120,14,9,false,false,false,false,LEAVE UNCHANGED,Normally single-line value (amount/date/name/address/code field).,false,,Low — no mask recommended.,LEAVE UNCHANGED,lines=1; cap=1; underlineDerived=false
11,One to Four Residential,5444edd7-00dd-4dae-abea-c41b2e44a86c,CONTRACT_SELLER_ASSOCIATE_EMAIL,Seller Associate Email,3e0f2b3e-c384-4689-9f0f-216299cbe64b,11,148.59,212.16,240,14,9,false,false,false,false,LEAVE UNCHANGED,Normally single-line value (amount/date/name/address/code field).,false,,Low — no mask recommended.,LEAVE UNCHANGED,lines=1; cap=1; underlineDerived=false
44,NOTICE TO PURCHASER OF SPECIAL TAXING OR ASSESSMENT DISTRICT,874a2f7d-32b2-406b-a9d6-a3f0635b105f,txr_1420_assessment_amount,TXR-1420 Assessment Amount,3e702558-1612-4d04-ad30-8a593d450e0e,1,73.3,444,205.6,14,9,false,false,false,false,LEAVE UNCHANGED,Normally single-line value (amount/date/name/address/code field).,false,,Low — no mask recommended.,LEAVE UNCHANGED,lines=0; cap=1; underlineDerived=false
18,Residential Lease,56d4529c-e816-4878-bec6-39b1b3024577,txr_2001_deceased_tenant_contact_name,Non-tenant emergency/death contact,3e946a95-a5ac-4449-8ade-6b3801023264,15,125,304,271,16,9,false,false,false,false,LEAVE UNCHANGED,Appears to be a normal single-line value placement.,false,,Low — no mask recommended.,LEAVE UNCHANGED,lines=0; cap=1; underlineDerived=false
15,Residential Lease Listing,3ee5158f-abb0-4264-b650-f8fa059560a8,lease_health_safety_condition_exception,Lease Health Safety Condition Exception,3ecc7474-1a04-400c-996d-1a622fa28faa,7,206.74,622.14,350.37,21.03,9,false,true,false,false,REVIEW REQUIRED,Narrative purpose but current height is ~1 line — dimension increase may be needed to cover the printed writing area.,true,Height 21.03pt ≈ 1 line(s). Expand only after confirming intended lined region on the PDF.,Enlarging may approach amount columns or following rows — review carefully.,REVIEW REQUIRED,lines=0; cap=1; underlineDerived=false
51,Itemization of Security Deposit,df8a075f-80ed-4212-ac91-e5639ac504a6,txr_2216_abandoned_vehicles_description,TXR-2216 Abandoned/Illegal Vehicles Description,3ee65ffb-74c7-44ad-8818-a22ea766d638,2,62,276,370,27.5,9,false,true,false,true,MEDIUM CONFIDENCE,Narrative placement with writing-line evidence; enable multiline and mask after quick visual confirm.,false,,Confirm mask does not cover row labels or amount boxes beside the description.,MEDIUM CONFIDENCE,lines=0; cap=2; underlineDerived=true
1,Buyer Rep Agreement,87b8f1db-2b82-4ad6-b5f8-c534f773f303,buyer_rep_lease_one_month_rent_percent,Lease One Month Rent Percent,3f824e76-13aa-4e4d-a0c6-8cd14bfbe9f5,2,137.74,234.11,40,12,10,false,false,false,false,LEAVE UNCHANGED,Normally single-line value (amount/date/name/address/code field).,false,,Low — no mask recommended.,LEAVE UNCHANGED,lines=0; cap=1; underlineDerived=false
20,Residential Condominium Contract (Resale),5a62c679-ffa9-45b1-982d-579427ee1c63,contract_condo_unit_number,Condominium Unit Number,3fead32c-ccc4-451c-ac43-bb21f15c6ccc,1,257.8,131.4,72,14,,false,false,false,false,LEAVE UNCHANGED,Normally single-line value (amount/date/name/address/code field).,false,,Low — no mask recommended.,LEAVE UNCHANGED,lines=1; cap=1; underlineDerived=false
51,Itemization of Security Deposit,b8432f1b-bf6c-4e13-bc78-e2f64fb20ce6,txr_2216_abandoned_property_amount,TXR-2216 Abandoned Property Amount,3ff7d077-3a7c-436e-830e-00e32850e9d9,2,474.5,237,101.5,14,9,false,false,false,false,LEAVE UNCHANGED,Normally single-line value (amount/date/name/address/code field).,false,,Low — no mask recommended.,LEAVE UNCHANGED,lines=0; cap=1; underlineDerived=true
51,Itemization of Security Deposit,b34789f0-f4ac-4aad-bade-adbe3b6b7249,txr_2216_unpaid_utilities_description,TXR-2216 Unpaid Utilities Description,400a8a88-60d5-4b50-83ff-87710788eeb6,1,191.5,610.5,240.5,28,9,false,true,false,true,MEDIUM CONFIDENCE,Narrative placement with writing-line evidence; enable multiline and mask after quick visual confirm.,false,,Confirm mask does not cover row labels or amount boxes beside the description.,MEDIUM CONFIDENCE,lines=0; cap=2; underlineDerived=true
13,Amendment to Listing Agreement,5363b999-3f6b-4c3a-8a77-3a896d7bc7ed,listing_amendment_new_end_date,New Listing End Date,40244182-a665-49e3-ac6f-cf21dad74c39,1,410.17,285.77,130,14,9,false,false,false,false,LEAVE UNCHANGED,Normally single-line value (amount/date/name/address/code field).,false,,Low — no mask recommended.,LEAVE UNCHANGED,lines=0; cap=1; underlineDerived=false
20,Residential Condominium Contract (Resale),dc68b037-4f8e-4425-8dc7-6d734b677897,CONTRACT_INTERMEDIARY_BUYER_ASSOCIATE_LICENSE_NUMBER,Intermediary Buyer Associate License Number,4025a718-8799-41d9-807a-4b4fba4e054f,9,421.3,648.7,134.3,14,,false,false,false,false,LEAVE UNCHANGED,Normally single-line value (amount/date/name/address/code field).,false,,Low — no mask recommended.,LEAVE UNCHANGED,lines=1; cap=1; underlineDerived=false
20,Residential Condominium Contract (Resale),9d8911a8-d341-4dbe-8d9c-3432c106caf9,CONTRACT_BUYER_SUPERVISOR_NAME,Buyer Supervisor Name,402a044b-a76d-4686-981e-812c2f9c7148,9,216.2,380.1,240,14,,false,false,false,false,LEAVE UNCHANGED,Normally single-line value (amount/date/name/address/code field).,false,,Low — no mask recommended.,LEAVE UNCHANGED,lines=1; cap=1; underlineDerived=false
27,NOTICE OF TERMINATION OF RESIDENTIAL LEASING AND PROPERTY MANAGEMENT AGREEMENT,33901454-6c2a-4ecb-88d1-ed24eca1141e,txr_2222_termination_date,TXR-2222 Agreement Termination Date,40427a05-e4ec-4a07-8490-14c0bc07121c,1,441.17,329.64,130,14,9,false,false,false,false,LEAVE UNCHANGED,Normally single-line value (amount/date/name/address/code field).,false,,Low — no mask recommended.,LEAVE UNCHANGED,lines=0; cap=1; underlineDerived=false
11,One to Four Residential,e6ee81ce-121c-472e-a26f-638769fa118e,CONTRACT_SELLER_AGENT_NOTICE_ADDRESS,Seller Agent Notice Address,40b56ba6-81bf-47cd-a8fb-94de64a462d5,8,372.05,624.41,189.81,41.04,9,false,false,false,false,LEAVE UNCHANGED,Normally single-line value (amount/date/name/address/code field).,false,,Low — no mask recommended.,LEAVE UNCHANGED,lines=1; cap=3; underlineDerived=false
37,FARM AND RANCH CONTRACT,75942b36-d7f6-4075-ac11-1fd6d275c9bf,CONTRACT_INTERMEDIARY_BUYER_SUPERVISOR_PHONE,Intermediary Buyer Licensed Supervisor Phone,41b6b333-89fe-4102-934e-7a8265c02070,11,221.94,578.64,100,12,9,false,false,false,false,LEAVE UNCHANGED,Normally single-line value (amount/date/name/address/code field).,false,,Low — no mask recommended.,LEAVE UNCHANGED,lines=1; cap=1; underlineDerived=false
34,AMENDMENT TO FARM AND RANCH LISTING - EXCLUSIVE RIGHT TO SELL,881448cf-331d-4922-875e-ab2ff447085e,txr_1422_fee_percent,TXR-1422 C(a) Fee Percent,41d56656-6ff2-4414-8470-0ca5b5fdecbb,1,107.58,321.36,40,14,9,false,false,false,false,LEAVE UNCHANGED,Normally single-line value (amount/date/name/address/code field).,false,,Low — no mask recommended.,LEAVE UNCHANGED,lines=0; cap=1; underlineDerived=false
11,One to Four Residential,c2891d22-e94a-4bb1-96d8-f376aa2231fa,contract_option_fee_amount,Option Fee Amount,41d62655-b297-442b-95fc-b855fab1d631,2,487.76,87.38,89.77,12.31,9,false,false,false,false,LEAVE UNCHANGED,Normally single-line value (amount/date/name/address/code field).,false,,Low — no mask recommended.,LEAVE UNCHANGED,lines=1; cap=1; underlineDerived=false
18,Residential Lease,f1e33c27-70d9-48bc-acc0-986f61ae262b,TXR_2001_AUTO_RENEWAL_NOTICE_OTHER_DAYS,Other days before expiration,4211e5ee-c3ed-46ba-8617-39f8161a4219,3,89,460,91,16,9,false,false,false,false,LEAVE UNCHANGED,Appears to be a normal single-line value placement.,false,,Low — no mask recommended.,LEAVE UNCHANGED,lines=0; cap=1; underlineDerived=false
48,SELLER'S TEMPORARY RESIDENTIAL LEASE,c1129f4d-0a78-46c4-9792-4d38274cbef7,txr_1910_landlord_fax,TXR-1910 Landlord Notice Fax,4213632a-5ab8-4a42-bce4-489f3860c04c,2,128.2,527.2,176.4,14,9,false,false,false,false,LEAVE UNCHANGED,Normally single-line value (amount/date/name/address/code field).,false,,Low — no mask recommended.,LEAVE UNCHANGED,lines=0; cap=1; underlineDerived=true
38,FARM AND RANCH REAL ESTATE LISTING AGREEMENT - EXCLUSIVE RIGHT TO SELL,62c8023c-0361-4b0f-8d41-a32a6b22f1e0,txr_1201_res_surface_leases_held_by_others,TXR-1201 Reservations surface_leases Held by Others,4234a5bd-bf97-40bd-8e60-9ed415c2ea9a,2,144.4,434.4,196.6,24,9,false,false,false,false,LEAVE UNCHANGED,Normally single-line value (amount/date/name/address/code field).,false,,Low — no mask recommended.,LEAVE UNCHANGED,lines=0; cap=2; underlineDerived=false
44,NOTICE TO PURCHASER OF SPECIAL TAXING OR ASSESSMENT DISTRICT,6084ad9d-5d27-4564-8ed3-62ebc0c13b07,txr_1420_standby_fee_amount,TXR-1420 Standby Fee Amount,4296517b-a99d-4d7e-91f1-cf334af19a6d,2,452.3,85.9,119.9,14,9,false,false,false,false,LEAVE UNCHANGED,Normally single-line value (amount/date/name/address/code field).,false,,Low — no mask recommended.,LEAVE UNCHANGED,lines=0; cap=1; underlineDerived=false
47,RESIDENTIAL LEASING AND PROPERTY MANAGEMENT AGREEMENT,5d95c90f-3336-4f40-9949-106613ee21ed,brokerage_address,Brokerage Address,42a6dd4b-afef-422c-bad5-5aecccf820a2,1,119.4,347.4,455.6,14,9,false,false,false,false,LEAVE UNCHANGED,Normally single-line value (amount/date/name/address/code field).,false,,Low — no mask recommended.,LEAVE UNCHANGED,lines=0; cap=1; underlineDerived=false
17,Third Party Financing Addendum,7b4ead24-8f8d-4906-8cc8-e41080267777,txr_1901_per_annum_for_the_first_2,Per Annum For The First 2,430d96de-0f63-497d-ba23-c916a79de34b,1,267.38,307.5,46.12,11.16,9,false,false,false,false,LEAVE UNCHANGED,Appears to be a normal single-line value placement.,false,,Low — no mask recommended.,LEAVE UNCHANGED,lines=0; cap=1; underlineDerived=false
15,Residential Lease Listing,e85a20f3-79c8-4d34-8ff1-6acb553e693e,lease_animal_nonrefundable_fee,Lease Animal Nonrefundable Fee,43d4e8c3-b612-406c-bbe6-171c5aa65850,9,311.04,576.6,75,14,9,false,false,false,false,LEAVE UNCHANGED,Normally single-line value (amount/date/name/address/code field).,false,,Low — no mask recommended.,LEAVE UNCHANGED,lines=0; cap=1; underlineDerived=false
11,One to Four Residential,498c7f0c-0fc7-4565-a782-bb95e288c4a1,CONTRACT_BUYER_SUPERVISOR_LICENSE_NUMBER,Buyer Supervisor License Number,447e4a6a-ef02-470b-97c7-9811245ef531,11,424.1,398.22,120,14,9,false,false,false,false,LEAVE UNCHANGED,Normally single-line value (amount/date/name/address/code field).,false,,Low — no mask recommended.,LEAVE UNCHANGED,lines=1; cap=1; underlineDerived=false
25,Condominium Resale Certificate,d066055b-e515-42ae-ace6-a855dd0dd37a,condo_resale_suits_pending_nature,Nature of Pending Suits,44a8d75b-50f2-433e-8e77-2b110295d04c,1,66,405,482,12,9,false,false,false,false,LEAVE UNCHANGED,Normally single-line value (amount/date/name/address/code field).,false,,Low — no mask recommended.,LEAVE UNCHANGED,lines=0; cap=1; underlineDerived=false
37,FARM AND RANCH CONTRACT,a4822d94-0094-4de0-82ec-abfe48aee3b7,contract_add_district_notices_text,District Notices Addendum Text,450529b9-34bf-442d-86a7-44caf106bc4b,9,259.85,443.94,305,25,9,false,true,false,false,MEDIUM CONFIDENCE,Narrative field with ~2-line capacity; mask not recommended without line evidence.,false,,Low — no mask recommended.,MEDIUM CONFIDENCE,lines=0; cap=2; underlineDerived=false
47,RESIDENTIAL LEASING AND PROPERTY MANAGEMENT AGREEMENT,e172e0a6-d918-445f-aa0c-497dcde21655,txr_2201_add_other_m_text,Addendum Other M Description,4524cbff-bb20-40d0-8002-5c4a0e5f3c63,11,73,626.3,502,14,9,false,true,false,false,REVIEW REQUIRED,Narrative purpose but current height is ~1 line — dimension increase may be needed to cover the printed writing area.,true,Height 14pt ≈ 1 line(s). Expand only after confirming intended lined region on the PDF.,Enlarging may approach amount columns or following rows — review carefully.,REVIEW REQUIRED,lines=0; cap=1; underlineDerived=false
20,Residential Condominium Contract (Resale),10919023-2714-45a7-9d63-64ece1ddf406,contract_condo_building,Condominium Building,454450e9-45af-465b-a723-db9aafc3740b,1,409.6,131.4,143.9,14,,false,false,false,false,LEAVE UNCHANGED,Appears to be a normal single-line value placement.,false,,Low — no mask recommended.,LEAVE UNCHANGED,lines=1; cap=1; underlineDerived=false
38,FARM AND RANCH REAL ESTATE LISTING AGREEMENT - EXCLUSIVE RIGHT TO SELL,998b7869-bc45-4686-a75c-e60cd3581b78,EMPLOYER_RELOCATION_COMPANY,Employer Relocation Company,4562f6d6-81bd-4d11-8d7e-75552546483e,9,184.3,420.5,386.4,14,9,false,false,false,false,LEAVE UNCHANGED,Normally single-line value (amount/date/name/address/code field).,false,,Low — no mask recommended.,LEAVE UNCHANGED,lines=0; cap=1; underlineDerived=false
25,Condominium Resale Certificate,1c78dd7e-4060-41e4-b009-3d9d32959e75,condo_resale_leasehold_renewal_provisions,Leasehold Renewal Provisions,45cf1bcc-d472-4718-9749-650f0a2cbc54,1,66,593,486,26,9,false,true,false,false,MEDIUM CONFIDENCE,Narrative field with ~2-line capacity; mask not recommended without line evidence.,false,,Low — no mask recommended.,MEDIUM CONFIDENCE,lines=0; cap=2; underlineDerived=false
7,Listing Agreement,198de3ac-d7f2-433f-981c-5c4bcabbae9e,listing_broker_no_coop_flat_fee,Listing Broker Fee Without Other Broker Flat Fee,4606fcf0-e605-4898-b2ab-83d18c7649dd,2,363.36,560.94,95,14,9,false,false,false,false,LEAVE UNCHANGED,Normally single-line value (amount/date/name/address/code field).,false,,Low — no mask recommended.,LEAVE UNCHANGED,lines=0; cap=1; underlineDerived=false
47,RESIDENTIAL LEASING AND PROPERTY MANAGEMENT AGREEMENT,ad6e89a8-24ef-4ba7-adaa-18ef862d39df,lease_non_real_estate_items,Lease Non Real Estate Items,4616f2e2-36da-4682-96f3-fe72b6587393,1,87.4,516.4,487.6,39.3,9,false,true,false,false,MEDIUM CONFIDENCE,Tall narrative box (~3 lines) without conclusive line geometry; multiline recommended; mask only after visual confirm of printed lines.,false,,Low — no mask recommended.,MEDIUM CONFIDENCE,lines=0; cap=3; underlineDerived=false
35,ANIMAL AGREEMENT,0099a308-0560-4aeb-82e3-c9132fb08425,txr_2004_monthly_fee_amount,TXR-2004 B(2) Monthly Animal Fee Amount,462b34fa-2bc3-421b-b977-1a5aba9f3375,2,343.09,177.72,66.72,15.4,9,false,false,false,false,LEAVE UNCHANGED,Normally single-line value (amount/date/name/address/code field).,false,,Low — no mask recommended.,LEAVE UNCHANGED,lines=0; cap=1; underlineDerived=false
41,NOTICE OF BUYER'S TERMINATION OF CONTRACT,1ff64dc0-48bb-4c01-9840-2fbc9c377212,CONTRACT_SELLER_NAMES,Contract Seller Names,4637d3f8-7a98-4ebb-a1eb-c9011423becc,1,263.8,152.2,236.8,32.8,9,false,false,false,false,LEAVE UNCHANGED,Normally single-line value (amount/date/name/address/code field).,false,,Low — no mask recommended.,LEAVE UNCHANGED,lines=2; cap=2; underlineDerived=false
38,FARM AND RANCH REAL ESTATE LISTING AGREEMENT - EXCLUSIVE RIGHT TO SELL,5b92d8d4-d627-4d9c-9dc7-a6fe3578b974,txr_1201_expansion_comp_other_text,TXR-1201 Expansion Comp Other Text,463b77ca-9a1c-4abf-85d0-aa0ff25c3a1d,4,196.16,657.18,202.5,14,9,false,false,false,false,LEAVE UNCHANGED,Normally single-line value (amount/date/name/address/code field).,false,,Low — no mask recommended.,LEAVE UNCHANGED,lines=0; cap=1; underlineDerived=false
15,Residential Lease Listing,f65af418-e26e-4240-8f6d-6dea3cc9339d,lease_requirements_special_provisions,Lease Requirements Special Provisions,46ec0932-1d6a-4869-ae2d-b2dee7397f39,10,167.75,315.23,408.34,24.11,9,false,true,false,false,MEDIUM CONFIDENCE,Narrative field with ~2-line capacity; mask not recommended without line evidence.,false,,Low — no mask recommended.,MEDIUM CONFIDENCE,lines=0; cap=2; underlineDerived=false
11,One to Four Residential,5dbc036b-75f6-4de4-b327-c47581c0bc2f,contract_sales_price_financing,Contract Sales Price Financing,470bc6d0-0758-4a7d-8931-7df086fc973f,1,462.18,509.88,90,14,9,false,false,false,false,LEAVE UNCHANGED,Normally single-line value (amount/date/name/address/code field).,false,,Low — no mask recommended.,LEAVE UNCHANGED,lines=1; cap=1; underlineDerived=false
37,FARM AND RANCH CONTRACT,e69b3ca9-8dd7-467b-873d-28ea5d0e91fd,CONTRACT_SELLER_NOTICE_ADDRESS,Seller Notice Address,47326179-4e9b-4111-ad98-1dad2b4f67d6,8,355,571,190,12,9,false,false,false,false,LEAVE UNCHANGED,Normally single-line value (amount/date/name/address/code field).,false,,Low — no mask recommended.,LEAVE UNCHANGED,lines=1; cap=1; underlineDerived=false
47,RESIDENTIAL LEASING AND PROPERTY MANAGEMENT AGREEMENT,4ff019e7-e145-4def-a457-b21102186025,txr_2201_commencement_date,Agreement Commencement Date,473faee9-d614-492a-ac3a-68bc44923155,1,186.2,619.1,158.3,14,9,false,false,false,false,LEAVE UNCHANGED,Normally single-line value (amount/date/name/address/code field).,false,,Low — no mask recommended.,LEAVE UNCHANGED,lines=0; cap=1; underlineDerived=false
25,Condominium Resale Certificate,dc7f4243-4bbf-419d-b5c5-a10cb461290f,property_hoa_name,HOA Name,4753d432-a1ee-4006-b555-07bc115c3728,2,48,396,513,14,9,false,false,false,false,LEAVE UNCHANGED,Normally single-line value (amount/date/name/address/code field).,false,,Low — no mask recommended.,LEAVE UNCHANGED,lines=0; cap=1; underlineDerived=false
18,Residential Lease,a7e24bc5-e0e9-446e-845a-c6348e44767e,txr_2001_rent_due_other_text,Other rent due date/details,476fabd2-6a4a-44e8-8b5f-fe25f1c54484,2,125,199,452,16,9,false,true,false,false,REVIEW REQUIRED,Narrative purpose but current height is ~1 line — dimension increase may be needed to cover the printed writing area.,true,Height 16pt ≈ 1 line(s). Expand only after confirming intended lined region on the PDF.,Enlarging may approach amount columns or following rows — review carefully.,REVIEW REQUIRED,lines=0; cap=1; underlineDerived=false
1,Buyer Rep Agreement,e39569b9-d5e3-4e8d-a391-09bdf02d2aad,BUYER_REP_RETAINER_AMOUNT,Retainer Amount,47bc46da-77de-4411-be34-4953b200ac19,2,144.83,282.23,70,12,10,false,false,false,false,LEAVE UNCHANGED,Normally single-line value (amount/date/name/address/code field).,false,,Low — no mask recommended.,LEAVE UNCHANGED,lines=0; cap=1; underlineDerived=false
20,Residential Condominium Contract (Resale),1e438c3c-4a1e-48a0-b5fa-7ceb90d9ed01,contract_additional_earnest_money_days,Additional Earnest Money Days,47c80d9c-00ea-4dd3-b670-2ad2d71bc9e4,2,134,291.3,32,14,,false,false,false,false,LEAVE UNCHANGED,Appears to be a normal single-line value placement.,false,,Low — no mask recommended.,LEAVE UNCHANGED,lines=0; cap=1; underlineDerived=false
1,Buyer Rep Agreement,ef9b7bc7-b878-49f6-8e92-c294dd733089,SPECIAL_PROVISIONS,Special Provisions,480eb876-8366-4c59-aaeb-b0000f0a1c68,5,68.53,377.9,499.74,59.66,10,false,true,false,false,MEDIUM CONFIDENCE,Tall narrative box (~4 lines) without conclusive line geometry; multiline recommended; mask only after visual confirm of printed lines.,false,,Low — no mask recommended.,MEDIUM CONFIDENCE,lines=0; cap=4; underlineDerived=false
20,Residential Condominium Contract (Resale),fc51201d-953c-4d8d-b6f6-892e5665c488,contract_escrow_agent_name,Escrow Agent Name,4817a817-ec7e-4f58-842e-3a51843c7c92,2,193.4,240.1,205.6,14,,false,false,false,false,LEAVE UNCHANGED,Normally single-line value (amount/date/name/address/code field).,false,,Low — no mask recommended.,LEAVE UNCHANGED,lines=1; cap=1; underlineDerived=false
38,FARM AND RANCH REAL ESTATE LISTING AGREEMENT - EXCLUSIVE RIGHT TO SELL,61b79904-43ce-4012-8476-af919c9e194b,txr_1201_res_water_rights_held_by_others,TXR-1201 Reservations water_rights Held by Others,48298248-5fc0-49c4-82f7-a3684fa1dc7d,2,144.4,506.8,196.6,24,9,false,false,false,false,LEAVE UNCHANGED,Normally single-line value (amount/date/name/address/code field).,false,,Low — no mask recommended.,LEAVE UNCHANGED,lines=0; cap=2; underlineDerived=false
24,Condominium Addendum to Listing,80b5f2fc-5fee-4bf3-86a4-008edb45b10a,contract_condo_parking_assigned,Assigned Parking Areas,482d6105-3bb2-45df-962f-63bf067cc4ec,1,78,255,480,14,9,false,false,false,false,LEAVE UNCHANGED,Normally single-line value (amount/date/name/address/code field).,false,,Low — no mask recommended.,LEAVE UNCHANGED,lines=0; cap=1; underlineDerived=false
15,Residential Lease Listing,a4c5b6b6-10bb-4217-8de2-d72c3048cf85,PROPERTY_LOT,Property Lot,482df4aa-51d2-4fba-981d-d259b86efc5a,1,125.13,389.96,65,14,9,false,false,false,false,LEAVE UNCHANGED,Normally single-line value (amount/date/name/address/code field).,false,,Low — no mask recommended.,LEAVE UNCHANGED,lines=0; cap=1; underlineDerived=false
25,Condominium Resale Certificate,c3069a68-2b70-403f-8c7d-36c4e3aece4d,condo_resale_certifying_officer_name,Certifying Officer Name,4843b77d-4316-4d69-b9eb-edcb8d5a2842,2,90,475,341,14,9,false,false,false,false,LEAVE UNCHANGED,Normally single-line value (amount/date/name/address/code field).,false,,Low — no mask recommended.,LEAVE UNCHANGED,lines=0; cap=1; underlineDerived=false
33,AMENDMENT TO BUYER/TENANT REPRESENTATION AGREEMENT,09005649-52db-456d-bd9c-ef000de230d4,txr_1505_purchase_property,TXR-1505 D(1) Purchase Property,484ff29d-ff88-4674-9823-e0564d7e89fe,1,91.81,340,458.04,14.11,9,false,false,false,false,LEAVE UNCHANGED,Normally single-line value (amount/date/name/address/code field).,false,,Low — no mask recommended.,LEAVE UNCHANGED,lines=0; cap=1; underlineDerived=false
5,TILA-RESPA,54f6b4b2-e22b-466b-b244-fc437512ca2f,agent_full_name,Agent Full Name,486df8f7-7e62-4669-8674-fbb76befbf2f,1,297.77,364.47,210,14,9,false,false,false,false,LEAVE UNCHANGED,Normally single-line value (amount/date/name/address/code field).,false,,Low — no mask recommended.,LEAVE UNCHANGED,lines=0; cap=1; underlineDerived=false
47,RESIDENTIAL LEASING AND PROPERTY MANAGEMENT AGREEMENT,9e2d6525-3f8c-46db-a306-49e7ac5c7051,PROPERTY_FULL_ADDRESS,Property Full Address,4894447d-3d7f-4fbc-9ed1-a6b0568cb57c,9,204.2,31.4,298.8,14,9,false,false,false,false,LEAVE UNCHANGED,Normally single-line value (amount/date/name/address/code field).,false,,Low — no mask recommended.,LEAVE UNCHANGED,lines=0; cap=1; underlineDerived=false
17,Third Party Financing Addendum,3db1d393-1f65-4abc-997e-3fc0a5cc657b,txr_1901_years_at_the_interest_rate_established_by_the,Years At The Interest Rate Established By The,48a074a5-58cc-4669-a8bd-bedaecebf2a6,1,375.3,343.08,48.32,11.16,9,false,false,false,false,LEAVE UNCHANGED,Appears to be a normal single-line value placement.,false,,Low — no mask recommended.,LEAVE UNCHANGED,lines=0; cap=1; underlineDerived=false
15,Residential Lease Listing,80a9d9c8-63c2-4962-ab7e-118afde564f1,lease_broker_fee_one_month_percent,Lease Broker Fee One Month Percent,48a8d2fd-9419-4c33-ba4a-f0d0237b9852,2,121.54,190.81,55,14,9,false,false,false,false,LEAVE UNCHANGED,Normally single-line value (amount/date/name/address/code field).,false,,Low — no mask recommended.,LEAVE UNCHANGED,lines=0; cap=1; underlineDerived=false
17,Third Party Financing Addendum,c0a1a103-2f64-4f13-ad2a-41a29b132f7d,txr_1901_any_financed_pmi_premium_due_in_full_in_1_2,Any Financed Pmi Premium Due In Full In 1 2,48bcd83d-6bf2-4eec-ab3e-fe9514b329b2,1,302.67,296.17,62.32,11.68,9,false,false,false,false,LEAVE UNCHANGED,Appears to be a normal single-line value placement.,false,,Low — no mask recommended.,LEAVE UNCHANGED,lines=0; cap=1; underlineDerived=false
9,Lead Based Paint Addendum,53c21c50-99de-4d55-b4e3-b6f626df4f35,PROPERTY_ADDRESS_CITY,Property Street Address and City,493ff152-fbc4-4aaa-895a-2963b329b120,1,207.31,100.99,330,12,9,false,true,false,false,REVIEW REQUIRED,Narrative purpose but current height is ~1 line — dimension increase may be needed to cover the printed writing area.,true,Height 12pt ≈ 1 line(s). Expand only after confirming intended lined region on the PDF.,Enlarging may approach amount columns or following rows — review carefully.,REVIEW REQUIRED,lines=0; cap=1; underlineDerived=false
38,FARM AND RANCH REAL ESTATE LISTING AGREEMENT - EXCLUSIVE RIGHT TO SELL,f8048986-5be8-47ce-8925-cbb11a0eb935,SELLER2_EMAIL,Seller 2 Email,494a8d68-21ca-4a12-8de8-64a13e2fc09e,1,412,220.7,164.1,14,9,false,false,false,false,LEAVE UNCHANGED,Normally single-line value (amount/date/name/address/code field).,false,,Low — no mask recommended.,LEAVE UNCHANGED,lines=0; cap=1; underlineDerived=false
11,One to Four Residential,0b452669-1990-4870-a4c0-6caf3b9d4dc5,BUYER_1_CITY_STATE_ZIP,"Buyer 1 City, State, and Zip",495359a2-05e0-407e-aed5-f2db07baf720,8,109.68,433.76,150,18,10,false,false,false,false,LEAVE UNCHANGED,Normally single-line value (amount/date/name/address/code field).,false,,Low — no mask recommended.,LEAVE UNCHANGED,lines=1; cap=1; underlineDerived=false
14,Amendment to Contract,f156cfc8-3cde-4d48-87aa-18ef65c39113,contract_amend_lender_repairs_seller_amount,Amendment Lender Repairs Seller Amount,49691f46-fbce-41e7-b864-85c5c03e8513,1,140.66,336.62,80,14,9,false,false,false,false,LEAVE UNCHANGED,Normally single-line value (amount/date/name/address/code field).,false,,Low — no mask recommended.,LEAVE UNCHANGED,lines=1; cap=1; underlineDerived=false
15,Residential Lease Listing,65786f52-b3c1-47aa-8918-5f56057bd90e,lease_animal_deposit,Lease Animal Deposit,4982a815-3d66-4dbc-8c01-2a41d7d217ea,9,218.71,549.56,33.86,13.85,9,false,false,false,false,LEAVE UNCHANGED,Normally single-line value (amount/date/name/address/code field).,false,,Low — no mask recommended.,LEAVE UNCHANGED,lines=0; cap=1; underlineDerived=false
48,SELLER'S TEMPORARY RESIDENTIAL LEASE,a2969351-ab54-4a86-b532-cf3f3ab468bf,txr_1910_tenant_fax,TXR-1910 Tenant Notice Fax,49b1deac-c5d8-4036-9696-218645098ad0,2,392.6,527.2,181.2,14,9,false,false,false,false,LEAVE UNCHANGED,Normally single-line value (amount/date/name/address/code field).,false,,Low — no mask recommended.,LEAVE UNCHANGED,lines=0; cap=1; underlineDerived=true
18,Residential Lease,04950976-4a68-4808-bed5-7122dae1f225,txr_2001_additional_fee_custom_3_label,Custom fee 3 label,49d132eb-dce9-4431-bcf2-a8d540f53cd4,1,246.3,681.36,80,16,9,false,false,false,false,LEAVE UNCHANGED,Normally single-line value (amount/date/name/address/code field).,false,,Low — no mask recommended.,LEAVE UNCHANGED,lines=0; cap=1; underlineDerived=false
38,FARM AND RANCH REAL ESTATE LISTING AGREEMENT - EXCLUSIVE RIGHT TO SELL,2fc32a2d-7d83-4cdb-9bea-1240139f5db2,listing_flat_fee,Listing Flat Fee,49d46f8c-f059-40de-adf4-62320c38a875,3,355.6,350.3,76.4,14,9,false,false,false,false,LEAVE UNCHANGED,Normally single-line value (amount/date/name/address/code field).,false,,Low — no mask recommended.,LEAVE UNCHANGED,lines=0; cap=1; underlineDerived=false
8,Request for Info From HOA,3ec36d9b-9fd4-44ad-a02b-2c7b2e03f021,hoa_request_delivery_fax,HOA Request Delivery Fax,49e86583-c845-4c7c-b1e3-b49f6ac0f611,1,243.28,463.3,115.47,14.11,9,false,false,false,false,LEAVE UNCHANGED,Normally single-line value (amount/date/name/address/code field).,false,,Low — no mask recommended.,LEAVE UNCHANGED,lines=0; cap=1; underlineDerived=false
18,Residential Lease,29b19f44-15b7-4565-a47b-860a1574f441,txr_2001_property_county,County,49f24e3f-a888-4ece-8d67-3987267d26ba,1,90.6,383.11,181.55,13.47,9,false,false,false,false,LEAVE UNCHANGED,Normally single-line value (amount/date/name/address/code field).,false,,Low — no mask recommended.,LEAVE UNCHANGED,lines=0; cap=1; underlineDerived=false
11,One to Four Residential,70518a5d-5225-48a7-8776-61cbddcc5de1,contract_seller_attorney_name,Seller Attorney Name,4a1fa7aa-7a22-4c6a-bc2d-0267ad70f92b,9,385.38,610.86,180,14,9,false,false,false,false,LEAVE UNCHANGED,Normally single-line value (amount/date/name/address/code field).,false,,Low — no mask recommended.,LEAVE UNCHANGED,lines=0; cap=1; underlineDerived=false
47,RESIDENTIAL LEASING AND PROPERTY MANAGEMENT AGREEMENT,2b423e75-8d23-4009-87cc-d426ab843907,txr_2201_leasing_fee_other_text,Leasing Fee Other Description,4a45a19a-8468-45c4-a00b-7ca4c7ae48d5,2,109,355.8,466,14,9,false,true,false,false,REVIEW REQUIRED,Narrative purpose but current height is ~1 line — dimension increase may be needed to cover the printed writing area.,true,Height 14pt ≈ 1 line(s). Expand only after confirming intended lined region on the PDF.,Enlarging may approach amount columns or following rows — review carefully.,REVIEW REQUIRED,lines=0; cap=1; underlineDerived=false
17,Third Party Financing Addendum,3a2cd294-0942-4fa9-8891-12b6e5b70a11,TXR_1901_ADDRESS_OF_PROPERTY,Address Of Property,4a6468ac-41c9-4c23-959e-46d0810973b5,2,56.88,48.57,498.12,15.77,9,false,false,false,false,LEAVE UNCHANGED,Normally single-line value (amount/date/name/address/code field).,false,,Low — no mask recommended.,LEAVE UNCHANGED,lines=0; cap=1; underlineDerived=false
11,One to Four Residential,b00cae55-3d09-49f4-a31b-df49b481b886,CONTRACT_BROKER_DISCLOSURE_TEXT,Broker Disclosure Text,4aac26d1-69d8-4a73-9865-f5c65ddb6d69,6,63.78,75,496.06,15.39,9,false,false,false,false,LEAVE UNCHANGED,Appears to be a normal single-line value placement.,false,,Low — no mask recommended.,LEAVE UNCHANGED,lines=0; cap=1; underlineDerived=false
20,Residential Condominium Contract (Resale),aa96660b-9ae0-4888-aa64-c32875bd1ad3,contract_sales_price_total,Contract Sales Price Total,4af78732-c3f1-4b70-b7ff-2ec8477ff0b7,2,438.4,117.9,119.6,14,,false,false,false,false,LEAVE UNCHANGED,Normally single-line value (amount/date/name/address/code field).,false,,Low — no mask recommended.,LEAVE UNCHANGED,lines=2; cap=1; underlineDerived=false
15,Residential Lease Listing,062a12a1-e0e3-425a-b995-0ad8492cc09c,brokerage_office_phone,Brokerage Office Phone,4b7f32be-9b3e-4560-8e39-5942d0eb3356,1,117.06,286.68,180,14,9,false,false,false,false,LEAVE UNCHANGED,Normally single-line value (amount/date/name/address/code field).,false,,Low — no mask recommended.,LEAVE UNCHANGED,lines=0; cap=1; underlineDerived=false
47,RESIDENTIAL LEASING AND PROPERTY MANAGEMENT AGREEMENT,48524db7-51cc-4bf3-b3d4-52077783a043,txr_2201_leasing_fee_gross_percent,Leasing Fee Gross Rents Percent,4b80e54a-91fb-46f8-821f-614767d839e2,2,109,330.6,88,14,9,false,false,false,false,LEAVE UNCHANGED,Normally single-line value (amount/date/name/address/code field).,false,,Low — no mask recommended.,LEAVE UNCHANGED,lines=0; cap=1; underlineDerived=false
38,FARM AND RANCH REAL ESTATE LISTING AGREEMENT - EXCLUSIVE RIGHT TO SELL,64cdcbf7-4427-4560-aa11-04d429c8c4fc,txr_1201_expansion_comp_base_rent_percent,TXR-1201 Expansion Comp Base Rent Percent,4bb2508e-e944-468a-b562-90b393f28e2f,4,107.3,632.9,44.6,14,9,false,false,false,false,LEAVE UNCHANGED,Normally single-line value (amount/date/name/address/code field).,false,,Low — no mask recommended.,LEAVE UNCHANGED,lines=0; cap=1; underlineDerived=false
17,Third Party Financing Addendum,38f11e3c-6833-47ed-aa57-3d7b7e270647,txr_1901_origination_charges_as_shown_on_buyers_loan_estimate_for_the_loan_not_to_exceed,Origination Charges As Shown On Buyers Loan Estimate For The Loan Not To Exceed,4bc93666-4844-4acb-b039-d5ae9f145f52,1,274.96,586.18,25.68,11.16,9,false,false,false,false,LEAVE UNCHANGED,Appears to be a normal single-line value placement.,false,,Low — no mask recommended.,LEAVE UNCHANGED,lines=0; cap=1; underlineDerived=false
38,FARM AND RANCH REAL ESTATE LISTING AGREEMENT - EXCLUSIVE RIGHT TO SELL,c7f23178-f033-4ab1-8b31-3ae82d7e86ca,txr_1201_renewal_expansion_other,TXR-1201 Renewal/Expansion Other,4bd8489f-00df-41c8-b87f-10e1904a486f,4,107.3,677.6,468.8,28,9,false,false,false,false,LEAVE UNCHANGED,Normally single-line value (amount/date/name/address/code field).,false,,Low — no mask recommended.,LEAVE UNCHANGED,lines=0; cap=2; underlineDerived=false
48,SELLER'S TEMPORARY RESIDENTIAL LEASE,a4aca1c4-4410-4276-9418-18ab0bc68db2,txr_1910_tenant_phone,TXR-1910 Tenant Notice Phone,4c4918fb-0b6c-473e-8ec4-b552f9b08ac3,2,392.6,508,181.2,14,9,false,false,false,false,LEAVE UNCHANGED,Normally single-line value (amount/date/name/address/code field).,false,,Low — no mask recommended.,LEAVE UNCHANGED,lines=0; cap=1; underlineDerived=true
28,ADDENDUM CONCERNING RIGHT TO TERMINATE DUE TO LENDER'S APPRAISAL,a7b24df3-8ea4-4ca9-8f3b-26db17281415,txr_1948_terminate_within_days,TXR-1948 Terminate Within Days,4c6b39b5-e54c-481b-aace-2d1e61f48a87,1,65,462,45,14,9,false,true,false,false,REVIEW REQUIRED,Narrative purpose but current height is ~1 line — dimension increase may be needed to cover the printed writing area.,true,Height 14pt ≈ 1 line(s). Expand only after confirming intended lined region on the PDF.,Enlarging may approach amount columns or following rows — review carefully.,REVIEW REQUIRED,lines=0; cap=1; underlineDerived=false
49,TERMINATION OF BUYER/TENANT REPRESENTATION AGREEMENT,61fc5966-a3d3-403b-88e4-554048aef71a,txr_1503_termination_date,TXR-1503 Termination Date,4ca8e2c8-137c-4d43-8824-b41e34cddd8f,1,412.2,177.5,157.5,14,9,false,false,false,false,LEAVE UNCHANGED,Normally single-line value (amount/date/name/address/code field).,false,,Low — no mask recommended.,LEAVE UNCHANGED,lines=0; cap=1; underlineDerived=false
47,RESIDENTIAL LEASING AND PROPERTY MANAGEMENT AGREEMENT,c756bd43-3830-436e-a2d2-6d19059cc77d,txr_2201_add_other_n_text,Addendum Other N Description,4d31ae31-87b5-401c-871c-3c70e5fbfdf6,11,73,638.9,502,14,9,false,true,false,false,REVIEW REQUIRED,Narrative purpose but current height is ~1 line — dimension increase may be needed to cover the printed writing area.,true,Height 14pt ≈ 1 line(s). Expand only after confirming intended lined region on the PDF.,Enlarging may approach amount columns or following rows — review carefully.,REVIEW REQUIRED,lines=0; cap=1; underlineDerived=false
18,Residential Lease,aadc7808-7fb3-4c67-be1f-fd7c37df1522,TXR_2001_REPLACEMENT_TENANT_FEE_TENANT_PROCURES_PERCENT,Tenant procures replacement percent,4d38f8ad-b98a-4349-ab86-161ed0770cc0,13,180,516,54,16,9,false,false,false,false,LEAVE UNCHANGED,Appears to be a normal single-line value placement.,false,,Low — no mask recommended.,LEAVE UNCHANGED,lines=0; cap=1; underlineDerived=false
13,Amendment to Listing Agreement,bac5c26a-e548-4ca8-96ee-190fb0723e50,listing_amendment_resume_marketing_date,Resume Marketing Date,4d447cab-db80-4dc6-91d9-bf9747d3dd1d,1,105.21,438.73,202.72,13.47,9,false,false,false,false,LEAVE UNCHANGED,Normally single-line value (amount/date/name/address/code field).,false,,Low — no mask recommended.,LEAVE UNCHANGED,lines=0; cap=1; underlineDerived=false
47,RESIDENTIAL LEASING AND PROPERTY MANAGEMENT AGREEMENT,c01e9d60-2a36-45f1-8ce6-6b26ac09cbb0,landlord_email,Landlord Email,4d4c7213-282b-42cd-bd2e-8dab55553794,1,110.3,271.6,464.7,14,9,false,false,false,false,LEAVE UNCHANGED,Normally single-line value (amount/date/name/address/code field).,false,,Low — no mask recommended.,LEAVE UNCHANGED,lines=0; cap=1; underlineDerived=false
11,One to Four Residential,5278eb4f-81c5-4516-9a1e-dc2fe9b3694a,CONTRACT_SELLER_ASSOCIATE_PHONE,Seller Associate Phone,4db3d196-1dcf-43b1-9878-c34a45a3f3db,11,174.1,225.69,120,14,9,false,false,false,false,LEAVE UNCHANGED,Normally single-line value (amount/date/name/address/code field).,false,,Low — no mask recommended.,LEAVE UNCHANGED,lines=1; cap=1; underlineDerived=false
34,AMENDMENT TO FARM AND RANCH LISTING - EXCLUSIVE RIGHT TO SELL,9e2d6525-3f8c-46db-a306-49e7ac5c7051,PROPERTY_FULL_ADDRESS,Property Full Address,4de72da5-fea1-4e77-afd1-f162c205c4bd,1,93.62,165.72,466.38,15.4,9,false,false,false,false,LEAVE UNCHANGED,Normally single-line value (amount/date/name/address/code field).,false,,Low — no mask recommended.,LEAVE UNCHANGED,lines=0; cap=1; underlineDerived=false
11,One to Four Residential,ae78da9f-90e5-48fd-9724-8d4562052057,PROPERTY_CITY,Property City,4dffdd61-1412-475a-a851-3320be79751d,1,159.54,175.05,120.04,11.8,9,false,false,false,false,LEAVE UNCHANGED,Normally single-line value (amount/date/name/address/code field).,false,,Low — no mask recommended.,LEAVE UNCHANGED,lines=3; cap=1; underlineDerived=false
33,AMENDMENT TO BUYER/TENANT REPRESENTATION AGREEMENT,5ee81446-1d60-4db0-bc43-41783dcb4a99,txr_1505_bonus_property,TXR-1505 E Bonus Property Address,4e00ecda-767b-4d95-8a6c-c856cdcf885c,1,72.57,451.72,400,14,9,false,false,false,false,LEAVE UNCHANGED,Normally single-line value (amount/date/name/address/code field).,false,,Low — no mask recommended.,LEAVE UNCHANGED,lines=0; cap=1; underlineDerived=false
43,NOTICE OF SELLER'S TERMINATION OF CONTRACT,9e2d6525-3f8c-46db-a306-49e7ac5c7051,PROPERTY_FULL_ADDRESS,Property Full Address,4e10bb40-7cea-46ee-9fdb-86dc9e59716d,1,49.8,113.5,510.2,14,9,false,false,false,false,LEAVE UNCHANGED,Normally single-line value (amount/date/name/address/code field).,false,,Low — no mask recommended.,LEAVE UNCHANGED,lines=0; cap=1; underlineDerived=false
11,One to Four Residential,f63d04bc-4e6b-44fe-8990-f93a07e3c219,contract_buyer_contribution_amount,Buyer Contribution Amount,4e1b2c02-0318-4cf7-9ad8-3580c026ec9d,7,310.53,155.08,49.25,13.85,9,false,false,false,false,LEAVE UNCHANGED,Normally single-line value (amount/date/name/address/code field).,false,,Low — no mask recommended.,LEAVE UNCHANGED,lines=0; cap=1; underlineDerived=false
20,Residential Condominium Contract (Resale),1f6d3787-a26d-41a8-bca1-0e3c12aa01da,CONTRACT_SELLER_ASSOCIATE_NAME,Seller Associate Name,4e6575ce-8411-4025-84c1-3ac3cc75f204,9,147.2,177.9,240,14,,false,false,false,false,LEAVE UNCHANGED,Normally single-line value (amount/date/name/address/code field).,false,,Low — no mask recommended.,LEAVE UNCHANGED,lines=1; cap=1; underlineDerived=false
20,Residential Condominium Contract (Resale),b42f2091-5492-46d3-8c28-5fd714455bf3,CONTRACT_BUYER_BROKERAGE_NAME,Buyer Brokerage Name,4fa87550-9c3f-420b-8dab-f276716081b8,9,50.8,279.1,233.9,14,,false,false,false,false,LEAVE UNCHANGED,Normally single-line value (amount/date/name/address/code field).,false,,Low — no mask recommended.,LEAVE UNCHANGED,lines=1; cap=1; underlineDerived=false
13,Amendment to Listing Agreement,62017bb4-f524-4414-be0d-9c16ce0e07e1,listing_amendment_cease_marketing_date,Cease Marketing Date,4fdc5552-42c8-41da-88da-6f3e52de2e0d,1,365.98,409.6,100,14,9,false,false,false,false,LEAVE UNCHANGED,Normally single-line value (amount/date/name/address/code field).,false,,Low — no mask recommended.,LEAVE UNCHANGED,lines=0; cap=1; underlineDerived=false
20,Residential Condominium Contract (Resale),08b90eab-0dca-427a-b41f-ad38d2033077,contract_intermediary_seller_associate_email,Intermediary Seller Associate Email,50692335-df35-4abd-b7e2-5b30e6fd1496,9,160.2,547.5,240,14,,false,false,false,false,LEAVE UNCHANGED,Normally single-line value (amount/date/name/address/code field).,false,,Low — no mask recommended.,LEAVE UNCHANGED,lines=1; cap=1; underlineDerived=false
11,One to Four Residential,1ff64dc0-48bb-4c01-9840-2fbc9c377212,CONTRACT_SELLER_NAMES,Contract Seller Names,5069b36e-9908-463c-9256-0160113a7de3,1,280.6,84.6,273.42,13.85,9,false,false,false,false,LEAVE UNCHANGED,Appears to be a normal single-line value placement.,false,,Low — no mask recommended.,LEAVE UNCHANGED,lines=0; cap=1; underlineDerived=false
49,TERMINATION OF BUYER/TENANT REPRESENTATION AGREEMENT,52fe5873-1f11-49a1-8d86-13a80f1efe64,txr_1503_fee_sales_pct,TXR-1503 Fee Sales Percent,5088baa4-42fd-456c-82e4-ca31d4702b24,1,90.5,336,33.4,14,9,false,false,false,false,LEAVE UNCHANGED,Normally single-line value (amount/date/name/address/code field).,false,,Low — no mask recommended.,LEAVE UNCHANGED,lines=0; cap=1; underlineDerived=false
38,FARM AND RANCH REAL ESTATE LISTING AGREEMENT - EXCLUSIVE RIGHT TO SELL,624ccb71-0ca2-48f8-b7ba-a25f183d6f10,seller_name_2,Seller Name 2,5096c3ac-6b28-4ca3-8371-e1119f5793f0,1,90,170.2,486.1,14,9,false,false,false,false,LEAVE UNCHANGED,Normally single-line value (amount/date/name/address/code field).,false,,Low — no mask recommended.,LEAVE UNCHANGED,lines=0; cap=1; underlineDerived=false
16,Amendment to Lease Listing,943eb6ff-cc7d-4c86-8013-dde85760e99d,lease_listing_amendment_effective_date,Lease Listing Amendment Effective Date,50e710c9-de48-4be6-a129-4bb7fbf81b4d,1,88.51,191.77,100,14,9,false,false,false,false,LEAVE UNCHANGED,Normally single-line value (amount/date/name/address/code field).,false,,Low — no mask recommended.,LEAVE UNCHANGED,lines=0; cap=1; underlineDerived=false
1,Buyer Rep Agreement,a0b6af87-0651-4690-bc5b-f0d752fdd717,BUYER_2_EMAIL,Buyer 2 Email,50e8332b-b5ba-4322-b7c0-2fe17945763b,1,382.02,232.86,193.09,11.55,10,false,false,false,false,LEAVE UNCHANGED,Normally single-line value (amount/date/name/address/code field).,false,,Low — no mask recommended.,LEAVE UNCHANGED,lines=0; cap=1; underlineDerived=false
47,RESIDENTIAL LEASING AND PROPERTY MANAGEMENT AGREEMENT,9e2d6525-3f8c-46db-a306-49e7ac5c7051,PROPERTY_FULL_ADDRESS,Property Full Address,51392cd5-b259-48d6-abd9-61a16afae43c,13,204.2,31.4,298.8,14,9,false,false,false,false,LEAVE UNCHANGED,Normally single-line value (amount/date/name/address/code field).,false,,Low — no mask recommended.,LEAVE UNCHANGED,lines=0; cap=1; underlineDerived=false
7,Listing Agreement,9e2d6525-3f8c-46db-a306-49e7ac5c7051,PROPERTY_FULL_ADDRESS,Property Full Address,51a0df76-8974-4292-802f-5f1499d68034,1,75.45,424.52,371.41,11.29,9,false,false,false,false,LEAVE UNCHANGED,Normally single-line value (amount/date/name/address/code field).,false,,Low — no mask recommended.,LEAVE UNCHANGED,lines=0; cap=1; underlineDerived=false
17,Third Party Financing Addendum,f26f9525-26eb-4754-a6db-b575f7f85af8,txr_1901_not_to_exceed,Not To Exceed,520fc7aa-98d0-4abf-b0d1-59d431354ffa,1,204.23,410.76,38.76,11.16,9,false,false,false,false,LEAVE UNCHANGED,Appears to be a normal single-line value placement.,false,,Low — no mask recommended.,LEAVE UNCHANGED,lines=0; cap=1; underlineDerived=false
11,One to Four Residential,c87dbe71-747f-4f50-b82f-74c1cee5149d,contract_option_period_days,Option Period Days,5212ea32-616c-4cc5-86c8-ab03bcb84065,2,77.69,284.02,36.42,11.8,9,false,false,false,false,LEAVE UNCHANGED,Normally single-line value (amount/date/name/address/code field).,false,,Low — no mask recommended.,LEAVE UNCHANGED,lines=0; cap=1; underlineDerived=false
25,Condominium Resale Certificate,48245a9a-786e-47e0-ba28-38588de59fbd,condo_resale_transfer_fee_amount_1,Transfer Fee Amount 1,52488bd5-83ec-4796-9db1-22d9211313a7,2,387,158,152,14,9,false,false,false,false,LEAVE UNCHANGED,Normally single-line value (amount/date/name/address/code field).,false,,Low — no mask recommended.,LEAVE UNCHANGED,lines=0; cap=1; underlineDerived=false
15,Residential Lease Listing,124b6f29-f351-41b2-ac59-cb85ea0496b1,lease_rent_due_other,Lease Rent Due Other,5319d796-41ae-48d2-9de7-46bf7a277e38,9,343.57,404.58,150,14,9,false,false,false,false,LEAVE UNCHANGED,Normally single-line value (amount/date/name/address/code field).,false,,Low — no mask recommended.,LEAVE UNCHANGED,lines=0; cap=1; underlineDerived=false
7,Listing Agreement,83a2e473-13f5-4bf9-89fe-2120b591b857,AGENT_LICENSE_NUMBER,Agent License Number,53318d7a-741f-483b-8d6f-c062cee7db3b,11,206.23,413.47,93.88,17.95,10,false,false,false,false,LEAVE UNCHANGED,Normally single-line value (amount/date/name/address/code field).,false,,Low — no mask recommended.,LEAVE UNCHANGED,lines=0; cap=1; underlineDerived=false
51,Itemization of Security Deposit,d1024ddb-2c0b-4359-b77f-f67d47ebb0ed,txr_2216_inaccessible_access_amount,TXR-2216 Inaccessible Property Access Amount,53a017f4-d048-4f00-b237-5db006f3a9d6,2,474.5,130.5,101.5,14,9,false,false,false,false,LEAVE UNCHANGED,Normally single-line value (amount/date/name/address/code field).,false,,Low — no mask recommended.,LEAVE UNCHANGED,lines=0; cap=1; underlineDerived=true
15,Residential Lease Listing,ca451635-4830-40ac-86b4-8888a8cc79d9,lease_listing_end_date,Lease Listing End Date,53bba379-b03d-4ac5-a064-6a9bebf3fe93,1,438.42,680.38,110,14,9,false,false,false,false,LEAVE UNCHANGED,Normally single-line value (amount/date/name/address/code field).,false,,Low — no mask recommended.,LEAVE UNCHANGED,lines=0; cap=1; underlineDerived=false
18,Residential Lease,3e4e2e30-4fdf-4ae6-8444-fcab30e41442,txr_2001_occupants_names_dob,Occupants names and DOB,53d1c72d-b1bc-4d63-bb15-8878c9ff76b2,1,73.28,235.74,504.23,32.72,9,false,false,false,false,LEAVE UNCHANGED,Normally single-line value (amount/date/name/address/code field).,false,,Low — no mask recommended.,LEAVE UNCHANGED,lines=0; cap=2; underlineDerived=false
11,One to Four Residential,71f118dc-7958-4357-a8cd-0d9629c4e22f,CONTRACT_INTERMEDIARY_BUYER_ASSOCIATE_PHONE,Intermediary Buyer Associate Phone,540f54ae-a8a4-4ccb-a02a-a4330c62b202,11,183.8,655.2,125,14,9,false,false,false,false,LEAVE UNCHANGED,Normally single-line value (amount/date/name/address/code field).,false,,Low — no mask recommended.,LEAVE UNCHANGED,lines=1; cap=1; underlineDerived=false
34,AMENDMENT TO FARM AND RANCH LISTING - EXCLUSIVE RIGHT TO SELL,c6352ec2-47d9-4be6-9c15-21e94caeeab0,txr_1422_cease_marketing_date,TXR-1422 E Cease Marketing Date,5424c81b-4b3a-46b6-897b-bba7676f99d6,1,361.55,409,130,14,9,false,false,false,false,LEAVE UNCHANGED,Normally single-line value (amount/date/name/address/code field).,false,,Low — no mask recommended.,LEAVE UNCHANGED,lines=0; cap=1; underlineDerived=false
40,NON-REALTY ITEMS ADDENDUM,19559617-2562-4b67-9118-457ab95c8a42,txr_1924_personal_property_description,TXR-1924 Personal Property Description,542cdc3c-e0ba-4dfa-ab12-9438ca1afb94,1,64.5,236.7,502.5,202,9,false,true,false,false,MEDIUM CONFIDENCE,Tall narrative box (~18 lines) without conclusive line geometry; multiline recommended; mask only after visual confirm of printed lines.,false,,Low — no mask recommended.,MEDIUM CONFIDENCE,lines=0; cap=18; underlineDerived=false
37,FARM AND RANCH CONTRACT,9e2d6525-3f8c-46db-a306-49e7ac5c7051,PROPERTY_FULL_ADDRESS,Property Full Address,54578416-67a2-47e2-bc0b-dacbed8229b7,6,120.57,29.09,322.68,14.11,9,false,false,false,false,LEAVE UNCHANGED,Normally single-line value (amount/date/name/address/code field).,false,,Low — no mask recommended.,LEAVE UNCHANGED,lines=1; cap=1; underlineDerived=false
25,Condominium Resale Certificate,346997ec-885c-45d4-ad40-1091db0682c5,condo_resale_right_of_refusal_declaration_section,Right of First Refusal Declaration Section,54e94515-eb98-4d12-82e1-2419081eb7a5,1,66.4,197,40,12,9,false,false,false,false,LEAVE UNCHANGED,Normally single-line value (amount/date/name/address/code field).,false,,Low — no mask recommended.,LEAVE UNCHANGED,lines=0; cap=1; underlineDerived=false
18,Residential Lease,88ea79d1-85c6-4932-8d4e-5fc3f0ce8115,txr_2001_addendum_custom_1_text,Custom addendum left,54fe0b2a-be54-4b40-85d5-38824b89ff2d,14,74.56,158.62,215.97,12.31,9,false,true,false,false,REVIEW REQUIRED,Narrative purpose but current height is ~1 line — dimension increase may be needed to cover the printed writing area.,true,Height 12.31pt ≈ 1 line(s). Expand only after confirming intended lined region on the PDF.,Enlarging may approach amount columns or following rows — review carefully.,REVIEW REQUIRED,lines=0; cap=1; underlineDerived=false
11,One to Four Residential,9b1476c9-c080-4cba-ba90-083ffac3acc9,CONTRACT_SELLER_BROKERAGE_ADDRESS,Seller Brokerage Address,5502deed-5a7d-4fb0-83e1-e72ccaa7aec2,11,106.29,153.42,365,14,9,false,false,false,false,LEAVE UNCHANGED,Normally single-line value (amount/date/name/address/code field).,false,,Low — no mask recommended.,LEAVE UNCHANGED,lines=1; cap=1; underlineDerived=false
18,Residential Lease,70acefff-d8fe-495b-96c4-3d675b900911,txr_2001_hoa_name,HOA name if any,55ef9e44-2e9d-47b4-bc22-9b8a3ac9ec28,5,77.77,372.68,486.26,13.47,9,false,false,false,false,LEAVE UNCHANGED,Normally single-line value (amount/date/name/address/code field).,false,,Low — no mask recommended.,LEAVE UNCHANGED,lines=0; cap=1; underlineDerived=false
3,IABS,062a12a1-e0e3-425a-b995-0ad8492cc09c,brokerage_office_phone,Brokerage Office Phone,56b2ccac-5d06-4b1e-8d47-29e3e03b1fd7,1,478.4,608,118.4,17.6,10,false,false,false,false,LEAVE UNCHANGED,Normally single-line value (amount/date/name/address/code field).,false,,Low — no mask recommended.,LEAVE UNCHANGED,lines=0; cap=1; underlineDerived=false
35,ANIMAL AGREEMENT,3766b7bf-ddc7-4522-8c67-c4655fd10e71,txr_2004_animal_1_color,TXR-2004 Animal 1 Color,570737ad-ad38-4932-b540-4211585cca31,1,99.51,375.36,81.47,14.11,9,false,false,false,false,LEAVE UNCHANGED,Normally single-line value (amount/date/name/address/code field).,false,,Low — no mask recommended.,LEAVE UNCHANGED,lines=0; cap=1; underlineDerived=false
31,ADDENDUM REGARDING FIXTURE LEASES,fb52928e-54f8-4236-a1a4-476c45b2603f,txr_1954_assume_cost_buyer_first,TXR-1954 Buyer First Cost to Assume,575de9c9-0b97-4748-8e9f-b37b7a9cd504,1,482.9,247.95,90,14,9,false,true,false,false,REVIEW REQUIRED,Narrative purpose but current height is ~1 line — dimension increase may be needed to cover the printed writing area.,true,Height 14pt ≈ 1 line(s). Expand only after confirming intended lined region on the PDF.,Enlarging may approach amount columns or following rows — review carefully.,REVIEW REQUIRED,lines=0; cap=1; underlineDerived=false
1,Buyer Rep Agreement,9052015a-dfb9-41b3-b9a9-028ebbe8673b,OTHER_DOCUMENT_DESCRIPTION,Other Document Description,575ed17c-c983-4e7f-989f-e651bdca27bf,5,349.63,330.19,262.38,14.11,10,false,true,false,false,REVIEW REQUIRED,Narrative purpose but current height is ~1 line — dimension increase may be needed to cover the printed writing area.,true,Height 14.11pt ≈ 1 line(s). Expand only after confirming intended lined region on the PDF.,Enlarging may approach amount columns or following rows — review carefully.,REVIEW REQUIRED,lines=0; cap=1; underlineDerived=false
16,Amendment to Lease Listing,63f30fd5-6a3d-43ee-9a0c-8efb1221cac6,lease_listing_amend_paragraph_changes,Lease Listing Amend Paragraph Changes,577c03df-6fa5-45b2-9f3c-d0dc81f77e18,1,87.39,526.23,485,35,9,false,true,false,false,MEDIUM CONFIDENCE,Tall narrative box (~3 lines) without conclusive line geometry; multiline recommended; mask only after visual confirm of printed lines.,false,,Low — no mask recommended.,MEDIUM CONFIDENCE,lines=0; cap=3; underlineDerived=false
15,Residential Lease Listing,88d8e554-0ed0-40a4-a496-40f50637b587,lease_additional_late_charge_daily_amount,Lease Additional Late Charge Daily Amount,57e26833-ee6a-4cbc-98a9-5c94107dcd35,9,222.07,470.72,75,14,9,false,false,false,false,LEAVE UNCHANGED,Normally single-line value (amount/date/name/address/code field).,false,,Low — no mask recommended.,LEAVE UNCHANGED,lines=0; cap=1; underlineDerived=false
18,Residential Lease,bd0a7cb4-4a2d-4cd6-a5f5-18f7af126853,txr_2001_expiration_date,Lease end date,58399e06-9a0a-495b-b343-8ab87cbb05ab,1,411,498,165,16,9,false,false,false,false,LEAVE UNCHANGED,Normally single-line value (amount/date/name/address/code field).,false,,Low — no mask recommended.,LEAVE UNCHANGED,lines=0; cap=1; underlineDerived=false
15,Residential Lease Listing,e4daf38a-7766-4d69-88f7-4abb20ee16d3,lease_mls_delayed_purpose,Lease MLS Delayed Purpose,583bf9d5-48d1-45a4-a348-294f57dcc013,4,344.71,186.78,233.41,34.88,9,false,false,false,false,LEAVE UNCHANGED,Normally single-line value (amount/date/name/address/code field).,false,,Low — no mask recommended.,LEAVE UNCHANGED,lines=0; cap=3; underlineDerived=false
11,One to Four Residential,a68f94bb-1c06-4b40-b54f-9889c945e80f,property_concerning_full_address,Contract Concerning Property Address,583d3340-1d30-441d-a3ba-14de503c4b70,6,145,31,320,14,9,false,false,false,false,LEAVE UNCHANGED,Normally single-line value (amount/date/name/address/code field).,false,,Low — no mask recommended.,LEAVE UNCHANGED,lines=1; cap=1; underlineDerived=false
39,INTERMEDIARY RELATIONSHIP NOTICE,d56e69cc-1b8d-4af9-9cc8-f53a69da1521,txr_1409_buyer_or_tenant,TXR-1409 Buyer or Tenant,586c9601-d440-4df0-8a3c-c1aad8095285,1,103.9,227.3,364.1,14,9,false,false,false,false,LEAVE UNCHANGED,Normally single-line value (amount/date/name/address/code field).,false,,Low — no mask recommended.,LEAVE UNCHANGED,lines=0; cap=1; underlineDerived=false
25,Condominium Resale Certificate,3a7ac0c0-7146-4b3d-be26-424f879b7c92,condo_resale_managing_agent_name,Association Managing Agent Name,5885ef1e-2380-4754-b164-c8e25402f418,1,280,626,270,12,9,false,false,false,false,LEAVE UNCHANGED,Normally single-line value (amount/date/name/address/code field).,false,,Low — no mask recommended.,LEAVE UNCHANGED,lines=0; cap=1; underlineDerived=false
38,FARM AND RANCH REAL ESTATE LISTING AGREEMENT - EXCLUSIVE RIGHT TO SELL,9960397d-e090-4299-be85-fb3af57d5e25,BROKERAGE_CITY_STATE_ZIP,"Brokerage City, State, Zip",592bcf93-2ff0-4170-995a-f72d466e8360,1,150.3,281.7,425.8,14,9,false,false,false,false,LEAVE UNCHANGED,Normally single-line value (amount/date/name/address/code field).,false,,Low — no mask recommended.,LEAVE UNCHANGED,lines=0; cap=1; underlineDerived=false
11,One to Four Residential,fc51201d-953c-4d8d-b6f6-892e5665c488,contract_escrow_agent_name,Escrow Agent Name,5974b8c7-97ab-45f9-bad0-6d1a5b026fc0,2,151.98,73.9,153.9,13.85,9,false,false,false,false,LEAVE UNCHANGED,Normally single-line value (amount/date/name/address/code field).,false,,Low — no mask recommended.,LEAVE UNCHANGED,lines=1; cap=1; underlineDerived=false
7,Listing Agreement,eeded65d-fb2e-4b96-9358-eeb7cbfe57d1,financing_other_description,Financing Other Description,59e44d2f-d02e-48ae-93e9-cb04be500025,7,339.99,270.71,200,14,9,false,true,false,false,REVIEW REQUIRED,Narrative purpose but current height is ~1 line — dimension increase may be needed to cover the printed writing area.,true,Height 14pt ≈ 1 line(s). Expand only after confirming intended lined region on the PDF.,Enlarging may approach amount columns or following rows — review carefully.,REVIEW REQUIRED,lines=0; cap=1; underlineDerived=false
44,NOTICE TO PURCHASER OF SPECIAL TAXING OR ASSESSMENT DISTRICT,8f9c4d85-0d18-460a-be00-ad7f19628d95,txr_1420_bonds_issued_other_description,TXR-1420 Bonds Issued Other Description,59f9250c-f607-4abf-8068-fbc696c0a74c,1,214.7,727.3,339.8,14,9,false,true,false,false,REVIEW REQUIRED,Narrative purpose but current height is ~1 line — dimension increase may be needed to cover the printed writing area.,true,Height 14pt ≈ 1 line(s). Expand only after confirming intended lined region on the PDF.,Enlarging may approach amount columns or following rows — review carefully.,REVIEW REQUIRED,lines=0; cap=1; underlineDerived=false
24,Condominium Addendum to Listing,549ce86e-2a1a-4f48-8872-a5e7b88a5c01,listing_condo_delinquency_exceptions,Condo Assessment Delinquency Exceptions,5a227528-7ad9-4e47-8bea-1a586038b9f5,1,325,376,240,14,9,false,true,false,false,REVIEW REQUIRED,Narrative purpose but current height is ~1 line — dimension increase may be needed to cover the printed writing area.,true,Height 14pt ≈ 1 line(s). Expand only after confirming intended lined region on the PDF.,Enlarging may approach amount columns or following rows — review carefully.,REVIEW REQUIRED,lines=0; cap=1; underlineDerived=false
33,AMENDMENT TO BUYER/TENANT REPRESENTATION AGREEMENT,3c926f66-7317-4938-b7c9-8af764facb7d,brokerage_license_number,Brokerage License Number,5a55589f-0d4f-4c7a-86ad-b76ddac2f4e8,1,226.12,622.32,100,14,9,false,false,false,false,LEAVE UNCHANGED,Normally single-line value (amount/date/name/address/code field).,false,,Low — no mask recommended.,LEAVE UNCHANGED,lines=0; cap=1; underlineDerived=false
20,Residential Condominium Contract (Resale),5dbc036b-75f6-4de4-b327-c47581c0bc2f,contract_sales_price_financing,Contract Sales Price Financing,5a8271d6-d135-48e4-b66b-f5de70e89ec7,2,438.4,106.6,119.6,14,,false,false,false,false,LEAVE UNCHANGED,Normally single-line value (amount/date/name/address/code field).,false,,Low — no mask recommended.,LEAVE UNCHANGED,lines=1; cap=1; underlineDerived=false
14,Amendment to Contract,26b7f599-9cff-4507-88d3-b601115adaca,contract_amend_cash_price,Amendment Cash Portion of Sales Price,5ae2f190-340f-40a5-ba78-6c1ca2469b94,1,477.09,135.3,75,14,9,false,false,false,false,LEAVE UNCHANGED,Normally single-line value (amount/date/name/address/code field).,false,,Low — no mask recommended.,LEAVE UNCHANGED,lines=0; cap=1; underlineDerived=false
47,RESIDENTIAL LEASING AND PROPERTY MANAGEMENT AGREEMENT,9e2d6525-3f8c-46db-a306-49e7ac5c7051,PROPERTY_FULL_ADDRESS,Property Full Address,5aea3990-a154-44d5-81c6-e251dc532383,2,204.2,31.4,298.8,14,9,false,false,false,false,LEAVE UNCHANGED,Normally single-line value (amount/date/name/address/code field).,false,,Low — no mask recommended.,LEAVE UNCHANGED,lines=0; cap=1; underlineDerived=false
20,Residential Condominium Contract (Resale),e69b3ca9-8dd7-467b-873d-28ea5d0e91fd,CONTRACT_SELLER_NOTICE_ADDRESS,Seller Notice Address,5b07c40e-e965-4e89-a4ff-e1e3a7572a00,7,372.2,181.3,171.5,14,,false,false,false,false,LEAVE UNCHANGED,Normally single-line value (amount/date/name/address/code field).,false,,Low — no mask recommended.,LEAVE UNCHANGED,lines=1; cap=1; underlineDerived=false
38,FARM AND RANCH REAL ESTATE LISTING AGREEMENT - EXCLUSIVE RIGHT TO SELL,731ea151-77d8-429a-9ca7-99d7d318f37c,LISTING_AGREEMENT_CONCERNING,Listing Agreement Concerning,5b77757e-d591-41a2-ba59-a7658bb9593c,12,180.6,26.2,395.5,14,9,false,false,false,false,LEAVE UNCHANGED,Normally single-line value (amount/date/name/address/code field).,false,,Low — no mask recommended.,LEAVE UNCHANGED,lines=0; cap=1; underlineDerived=false
7,Listing Agreement,b9a56364-5a85-404e-a38c-ccd338b4a4d1,listing_broker_no_coop_other,Listing Broker Fee Without Other Broker Other,5b79cd45-33f9-426f-a7cc-33b23bc37e91,2,123.19,585.17,418.09,13.85,9,false,false,false,false,LEAVE UNCHANGED,Normally single-line value (amount/date/name/address/code field).,false,,Low — no mask recommended.,LEAVE UNCHANGED,lines=0; cap=1; underlineDerived=false
17,Third Party Financing Addendum,be657a98-1e46-4881-b400-5bc1e2653afe,txr_1901_with_interest_not_to_exceed,With Interest Not To Exceed,5bb78617-4d78-4301-91e5-9aae7b05f49f,1,227.61,504.42,28.32,11.04,9,false,false,false,false,LEAVE UNCHANGED,Appears to be a normal single-line value placement.,false,,Low — no mask recommended.,LEAVE UNCHANGED,lines=0; cap=1; underlineDerived=false
47,RESIDENTIAL LEASING AND PROPERTY MANAGEMENT AGREEMENT,0274b1a8-8c53-4ba7-8dd2-c15f80c1e785,txr_2201_offboard_fee_hourly_amount,Off-Boarding Hourly Rate Amount,5bc1fbc7-7ce8-4114-85d6-27e5c2f15337,3,189.5,301.2,57.6,14,9,false,false,false,false,LEAVE UNCHANGED,Normally single-line value (amount/date/name/address/code field).,false,,Low — no mask recommended.,LEAVE UNCHANGED,lines=0; cap=1; underlineDerived=false
47,RESIDENTIAL LEASING AND PROPERTY MANAGEMENT AGREEMENT,1138b3e2-95de-45e3-b475-4fb77d9445ac,txr_2201_offboard_extension_days,Off-Boarding Authority Extension Days,5bd5aebe-8667-4524-b3a7-bbed5f9b0d0d,9,520.6,665.8,30.2,14,9,false,false,false,false,LEAVE UNCHANGED,Appears to be a normal single-line value placement.,false,,Low — no mask recommended.,LEAVE UNCHANGED,lines=0; cap=1; underlineDerived=false
17,Third Party Financing Addendum,0f8859e7-5a63-4602-9ce8-d153a6252214,txr_1901_any_financed_pmi_premium_or_other_costs_with_interest_not_to_exceed,Any Financed Pmi Premium Or Other Costs With Interest Not To Exceed,5be493d3-b055-4a5a-8ef0-654cc0d579b0,1,451.05,563.04,34.32,11.16,9,false,false,false,false,LEAVE UNCHANGED,Appears to be a normal single-line value placement.,false,,Low — no mask recommended.,LEAVE UNCHANGED,lines=0; cap=1; underlineDerived=false
18,Residential Lease,8d7eaeae-1fbc-444d-83d7-d3606a6d11b1,TXR_2001_UTILITIES_LANDLORD_PAYS,Utilities paid by Landlord,5cb375d5-c584-4c0b-9d0f-2b0209b5d441,5,73.92,187.4,504.23,28.87,9,false,false,false,false,LEAVE UNCHANGED,Appears to be a normal single-line value placement.,false,,Low — no mask recommended.,LEAVE UNCHANGED,lines=0; cap=2; underlineDerived=false
38,FARM AND RANCH REAL ESTATE LISTING AGREEMENT - EXCLUSIVE RIGHT TO SELL,6885368c-c0ea-4b17-9734-631311a353b3,txr_1201_res_timber_retained_by_seller,TXR-1201 Reservations timber Retained by Seller,5cb9cf4e-90cc-4510-9692-89a57af9c93d,2,360.9,458.6,215.2,24,9,false,false,false,false,LEAVE UNCHANGED,Normally single-line value (amount/date/name/address/code field).,false,,Low — no mask recommended.,LEAVE UNCHANGED,lines=0; cap=2; underlineDerived=false
37,FARM AND RANCH CONTRACT,9b1d749a-68ff-4c93-95bf-d5571fa23f2d,txr_1701_farm_accessory_other,Farm Accessory: Other,5cd5e977-ba4b-4e1d-b76f-5209998f0d97,1,90.25,359.89,459.32,14.75,9,false,false,false,false,LEAVE UNCHANGED,Normally single-line value (amount/date/name/address/code field).,false,,Low — no mask recommended.,LEAVE UNCHANGED,lines=1; cap=1; underlineDerived=false
38,FARM AND RANCH REAL ESTATE LISTING AGREEMENT - EXCLUSIVE RIGHT TO SELL,4729a7d9-1d9b-4e6c-bfa1-7a94438c3d74,txr_1201_res_easements_held_by_others,TXR-1201 Reservations easements Held by Others,5d0ae280-fd06-49ba-8784-7875fe266d6a,2,144.4,482.7,196.6,24,9,false,false,false,false,LEAVE UNCHANGED,Normally single-line value (amount/date/name/address/code field).,false,,Low — no mask recommended.,LEAVE UNCHANGED,lines=0; cap=2; underlineDerived=false
38,FARM AND RANCH REAL ESTATE LISTING AGREEMENT - EXCLUSIVE RIGHT TO SELL,12c7110c-6b89-4f2d-8b8a-12a25e1dab56,txr_1201_res_water_rights_retained_by_seller,TXR-1201 Reservations water_rights Retained by Seller,5d6b1f9e-0740-4a95-b4d4-0fafd98d2e56,2,360.9,506.8,215.2,24,9,false,false,false,false,LEAVE UNCHANGED,Normally single-line value (amount/date/name/address/code field).,false,,Low — no mask recommended.,LEAVE UNCHANGED,lines=0; cap=2; underlineDerived=false
11,One to Four Residential,264c6379-7d86-4c41-896b-e3f18f20fb42,contract_buyer_attorney_email,Buyer Attorney Email,5d952df8-a22b-480e-b6fa-270c5077d7ba,9,130.5,713.6,170,14,9,false,false,false,false,LEAVE UNCHANGED,Normally single-line value (amount/date/name/address/code field).,false,,Low — no mask recommended.,LEAVE UNCHANGED,lines=0; cap=1; underlineDerived=false
47,RESIDENTIAL LEASING AND PROPERTY MANAGEMENT AGREEMENT,696596bb-37d1-4de9-a1c5-1026dbc46c23,lease_other_broker_one_month_percent,Lease Other Broker One Month Percent,5e0c1e02-94c7-4319-8b01-bb18e641c68c,10,103,385,30.3,14,9,false,false,false,false,LEAVE UNCHANGED,Normally single-line value (amount/date/name/address/code field).,false,,Low — no mask recommended.,LEAVE UNCHANGED,lines=0; cap=1; underlineDerived=false
3,IABS,3c926f66-7317-4938-b7c9-8af764facb7d,brokerage_license_number,Brokerage License Number,5e12959a-3720-4214-b2c3-9d66cb71aa1d,1,213.94,610.72,69.6,16,10,false,false,false,false,LEAVE UNCHANGED,Normally single-line value (amount/date/name/address/code field).,false,,Low — no mask recommended.,LEAVE UNCHANGED,lines=0; cap=1; underlineDerived=false
46,RELEASE OF EARNEST MONEY,63ee6cbd-d4ac-4a9a-a4fd-48f27853698b,txr_1904_disbursement_to_4,TXR-1904 Disbursement To 4,5e154246-8cb7-43c7-a82f-6b5f7855363f,1,193.2,472.3,381.8,14,9,false,false,false,false,LEAVE UNCHANGED,Appears to be a normal single-line value placement.,false,,Low — no mask recommended.,LEAVE UNCHANGED,lines=0; cap=1; underlineDerived=false
48,SELLER'S TEMPORARY RESIDENTIAL LEASE,9e2d6525-3f8c-46db-a306-49e7ac5c7051,PROPERTY_FULL_ADDRESS,Property Full Address,5e555fbd-3a5e-4717-9311-91f8c5ac2e60,1,53.4,149.6,464,14,9,false,false,false,false,LEAVE UNCHANGED,Normally single-line value (amount/date/name/address/code field).,false,,Low — no mask recommended.,LEAVE UNCHANGED,lines=0; cap=1; underlineDerived=true
20,Residential Condominium Contract (Resale),53d6a7bf-9725-4d98-89ed-11630dd92a41,CONTRACT_BUYER_ASSOCIATE_LICENSE_NUMBER,Buyer Associate License Number,5e8a9464-6c77-4a4f-b732-6b695911de82,9,420.5,365.7,134.3,14,,false,false,false,false,LEAVE UNCHANGED,Normally single-line value (amount/date/name/address/code field).,false,,Low — no mask recommended.,LEAVE UNCHANGED,lines=1; cap=1; underlineDerived=false
7,Listing Agreement,54300c4c-ffed-4dce-9fb0-e43ec9869e6a,OTHER_FEES_REIMBURSABLE_EXPENSES,Other Fees and Reimbursable Expenses,5e8c93c8-71ee-4050-b434-66c1137b73c2,3,90.58,494.54,480.16,13.85,9,false,true,false,false,REVIEW REQUIRED,Narrative purpose but current height is ~1 line — dimension increase may be needed to cover the printed writing area.,true,Height 13.85pt ≈ 1 line(s). Expand only after confirming intended lined region on the PDF.,Enlarging may approach amount columns or following rows — review carefully.,REVIEW REQUIRED,lines=0; cap=1; underlineDerived=false
18,Residential Lease,5c0204ff-5609-4ac6-88be-d0de2a8f5c59,TXR_2001_GUEST_CONSECUTIVE_DAY_LIMIT,Consecutive guest days,5eaa36ce-044b-48ff-8094-706a0d4ceca4,5,458.83,604.15,27.58,17.32,9,false,false,false,false,LEAVE UNCHANGED,Appears to be a normal single-line value placement.,false,,Low — no mask recommended.,LEAVE UNCHANGED,lines=0; cap=1; underlineDerived=false
11,One to Four Residential,aa96660b-9ae0-4888-aa64-c32875bd1ad3,contract_sales_price_total,Contract Sales Price Total,5ed82f0b-f4b4-40aa-bdd8-05bb8ed155d5,1,462.18,524.01,90,14,9,false,false,false,false,LEAVE UNCHANGED,Normally single-line value (amount/date/name/address/code field).,false,,Low — no mask recommended.,LEAVE UNCHANGED,lines=2; cap=1; underlineDerived=false
38,FARM AND RANCH REAL ESTATE LISTING AGREEMENT - EXCLUSIVE RIGHT TO SELL,dfde0cd3-fc39-4f9e-9788-730d40c3b3e9,txr_1201_res_zoning_retained_by_seller,TXR-1201 Reservations zoning Retained by Seller,5ee06768-0350-40fa-9e37-660ef49fbd31,2,360.9,579.3,215.2,24,9,false,false,false,false,LEAVE UNCHANGED,Normally single-line value (amount/date/name/address/code field).,false,,Low — no mask recommended.,LEAVE UNCHANGED,lines=0; cap=2; underlineDerived=false
1,Buyer Rep Agreement,4709a7db-ad5a-4064-bcc9-76b4252e593a,buyer_client_name_1,Buyer/Client Name 1,5ee64fbf-6d09-49d4-87a5-83072da09e14,1,106.99,164.69,463.75,13.34,10,false,false,false,false,LEAVE UNCHANGED,Normally single-line value (amount/date/name/address/code field).,false,,Low — no mask recommended.,LEAVE UNCHANGED,lines=0; cap=1; underlineDerived=false
38,FARM AND RANCH REAL ESTATE LISTING AGREEMENT - EXCLUSIVE RIGHT TO SELL,adc116b2-b368-4bd3-bd77-25472b867277,mls_delayed_purpose,MLS Delayed Purpose,5f463597-de9b-409e-8e9b-8eab93fd2432,5,339.4,666.6,236.7,28,9,false,false,false,false,LEAVE UNCHANGED,Normally single-line value (amount/date/name/address/code field).,false,,Low — no mask recommended.,LEAVE UNCHANGED,lines=0; cap=2; underlineDerived=false
18,Residential Lease,14da27da-1f12-437d-b7d8-4e60c9af92ae,TXR_2001_TENANT_SPECIFIC_REPAIR_ITEMS,Specific items/appliances tenant pays to repair,5f674501-6306-4364-a10c-b2c713fa7a3c,10,332,462,243.77,39.13,9,false,true,false,false,MEDIUM CONFIDENCE,Tall narrative box (~3 lines) without conclusive line geometry; multiline recommended; mask only after visual confirm of printed lines.,false,,Low — no mask recommended.,MEDIUM CONFIDENCE,lines=0; cap=3; underlineDerived=false
48,SELLER'S TEMPORARY RESIDENTIAL LEASE,38479c22-5dbd-4537-9513-076a41daad6e,txr_1910_landlord_email,TXR-1910 Landlord Notice Email,5f985470-38ff-4bed-9a49-9a89933c9210,2,99.8,543.6,204.8,14,9,false,false,false,false,LEAVE UNCHANGED,Normally single-line value (amount/date/name/address/code field).,false,,Low — no mask recommended.,LEAVE UNCHANGED,lines=0; cap=1; underlineDerived=true
7,Listing Agreement,517f40e5-2f2a-45ee-a87a-d4cb63f6db52,listing_commission_percent,Listing Commission Percent,5fa33512-efaf-48ad-b0ab-3a4795201bfb,2,127.59,319.01,45,14,9,false,true,false,false,REVIEW REQUIRED,Narrative purpose but current height is ~1 line — dimension increase may be needed to cover the printed writing area.,true,Height 14pt ≈ 1 line(s). Expand only after confirming intended lined region on the PDF.,Enlarging may approach amount columns or following rows — review carefully.,REVIEW REQUIRED,lines=0; cap=1; underlineDerived=false
20,Residential Condominium Contract (Resale),a68f94bb-1c06-4b40-b54f-9889c945e80f,property_concerning_full_address,Contract Concerning Property Address,6075fa64-34b9-4ef9-9394-ea28a2f210e3,6,120.1,31.6,295.4,14,,false,false,false,false,LEAVE UNCHANGED,Normally single-line value (amount/date/name/address/code field).,false,,Low — no mask recommended.,LEAVE UNCHANGED,lines=1; cap=1; underlineDerived=false
20,Residential Condominium Contract (Resale),844c64f4-b9a5-4b7b-9d42-939d556a1c7e,PROPERTY_ADDRESS_ZIP,Property ZIP,6076d377-c2d6-4268-9779-dd0cb2ad7e75,1,102.7,150,448,14,,false,false,false,false,LEAVE UNCHANGED,Normally single-line value (amount/date/name/address/code field).,false,,Low — no mask recommended.,LEAVE UNCHANGED,lines=2; cap=1; underlineDerived=false
16,Amendment to Lease Listing,c236893c-b359-48ef-a48c-c8e7383c8e71,lease_listing_amend_fee_all_rents_percent,Lease Listing Amend Fee All Rents Percent,6081da8e-0eda-416f-8b0c-8479bebbfda7,1,107.18,331.49,55,14,9,false,false,false,false,LEAVE UNCHANGED,Normally single-line value (amount/date/name/address/code field).,false,,Low — no mask recommended.,LEAVE UNCHANGED,lines=0; cap=1; underlineDerived=false
38,FARM AND RANCH REAL ESTATE LISTING AGREEMENT - EXCLUSIVE RIGHT TO SELL,76f88e61-0ef4-4ebb-99c6-f4afee851037,txr_1201_lease_comp_other_items,TXR-1201 Lease Comp Other Items,60b7ca5c-5763-4486-b2d0-816a16fd870d,4,121.93,442.85,455.2,28,9,false,false,false,false,LEAVE UNCHANGED,Normally single-line value (amount/date/name/address/code field).,false,,Low — no mask recommended.,LEAVE UNCHANGED,lines=0; cap=2; underlineDerived=false
46,RELEASE OF EARNEST MONEY,eedeb5c8-81f9-419f-a283-b88fd3d32ce6,txr_1904_disbursement_to_2,TXR-1904 Disbursement To 2,613c87a4-a5c4-4d3a-855e-8e032c077b62,1,193.2,423.3,381.8,14,9,false,false,false,false,LEAVE UNCHANGED,Appears to be a normal single-line value placement.,false,,Low — no mask recommended.,LEAVE UNCHANGED,lines=0; cap=1; underlineDerived=false
17,Third Party Financing Addendum,120463e5-e9d7-4763-8d31-01aedbd9cab8,txr_1901_undefined,Undefined,617164bf-245f-49de-9b5e-8e5da2a2a4fd,1,280.85,368.19,103.17,10.64,9,false,false,false,false,LEAVE UNCHANGED,Appears to be a normal single-line value placement.,false,,Low — no mask recommended.,LEAVE UNCHANGED,lines=0; cap=1; underlineDerived=false
13,Amendment to Listing Agreement,836303aa-7dfd-4667-a9f9-698cc063d23a,listing_amendment_effective_date,Listing Amendment Effective Date,617d5b93-47c2-463f-8ac1-ad0905d6ae5a,1,86.91,239.38,100,14,9,false,false,false,false,LEAVE UNCHANGED,Normally single-line value (amount/date/name/address/code field).,false,,Low — no mask recommended.,LEAVE UNCHANGED,lines=0; cap=1; underlineDerived=false
35,ANIMAL AGREEMENT,9e2d6525-3f8c-46db-a306-49e7ac5c7051,PROPERTY_FULL_ADDRESS,Property Full Address,6190c357-6b17-4581-bc4b-8017cb0d66f2,2,200,34,350,12,8,false,false,false,false,LEAVE UNCHANGED,Normally single-line value (amount/date/name/address/code field).,false,,Low — no mask recommended.,LEAVE UNCHANGED,lines=0; cap=1; underlineDerived=false
20,Residential Condominium Contract (Resale),71782c8b-390e-4618-9f87-766cd7fde593,contract_add_other_text,Other Addendum Text,61e40e26-4ef0-47be-bbbb-fef76fd325c2,7,122.4,733.1,428,14,,false,true,false,false,REVIEW REQUIRED,Narrative purpose but current height is ~1 line — dimension increase may be needed to cover the printed writing area.,true,Height 14pt ≈ 1 line(s). Expand only after confirming intended lined region on the PDF.,Enlarging may approach amount columns or following rows — review carefully.,REVIEW REQUIRED,lines=0; cap=1; underlineDerived=false
35,ANIMAL AGREEMENT,756989dc-a767-48d8-a53e-43810cd625d1,txr_2004_special_provisions,TXR-2004 I Special Provisions,620e2866-ad42-4662-878e-facf58d42394,3,52.43,204,499.74,68.64,9,false,true,false,false,MEDIUM CONFIDENCE,Tall narrative box (~6 lines) without conclusive line geometry; multiline recommended; mask only after visual confirm of printed lines.,false,,Low — no mask recommended.,MEDIUM CONFIDENCE,lines=0; cap=6; underlineDerived=false
1,Buyer Rep Agreement,002b9939-472a-4254-8d08-37a86a0f6ef4,BUYER_REP_CONSTRUCTION_COMPENSATION,Construction Compensation,62255f96-6cc4-475f-9c69-2fdddd03a1ad,2,180.79,674.79,200,12,10,false,false,false,false,LEAVE UNCHANGED,Appears to be a normal single-line value placement.,false,,Low — no mask recommended.,LEAVE UNCHANGED,lines=0; cap=1; underlineDerived=false
20,Residential Condominium Contract (Resale),acefce9b-47b9-4981-be4e-b89b856b8b06,CONTRACT_INTERMEDIARY_BUYER_ASSOCIATE_EMAIL,Intermediary Buyer Associate Email,6241c391-34dd-4db2-bcb1-e81aff336660,9,160.2,634.2,240,14,,false,false,false,false,LEAVE UNCHANGED,Normally single-line value (amount/date/name/address/code field).,false,,Low — no mask recommended.,LEAVE UNCHANGED,lines=1; cap=1; underlineDerived=false
29,"ADDENDUM FOR ""BACK-UP"" CONTRACT",283d4322-9459-4368-b746-b4cdae8d1cef,txr_1909_delivery_days,TXR-1909 Delivery Days After Amended Effective Date,62d55214-3239-4115-ae97-66c7890b0128,1,275,269,45,14,9,false,true,false,false,REVIEW REQUIRED,Narrative purpose but current height is ~1 line — dimension increase may be needed to cover the printed writing area.,true,Height 14pt ≈ 1 line(s). Expand only after confirming intended lined region on the PDF.,Enlarging may approach amount columns or following rows — review carefully.,REVIEW REQUIRED,lines=0; cap=1; underlineDerived=false
37,FARM AND RANCH CONTRACT,c2891d22-e94a-4bb1-96d8-f376aa2231fa,contract_option_fee_amount,Option Fee Amount,631275f7-1700-4de4-9fdb-18238a047354,2,139.11,316.49,70,12,9,false,false,false,false,LEAVE UNCHANGED,Normally single-line value (amount/date/name/address/code field).,false,,Low — no mask recommended.,LEAVE UNCHANGED,lines=2; cap=1; underlineDerived=false
37,FARM AND RANCH CONTRACT,2d1b0ffa-c231-446c-b2f8-a9b29e343023,txr_1701_broker_comp_a_cash_fee_amount,TXR-1701 P11 (a) Seller's Broker Cash Fee Amount,632b607f-2631-492e-b24c-3b112fe49c1c,11,371.8,598,90,14,9,false,false,false,false,LEAVE UNCHANGED,Normally single-line value (amount/date/name/address/code field).,false,,Low — no mask recommended.,LEAVE UNCHANGED,lines=0; cap=1; underlineDerived=false
7,Listing Agreement,d6a17db8-f058-443d-88c4-32b8ca6d7b72,seller_email,Seller Email,63354e73-5ead-42be-9240-720935deee7a,1,122.9,230.95,200.58,13.85,9,false,true,false,false,REVIEW REQUIRED,Narrative purpose but current height is ~1 line — dimension increase may be needed to cover the printed writing area.,true,Height 13.85pt ≈ 1 line(s). Expand only after confirming intended lined region on the PDF.,Enlarging may approach amount columns or following rows — review carefully.,REVIEW REQUIRED,lines=0; cap=1; underlineDerived=false
25,Condominium Resale Certificate,10919023-2714-45a7-9d63-64ece1ddf406,contract_condo_building,Condominium Building,63399507-eb54-4d35-a58d-c234de1a13d8,1,408,104,140,12,9,false,false,false,false,LEAVE UNCHANGED,Normally single-line value (amount/date/name/address/code field).,false,,Low — no mask recommended.,LEAVE UNCHANGED,lines=0; cap=1; underlineDerived=false
11,One to Four Residential,935d93e7-ae26-4ea6-a9cb-226ddc23170f,contract_buyer_team_name,Buyer Team Name,6371dfa7-7f53-46d1-a17e-ee7a847eff7d,11,126.36,338.96,240,14,9,false,false,false,false,LEAVE UNCHANGED,Normally single-line value (amount/date/name/address/code field).,false,,Low — no mask recommended.,LEAVE UNCHANGED,lines=1; cap=1; underlineDerived=false
1,Buyer Rep Agreement,66a40c01-c691-400a-8fcd-e23063982910,buyer_rep_effective_date,Effective Date,63a89896-ffbf-45d1-8b36-cc201f158c34,1,232.68,623.25,90,12,10,false,false,false,false,LEAVE UNCHANGED,Normally single-line value (amount/date/name/address/code field).,false,,Low — no mask recommended.,LEAVE UNCHANGED,lines=0; cap=1; underlineDerived=false
34,AMENDMENT TO FARM AND RANCH LISTING - EXCLUSIVE RIGHT TO SELL,8ce547e3-1e78-489e-a07d-329129e3f20f,txr_1422_fee_other_text,TXR-1422 C(b) Other Fee Text,63eaec56-1e86-4c86-818d-538b5bb6cfd4,1,109.51,341,420.19,14.11,9,false,false,false,false,LEAVE UNCHANGED,Normally single-line value (amount/date/name/address/code field).,false,,Low — no mask recommended.,LEAVE UNCHANGED,lines=0; cap=1; underlineDerived=false
15,Residential Lease Listing,71aca245-1ffe-4306-8f1a-735315e8e296,LEASE_LISTING_CONCERNING,Lease Listing Concerning,640d58fb-bdf1-45bf-81ea-eca81d9493ff,2,200,32,320,14,9,false,false,false,false,LEAVE UNCHANGED,Appears to be a normal single-line value placement.,false,,Low — no mask recommended.,LEAVE UNCHANGED,lines=0; cap=1; underlineDerived=false
37,FARM AND RANCH CONTRACT,527089d0-d9e2-4e69-b905-cfed2f9f124e,contract_seller_attorney_phone,Seller Attorney Phone,6464b7b9-475a-4c88-903b-e3cd741c0a08,9,391.92,659.74,150,12,9,false,false,false,false,LEAVE UNCHANGED,Normally single-line value (amount/date/name/address/code field).,false,,Low — no mask recommended.,LEAVE UNCHANGED,lines=0; cap=1; underlineDerived=false
18,Residential Lease,b6329722-b87a-46b1-8c55-0b8f00972013,txr_2001_prorated_rent_amount,Prorated rent amount,646778f4-81f9-4f06-8cec-5118d0ba7339,1,257.04,601.43,68,16,9,false,false,false,false,LEAVE UNCHANGED,Normally single-line value (amount/date/name/address/code field).,false,,Low — no mask recommended.,LEAVE UNCHANGED,lines=0; cap=1; underlineDerived=false
15,Residential Lease Listing,4ed130ce-286e-4ecc-a5df-3ae269bb051f,lease_term_max_months,Lease Term Max Months,64704c5d-4625-43ff-8341-596778b7c762,1,420.92,636.31,37.45,13.85,9,false,false,false,false,LEAVE UNCHANGED,Normally single-line value (amount/date/name/address/code field).,false,,Low — no mask recommended.,LEAVE UNCHANGED,lines=0; cap=1; underlineDerived=false
37,FARM AND RANCH CONTRACT,5abf0584-f253-488e-883a-8d6df97ba792,contract_escrow_agent_address,Escrow Agent Address,64892e87-ca33-4f92-93b9-7d0a3db4e7b7,2,67.32,305.83,261.74,13.47,9,false,false,false,false,LEAVE UNCHANGED,Normally single-line value (amount/date/name/address/code field).,false,,Low — no mask recommended.,LEAVE UNCHANGED,lines=2; cap=1; underlineDerived=false
37,FARM AND RANCH CONTRACT,83087f5f-6816-42ce-826e-d81ae42a0ab3,txr_1701_government_programs,Government Programs,64d6ffb3-07bb-4b4f-957f-20c681038204,5,202.04,583.58,365.66,23.09,9,false,false,false,false,LEAVE UNCHANGED,Normally single-line value (amount/date/name/address/code field).,false,,Low — no mask recommended.,LEAVE UNCHANGED,lines=2; cap=1; underlineDerived=false
15,Residential Lease Listing,980830bf-8d4d-4bbe-8f4d-026453594617,property_county,Property County,64e7a0bc-9703-486d-ac75-73ce5ee0f24f,1,82.95,416.32,192.37,13.34,9,false,false,false,false,LEAVE UNCHANGED,Normally single-line value (amount/date/name/address/code field).,false,,Low — no mask recommended.,LEAVE UNCHANGED,lines=0; cap=1; underlineDerived=false
38,FARM AND RANCH REAL ESTATE LISTING AGREEMENT - EXCLUSIVE RIGHT TO SELL,5da7659d-7ff1-448f-859e-6bdf22cf1507,broker_license_number,Broker License Number,64e9693e-258a-4b51-9e6d-942ae51b48cb,12,227,565.3,61,14,9,false,false,false,false,LEAVE UNCHANGED,Normally single-line value (amount/date/name/address/code field).,false,,Low — no mask recommended.,LEAVE UNCHANGED,lines=0; cap=1; underlineDerived=false
15,Residential Lease Listing,71aca245-1ffe-4306-8f1a-735315e8e296,LEASE_LISTING_CONCERNING,Lease Listing Concerning,64efc4fe-dbec-4f49-a5d9-afe5ebf8809a,11,200,32,320,14,9,false,false,false,false,LEAVE UNCHANGED,Appears to be a normal single-line value placement.,false,,Low — no mask recommended.,LEAVE UNCHANGED,lines=0; cap=1; underlineDerived=false
46,RELEASE OF EARNEST MONEY,bc290187-5dc7-40e2-b615-5bec70b284c6,txr_1904_escrow_agent_name,TXR-1904 Escrow Agent Name,64f22611-6a3f-418d-98d7-97eda0807589,1,188.7,349.9,308.9,14,9,false,false,false,false,LEAVE UNCHANGED,Normally single-line value (amount/date/name/address/code field).,false,,Low — no mask recommended.,LEAVE UNCHANGED,lines=0; cap=1; underlineDerived=true
8,Request for Info From HOA,3f39974d-32e3-48b3-87b1-f44005e2131b,hoa_request_delivery_email,HOA Request Delivery Email,650bcb25-7270-4917-bc31-96df86483698,1,50.79,478.68,310.49,12.83,9,false,false,false,false,LEAVE UNCHANGED,Normally single-line value (amount/date/name/address/code field).,false,,Low — no mask recommended.,LEAVE UNCHANGED,lines=0; cap=1; underlineDerived=false
37,FARM AND RANCH CONTRACT,176da3c1-7ce7-4d8b-939d-677577621e21,CONTRACT_INTERMEDIARY_BUYER_SUPERVISOR_NAME,Intermediary Buyer Licensed Supervisor Name,6543a5d2-3798-45c5-9ac9-50f1791f40a1,11,219.63,566.64,180,12,9,false,false,false,false,LEAVE UNCHANGED,Normally single-line value (amount/date/name/address/code field).,false,,Low — no mask recommended.,LEAVE UNCHANGED,lines=1; cap=1; underlineDerived=false
37,FARM AND RANCH CONTRACT,12a8aeaa-5a91-40d3-b102-a63b4f4c22d3,CONTRACT_BUYER_BROKERAGE_ADDRESS,Buyer Brokerage Address,66168963-4e8e-4e8a-bb0b-a8b75c2bac7d,11,89.74,285.71,360,12,9,false,false,false,false,LEAVE UNCHANGED,Normally single-line value (amount/date/name/address/code field).,false,,Low — no mask recommended.,LEAVE UNCHANGED,lines=0; cap=1; underlineDerived=false
44,NOTICE TO PURCHASER OF SPECIAL TAXING OR ASSESSMENT DISTRICT,f7137645-4da2-4aea-9bb7-5a35d4007f97,txr_1420_bonds_issued_water_sewer_drainage,TXR-1420 Bonds Issued Water Sewer Drainage,663ca4a5-2604-4860-b28e-b33b53077d6c,1,94.3,665.2,100.9,14,9,false,false,false,false,LEAVE UNCHANGED,Appears to be a normal single-line value placement.,false,,Low — no mask recommended.,LEAVE UNCHANGED,lines=0; cap=1; underlineDerived=false
14,Amendment to Contract,ad0ad7f9-ac30-4040-b2b3-666fe49d032f,contract_amend_financing_amount,Amendment Financing Amount,667305f4-9b42-49d7-9b1b-267c7e07b87b,1,477.09,152.25,75.06,10.26,9,false,false,false,false,LEAVE UNCHANGED,Normally single-line value (amount/date/name/address/code field).,false,,Low — no mask recommended.,LEAVE UNCHANGED,lines=1; cap=1; underlineDerived=false
38,FARM AND RANCH REAL ESTATE LISTING AGREEMENT - EXCLUSIVE RIGHT TO SELL,767b8770-df87-41b3-9ff7-628d4a807824,listing_price,Listing Price,66862351-c876-441c-8b34-355c209f857b,3,478.3,52.4,97.8,14,9,false,false,false,false,LEAVE UNCHANGED,Normally single-line value (amount/date/name/address/code field).,false,,Low — no mask recommended.,LEAVE UNCHANGED,lines=0; cap=1; underlineDerived=false
11,One to Four Residential,4b307b3b-1c5a-4d40-9815-70e8dba86219,contract_buyer_attorney_phone,Buyer Attorney Phone,66b05cd4-2cbd-47e7-8ac9-24078fc7f696,9,161.23,663.81,140,14,9,false,false,false,false,LEAVE UNCHANGED,Normally single-line value (amount/date/name/address/code field).,false,,Low — no mask recommended.,LEAVE UNCHANGED,lines=0; cap=1; underlineDerived=false
20,Residential Condominium Contract (Resale),a68f94bb-1c06-4b40-b54f-9889c945e80f,property_concerning_full_address,Contract Concerning Property Address,66ce5558-a6bc-45e6-9de4-22dbd9019f02,10,120.1,31.6,295.4,14,,false,false,false,false,LEAVE UNCHANGED,Normally single-line value (amount/date/name/address/code field).,false,,Low — no mask recommended.,LEAVE UNCHANGED,lines=1; cap=1; underlineDerived=false
11,One to Four Residential,3989abe8-f184-4cde-b216-8d1764778505,contract_buyer_contribution_percent,Buyer Contribution Percent,67101bfa-416e-470f-818e-e5d4a3c07560,7,405.39,155.08,37.45,13.85,9,false,false,false,false,LEAVE UNCHANGED,Appears to be a normal single-line value placement.,false,,Low — no mask recommended.,LEAVE UNCHANGED,lines=0; cap=1; underlineDerived=false
47,RESIDENTIAL LEASING AND PROPERTY MANAGEMENT AGREEMENT,062a12a1-e0e3-425a-b995-0ad8492cc09c,brokerage_office_phone,Brokerage Office Phone,673b0689-c931-4b98-a326-230f8ae0e0fe,1,120.6,360.2,454.4,14,9,false,false,false,false,LEAVE UNCHANGED,Normally single-line value (amount/date/name/address/code field).,false,,Low — no mask recommended.,LEAVE UNCHANGED,lines=0; cap=1; underlineDerived=false
37,FARM AND RANCH CONTRACT,1e438c3c-4a1e-48a0-b5fa-7ceb90d9ed01,contract_additional_earnest_money_days,Additional Earnest Money Days,6743feba-1467-425e-a2e7-1b820d5cd7e2,2,541.79,332.91,30.79,11.55,9,false,false,false,false,LEAVE UNCHANGED,Normally single-line value (amount/date/name/address/code field).,false,,Low — no mask recommended.,LEAVE UNCHANGED,lines=0; cap=1; underlineDerived=false
13,Amendment to Listing Agreement,3c926f66-7317-4938-b7c9-8af764facb7d,brokerage_license_number,Brokerage License Number,67ada349-0f85-44b0-be5b-f14a91f4c943,1,215.93,595.97,74.42,17.96,10,false,false,false,false,LEAVE UNCHANGED,Normally single-line value (amount/date/name/address/code field).,false,,Low — no mask recommended.,LEAVE UNCHANGED,lines=0; cap=1; underlineDerived=false
7,Listing Agreement,0602b9de-e504-4dc8-97bc-80cdbc1259c9,PROPERTY_ZIP,Property Zip,67c952d2-91e3-44a7-bee2-fe1124ccdcaa,1,358.92,205.93,150.11,12.83,10,false,false,false,false,LEAVE UNCHANGED,Normally single-line value (amount/date/name/address/code field).,false,,Low — no mask recommended.,LEAVE UNCHANGED,lines=0; cap=1; underlineDerived=false
25,Condominium Resale Certificate,9e2d6525-3f8c-46db-a306-49e7ac5c7051,PROPERTY_FULL_ADDRESS,Property Full Address,67cf6ed0-3bf6-4d64-9e06-77e2dfc9dbb5,2,43,50,522,14,9,false,false,false,false,LEAVE UNCHANGED,Normally single-line value (amount/date/name/address/code field).,false,,Low — no mask recommended.,LEAVE UNCHANGED,lines=0; cap=1; underlineDerived=false
20,Residential Condominium Contract (Resale),dc54d9cb-8836-40d9-97ef-033173c2913f,contract_additional_earnest_money_amount,Additional Earnest Money Amount,68503ab4-d76b-471b-b632-786e45f6bf74,2,368,282.3,95,14,,false,false,false,false,LEAVE UNCHANGED,Normally single-line value (amount/date/name/address/code field).,false,,Low — no mask recommended.,LEAVE UNCHANGED,lines=0; cap=1; underlineDerived=false
18,Residential Lease,c7c424f4-5062-4152-b483-691b5d5fb485,txr_2001_additional_fee_custom_1_amount,Custom fee 1 amount,686d3e44-f9ae-4317-8569-137110567306,1,542.23,662.19,21,16,9,false,false,false,false,LEAVE UNCHANGED,Normally single-line value (amount/date/name/address/code field).,false,,Low — no mask recommended.,LEAVE UNCHANGED,lines=0; cap=1; underlineDerived=false
18,Residential Lease,c87c03a5-bf42-4449-af96-95763bdc7a2f,TXR_2001_INVENTORY_CONDITION_DUE_DAYS,Days to deliver inventory/condition form,68c0e227-5a35-42ac-92ee-224ed2084a6d,7,170,270,46,16,9,false,true,false,false,REVIEW REQUIRED,Narrative purpose but current height is ~1 line — dimension increase may be needed to cover the printed writing area.,true,Height 16pt ≈ 1 line(s). Expand only after confirming intended lined region on the PDF.,Enlarging may approach amount columns or following rows — review carefully.,REVIEW REQUIRED,lines=0; cap=1; underlineDerived=false
11,One to Four Residential,04cb1203-c612-4cb3-81a1-758f8d7a263c,contract_intermediary_seller_associate_phone,Intermediary Seller Associate Phone,68f9ed78-1ffa-47f6-aea3-f91a934c6bbd,11,185.1,567.41,120,14,9,false,false,false,false,LEAVE UNCHANGED,Normally single-line value (amount/date/name/address/code field).,false,,Low — no mask recommended.,LEAVE UNCHANGED,lines=1; cap=1; underlineDerived=false
1,Buyer Rep Agreement,b6016774-fbdd-4acc-8371-5c5bcbaa64fe,buyer_client_name_2,Buyer/Client Name 2,690cc7e4-c632-4a1a-85b1-1fb6492e2e85,6,328.13,284.83,242.49,16.68,10,false,false,false,false,LEAVE UNCHANGED,Normally single-line value (amount/date/name/address/code field).,false,,Low — no mask recommended.,LEAVE UNCHANGED,lines=0; cap=1; underlineDerived=false
47,RESIDENTIAL LEASING AND PROPERTY MANAGEMENT AGREEMENT,9f2b2f0a-6d76-45a8-9e66-e102a9b515c4,txr_2201_reserve_per_unit,Reserve Amount Per Unit,69865479-f39e-4fd1-a35b-4161a129d1e4,2,159.6,190.4,53,14,9,false,false,false,false,LEAVE UNCHANGED,Normally single-line value (amount/date/name/address/code field).,false,,Low — no mask recommended.,LEAVE UNCHANGED,lines=0; cap=1; underlineDerived=false
20,Residential Condominium Contract (Resale),75358af0-183c-47d4-9bcb-87e8691b4e66,CONTRACT_PROPERTY_EXCLUSIONS,Contract Property Exclusions,6a7e2c2d-d327-4526-b531-74c0fd9513cd,1,102.34,413.17,450.41,11.29,,false,true,false,false,REVIEW REQUIRED,Narrative purpose but current height is ~1 line — dimension increase may be needed to cover the printed writing area.,true,Height 11.29pt ≈ 1 line(s). Expand only after confirming intended lined region on the PDF.,Enlarging may approach amount columns or following rows — review carefully.,REVIEW REQUIRED,lines=1; cap=1; underlineDerived=false
11,One to Four Residential,6ed5cbc5-7cdd-4741-bc2a-7ea2694a0c0b,CONTRACT_SELLER_BROKERAGE_LICENSE_NUMBER,Seller Brokerage License Number,6ac8fd02-b501-4472-b0df-2cc206469c3e,11,185,169,130,14,9,false,false,false,false,LEAVE UNCHANGED,Normally single-line value (amount/date/name/address/code field).,false,,Low — no mask recommended.,LEAVE UNCHANGED,lines=1; cap=1; underlineDerived=false
27,NOTICE OF TERMINATION OF RESIDENTIAL LEASING AND PROPERTY MANAGEMENT AGREEMENT,9e2d6525-3f8c-46db-a306-49e7ac5c7051,PROPERTY_FULL_ADDRESS,Property Full Address,6adb7eb5-7110-498b-8084-6a2052874532,1,54,205,510,14,9,false,false,false,false,LEAVE UNCHANGED,Normally single-line value (amount/date/name/address/code field).,false,,Low — no mask recommended.,LEAVE UNCHANGED,lines=0; cap=1; underlineDerived=false
17,Third Party Financing Addendum,7201dad6-e0db-45de-aca4-0553202ecc6d,txr_1901_any_financed_funding_fee_amortizable_monthly_for_not_less_than_1,Any Financed Funding Fee Amortizable Monthly For Not Less Than 1,6b0f2b1a-8090-4e36-966d-4c05f1d7c97e,1,443.16,624.78,39.21,12.31,9,false,false,false,false,LEAVE UNCHANGED,Normally single-line value (amount/date/name/address/code field).,false,,Low — no mask recommended.,LEAVE UNCHANGED,lines=0; cap=1; underlineDerived=false
37,FARM AND RANCH CONTRACT,264c6379-7d86-4c41-896b-e3f18f20fb42,contract_buyer_attorney_email,Buyer Attorney Email,6b2c2a4b-b09b-4960-99ff-e37413b06afb,9,112.64,727.09,190,12,9,false,false,false,false,LEAVE UNCHANGED,Normally single-line value (amount/date/name/address/code field).,false,,Low — no mask recommended.,LEAVE UNCHANGED,lines=0; cap=1; underlineDerived=false
20,Residential Condominium Contract (Resale),a1e25cce-2866-4966-bbe1-e60411e53ac6,CONTRACT_BUYER_NOTICE_ADDRESS,Buyer Notice Address,6b46d9ec-b05b-48bf-a9fd-d901154dcf35,7,106.7,181.3,185,14,,false,false,false,false,LEAVE UNCHANGED,Normally single-line value (amount/date/name/address/code field).,false,,Low — no mask recommended.,LEAVE UNCHANGED,lines=1; cap=1; underlineDerived=false
50,TERMINATION OF LISTING,3544ff3f-c22d-4822-a7b5-0a7a9b1bc82d,txr_1410_termination_date,TXR-1410 Termination Date,6bab691b-f5f4-4c72-928c-81281da2c3c2,1,390.2,260.4,179.6,14,9,false,false,false,false,LEAVE UNCHANGED,Normally single-line value (amount/date/name/address/code field).,false,,Low — no mask recommended.,LEAVE UNCHANGED,lines=0; cap=1; underlineDerived=false
11,One to Four Residential,f47adc30-df80-4507-95cd-69f62d28de2e,contract_water_disclosure_delivery_days,Water Disclosure Delivery Days,6bf1f4e5-6824-45b3-b24f-c3e96ef29e4f,5,430.62,501.06,50,14,9,false,false,false,false,LEAVE UNCHANGED,Appears to be a normal single-line value placement.,false,,Low — no mask recommended.,LEAVE UNCHANGED,lines=0; cap=1; underlineDerived=false
11,One to Four Residential,2512bfe5-42fa-4f17-b52c-b6cb65abf9ed,contract_title_company_name,Title Company Name,6c304366-dc14-46ea-979a-654fa6582036,2,283.81,447.81,192.37,13.85,9,false,false,false,false,LEAVE UNCHANGED,Normally single-line value (amount/date/name/address/code field).,false,,Low — no mask recommended.,LEAVE UNCHANGED,lines=1; cap=1; underlineDerived=false
11,One to Four Residential,176da3c1-7ce7-4d8b-939d-677577621e21,CONTRACT_INTERMEDIARY_BUYER_SUPERVISOR_NAME,Intermediary Buyer Licensed Supervisor Name,6c7af202-d95f-499e-8c7a-2c4bca9a738c,11,236,669.6,240,14,9,false,false,false,false,LEAVE UNCHANGED,Normally single-line value (amount/date/name/address/code field).,false,,Low — no mask recommended.,LEAVE UNCHANGED,lines=1; cap=1; underlineDerived=false
38,FARM AND RANCH REAL ESTATE LISTING AGREEMENT - EXCLUSIVE RIGHT TO SELL,062a12a1-e0e3-425a-b995-0ad8492cc09c,brokerage_office_phone,Brokerage Office Phone,6cab1a3f-543a-420c-acf6-15e5cc8469a9,1,109.9,294.4,466.2,14,9,false,false,false,false,LEAVE UNCHANGED,Normally single-line value (amount/date/name/address/code field).,false,,Low — no mask recommended.,LEAVE UNCHANGED,lines=0; cap=1; underlineDerived=false
15,Residential Lease Listing,68a9dbe1-6279-4625-b9b4-159ec3f0bb7b,lease_animal_restrictions,Lease Animal Restrictions,6cde447b-9bef-4273-8a85-e500ee8fe040,9,103.37,505.46,447.84,16.42,9,false,false,false,false,LEAVE UNCHANGED,Appears to be a normal single-line value placement.,false,,Low — no mask recommended.,LEAVE UNCHANGED,lines=0; cap=1; underlineDerived=false
18,Residential Lease,ac99f38c-27f8-4858-aa3e-c68f1a94ae55,TXR_2001_TERMINATION_NOTICE_DAYS_BEFORE_EXPIRATION,Written notice days,6cfd13df-fad5-45a2-b76f-33c8a4d42258,1,274.08,513.26,18.6,14.75,9,false,false,false,false,LEAVE UNCHANGED,Appears to be a normal single-line value placement.,false,,Low — no mask recommended.,LEAVE UNCHANGED,lines=0; cap=1; underlineDerived=false
11,One to Four Residential,bf4fc543-73e0-40de-920b-cf580de76766,CONTRACT_SELLER_ASSOCIATE_LICENSE_NUMBER,Seller Associate License Number,6cff4b13-ff80-4e9e-9c95-d24cb7fe99a6,11,422.69,225.18,120,14,9,false,false,false,false,LEAVE UNCHANGED,Normally single-line value (amount/date/name/address/code field).,false,,Low — no mask recommended.,LEAVE UNCHANGED,lines=1; cap=1; underlineDerived=false
25,Condominium Resale Certificate,4238b3c1-067f-4773-b8c3-e58ff63ffc3d,condo_resale_capital_reserves_contribution,Required Capital Reserves Contribution,6d2a9337-9906-4223-ac25-4be1399dca5f,2,385,234,151,14,9,false,false,false,false,LEAVE UNCHANGED,Normally single-line value (amount/date/name/address/code field).,false,,Low — no mask recommended.,LEAVE UNCHANGED,lines=0; cap=1; underlineDerived=false
38,FARM AND RANCH REAL ESTATE LISTING AGREEMENT - EXCLUSIVE RIGHT TO SELL,d1c544ce-5e2b-4480-a69a-a9e90ce6d109,txr_1201_res_other_held_by_others,TXR-1201 Reservations other Held by Others,6d479e83-559b-44b1-9228-a7c1badfbdec,2,144.4,531,196.6,24,9,false,false,false,false,LEAVE UNCHANGED,Normally single-line value (amount/date/name/address/code field).,false,,Low — no mask recommended.,LEAVE UNCHANGED,lines=0; cap=2; underlineDerived=false
25,Condominium Resale Certificate,0c455cb1-d967-41e2-89bd-90fb127e28c5,condo_resale_reserves_designated_for,Reserves Designated For,6d62fa59-f3cf-4892-a740-8e99d38ce63b,1,190,333,360,12,9,false,false,false,false,LEAVE UNCHANGED,Normally single-line value (amount/date/name/address/code field).,false,,Low — no mask recommended.,LEAVE UNCHANGED,lines=0; cap=1; underlineDerived=false
51,Itemization of Security Deposit,9e2d6525-3f8c-46db-a306-49e7ac5c7051,PROPERTY_FULL_ADDRESS,Property Full Address,6d77e9b9-a724-4387-9e82-2af60c6d92ed,3,160,31.5,416,14,9,false,false,false,false,LEAVE UNCHANGED,Normally single-line value (amount/date/name/address/code field).,false,,Low — no mask recommended.,LEAVE UNCHANGED,lines=0; cap=1; underlineDerived=true
17,Third Party Financing Addendum,4ac84fc3-cc08-4f75-8e0b-38ee91f99993,txr_1901_any_financed_pmi_premium_due_in_full_in_1,Any Financed Pmi Premium Due In Full In 1,6d81627d-8ffd-46d1-8b51-08557eb2895a,1,291.71,250.13,37.79,12.21,9,false,false,false,false,LEAVE UNCHANGED,Appears to be a normal single-line value placement.,false,,Low — no mask recommended.,LEAVE UNCHANGED,lines=0; cap=1; underlineDerived=false
5,TILA-RESPA,5d95c90f-3336-4f40-9949-106613ee21ed,brokerage_address,Brokerage Address,6ddcca53-c792-4f27-a110-0d2a125ef5d6,1,99.4,313.75,385,14,9,false,false,false,false,LEAVE UNCHANGED,Normally single-line value (amount/date/name/address/code field).,false,,Low — no mask recommended.,LEAVE UNCHANGED,lines=0; cap=1; underlineDerived=false
20,Residential Condominium Contract (Resale),3989abe8-f184-4cde-b216-8d1764778505,contract_buyer_contribution_percent,Buyer Contribution Percent,6de6b5e8-83ab-4aa4-b27d-78837a956945,6,407.7,50.9,42,14,,false,false,false,false,LEAVE UNCHANGED,Appears to be a normal single-line value placement.,false,,Low — no mask recommended.,LEAVE UNCHANGED,lines=0; cap=1; underlineDerived=false
47,RESIDENTIAL LEASING AND PROPERTY MANAGEMENT AGREEMENT,9e2d6525-3f8c-46db-a306-49e7ac5c7051,PROPERTY_FULL_ADDRESS,Property Full Address,6e5e3140-6f9b-40b6-875f-d66ed775bfa6,1,188.3,450.3,386.7,26.6,9,false,false,false,false,LEAVE UNCHANGED,Normally single-line value (amount/date/name/address/code field).,false,,Low — no mask recommended.,LEAVE UNCHANGED,lines=0; cap=2; underlineDerived=false
16,Amendment to Lease Listing,83a2e473-13f5-4bf9-89fe-2120b591b857,AGENT_LICENSE_NUMBER,Agent License Number,6e73ae71-e25f-4ad4-b3c7-3f08fba4d9c5,1,248.15,665.14,46.68,12.82,9,false,false,false,false,LEAVE UNCHANGED,Normally single-line value (amount/date/name/address/code field).,false,,Low — no mask recommended.,LEAVE UNCHANGED,lines=0; cap=1; underlineDerived=false
37,FARM AND RANCH CONTRACT,5444edd7-00dd-4dae-abea-c41b2e44a86c,CONTRACT_SELLER_ASSOCIATE_EMAIL,Seller Associate Email,6e9402ba-f356-41d5-8dfd-3a1cc18f41c1,11,134.75,229.1,180,12,9,false,false,false,false,LEAVE UNCHANGED,Normally single-line value (amount/date/name/address/code field).,false,,Low — no mask recommended.,LEAVE UNCHANGED,lines=1; cap=1; underlineDerived=false
11,One to Four Residential,1886fa07-898b-4e78-ad1f-978b38274408,CONTRACT_BUYER_BROKERAGE_LICENSE_NUMBER,Buyer Brokerage License Number,6e9dcc66-fc95-4aff-8486-0febef3b438a,11,179.87,311.38,130,14,9,false,false,false,false,LEAVE UNCHANGED,Normally single-line value (amount/date/name/address/code field).,false,,Low — no mask recommended.,LEAVE UNCHANGED,lines=1; cap=1; underlineDerived=false
24,Condominium Addendum to Listing,e3b61f1e-f761-4074-9282-84ebcc99df36,listing_condo_documents_delivery_date,Condo Documents Delivery Date,6ef03aba-dcee-4a7b-ac04-e078165bdf06,1,145,536,135,14,9,false,false,false,false,LEAVE UNCHANGED,Normally single-line value (amount/date/name/address/code field).,false,,Low — no mask recommended.,LEAVE UNCHANGED,lines=0; cap=1; underlineDerived=false
47,RESIDENTIAL LEASING AND PROPERTY MANAGEMENT AGREEMENT,93d413c8-dbb4-4d4e-aca3-f1174f7ec106,landlord_name_2,Landlord Name 2,6f0fe4b5-f473-402d-9776-3c3b0b1d6162,1,118,165.8,457,14,9,false,false,false,false,LEAVE UNCHANGED,Normally single-line value (amount/date/name/address/code field).,false,,Low — no mask recommended.,LEAVE UNCHANGED,lines=0; cap=1; underlineDerived=true
11,One to Four Residential,91da9194-9c59-4d67-a796-33959c7f1515,contract_seller_team_name,Seller Team Name,6f45eff6-779c-4e85-b62e-555b6d761455,11,128.93,197.6,240,14,9,false,false,false,false,LEAVE UNCHANGED,Normally single-line value (amount/date/name/address/code field).,false,,Low — no mask recommended.,LEAVE UNCHANGED,lines=1; cap=1; underlineDerived=false
48,SELLER'S TEMPORARY RESIDENTIAL LEASE,9e2d6525-3f8c-46db-a306-49e7ac5c7051,PROPERTY_FULL_ADDRESS,Property Full Address,6f6ada7f-7b2f-465d-af1a-7efc4dd46039,2,190.6,32.4,285.2,14,9,false,false,false,false,LEAVE UNCHANGED,Normally single-line value (amount/date/name/address/code field).,false,,Low — no mask recommended.,LEAVE UNCHANGED,lines=0; cap=1; underlineDerived=true
15,Residential Lease Listing,6d96793e-2d22-4698-9efc-8c6b4cc581ca,lease_reimbursable_expenses,Lease Reimbursable Expenses,6f72a594-671d-4f7b-ba56-4f1cfbf3b01e,3,210.84,383.67,366.79,27.7,9,false,false,false,false,LEAVE UNCHANGED,Appears to be a normal single-line value placement.,false,,Low — no mask recommended.,LEAVE UNCHANGED,lines=0; cap=2; underlineDerived=false
51,Itemization of Security Deposit,4a708793-d6a2-4247-b5a4-b012d60a62c4,txr_2216_unapproved_alterations_amount,TXR-2216 Unapproved Alterations Amount,6f8bf3c5-31ef-4f3a-9920-542d0a75e691,2,474.5,473.5,101.5,14,9,false,false,false,false,LEAVE UNCHANGED,Normally single-line value (amount/date/name/address/code field).,false,,Low — no mask recommended.,LEAVE UNCHANGED,lines=0; cap=1; underlineDerived=true
48,SELLER'S TEMPORARY RESIDENTIAL LEASE,13ad6f47-5c11-446d-937d-2ad7f3396fe8,txr_1910_holding_over_daily,TXR-1910 Holding Over Daily Amount,6f995e77-9257-44f4-9437-7771d1165f2c,2,239.3,244,33,14,9,false,false,false,false,LEAVE UNCHANGED,Normally single-line value (amount/date/name/address/code field).,false,,Low — no mask recommended.,LEAVE UNCHANGED,lines=0; cap=1; underlineDerived=true
38,FARM AND RANCH REAL ESTATE LISTING AGREEMENT - EXCLUSIVE RIGHT TO SELL,731ea151-77d8-429a-9ca7-99d7d318f37c,LISTING_AGREEMENT_CONCERNING,Listing Agreement Concerning,702338e3-a650-4e91-8e76-583a87ed6e5d,5,180.6,26.2,395.5,14,9,false,false,false,false,LEAVE UNCHANGED,Normally single-line value (amount/date/name/address/code field).,false,,Low — no mask recommended.,LEAVE UNCHANGED,lines=0; cap=1; underlineDerived=false
37,FARM AND RANCH CONTRACT,d1616f69-586d-4732-a7a0-665f46fda132,CONTRACT_INTERMEDIARY_BROKERAGE_NAME,Intermediary Brokerage Name,70335d00-af39-4217-b7be-4732e9f22a4f,11,40.25,404.84,194.42,13.85,9,false,false,false,false,LEAVE UNCHANGED,Normally single-line value (amount/date/name/address/code field).,false,,Low — no mask recommended.,LEAVE UNCHANGED,lines=0; cap=1; underlineDerived=false
44,NOTICE TO PURCHASER OF SPECIAL TAXING OR ASSESSMENT DISTRICT,7d41f363-242f-4989-8f7a-cdf7a88b8eb8,txr_1420_strategic_partnership_municipality,TXR-1420 Strategic Partnership Municipality,703e5acf-e46d-4add-b366-f9a927029bef,2,72.7,329.9,150,14,9,false,false,false,false,LEAVE UNCHANGED,Appears to be a normal single-line value placement.,false,,Low — no mask recommended.,LEAVE UNCHANGED,lines=0; cap=1; underlineDerived=false
15,Residential Lease Listing,3cf1d9b7-c6fe-4a3a-a3d4-59e18c9dc006,lease_make_ready_direct_service_fee,Lease Make Ready Direct Service Fee,7057bc4d-5fc8-4b24-8873-39f2d7162987,7,398.34,196.4,150,14,9,false,false,false,false,LEAVE UNCHANGED,Normally single-line value (amount/date/name/address/code field).,false,,Low — no mask recommended.,LEAVE UNCHANGED,lines=0; cap=1; underlineDerived=false
34,AMENDMENT TO FARM AND RANCH LISTING - EXCLUSIVE RIGHT TO SELL,947d85cc-0e48-4b61-b663-5f6b10a93dcf,txr_1422_fee_flat,TXR-1422 C(a) Fee Flat Amount,705e89a4-e785-47e2-bc35-6707a5312a1c,1,339.66,318.79,90,14,9,false,false,false,false,LEAVE UNCHANGED,Normally single-line value (amount/date/name/address/code field).,false,,Low — no mask recommended.,LEAVE UNCHANGED,lines=0; cap=1; underlineDerived=false
35,ANIMAL AGREEMENT,83efbc92-f802-470b-a010-60af096bf683,txr_2004_animal_3_type,TXR-2004 Animal 3 Type,70cfa318-3b47-442e-a4d8-d9baad10be05,1,99.51,458.08,99.43,15.4,9,false,false,false,false,LEAVE UNCHANGED,Normally single-line value (amount/date/name/address/code field).,false,,Low — no mask recommended.,LEAVE UNCHANGED,lines=0; cap=1; underlineDerived=false
37,FARM AND RANCH CONTRACT,b00cae55-3d09-49f4-a31b-df49b481b886,CONTRACT_BROKER_DISCLOSURE_TEXT,Broker Disclosure Text,70f3b8c5-5517-4e00-9e2a-426a640cb2b8,6,104.49,249.28,429.17,11.55,9,false,false,false,false,LEAVE UNCHANGED,Normally single-line value (amount/date/name/address/code field).,false,,Low — no mask recommended.,LEAVE UNCHANGED,lines=0; cap=1; underlineDerived=false
20,Residential Condominium Contract (Resale),840176fc-0cc0-4735-b96f-f3ce86a30ee0,contract_intermediary_seller_associate_name,Intermediary Seller Associate Name,7146b202-0671-4276-ba8b-3015e0cd4a93,9,200.8,518.6,240,14,,false,false,false,false,LEAVE UNCHANGED,Normally single-line value (amount/date/name/address/code field).,false,,Low — no mask recommended.,LEAVE UNCHANGED,lines=1; cap=1; underlineDerived=false
11,One to Four Residential,a68f94bb-1c06-4b40-b54f-9889c945e80f,property_concerning_full_address,Contract Concerning Property Address,716e3b0c-940f-4b03-988a-ee9bde786219,2,135.1,31,320,14,9,false,false,false,false,LEAVE UNCHANGED,Normally single-line value (amount/date/name/address/code field).,false,,Low — no mask recommended.,LEAVE UNCHANGED,lines=1; cap=1; underlineDerived=false
38,FARM AND RANCH REAL ESTATE LISTING AGREEMENT - EXCLUSIVE RIGHT TO SELL,505617ee-8f3c-42fe-bd49-8643bebcc567,txr_1201_res_mineral_leases_retained_by_seller,TXR-1201 Reservations mineral_leases Retained by Seller,7191bab6-1977-48cb-9c30-3427023c14de,2,360.9,386.1,215.2,24,9,false,false,false,false,LEAVE UNCHANGED,Normally single-line value (amount/date/name/address/code field).,false,,Low — no mask recommended.,LEAVE UNCHANGED,lines=0; cap=2; underlineDerived=false
15,Residential Lease Listing,058a7c87-4a03-4823-ad49-2ae70bf71695,lease_tenant_utilities_except,Lease Tenant Utilities Except,719affc0-1484-4e66-9e47-75d7cfbcecad,9,308.09,712.6,290,14,9,false,false,false,false,LEAVE UNCHANGED,Appears to be a normal single-line value placement.,false,,Low — no mask recommended.,LEAVE UNCHANGED,lines=0; cap=1; underlineDerived=false
20,Residential Condominium Contract (Resale),498c7f0c-0fc7-4565-a782-bb95e288c4a1,CONTRACT_BUYER_SUPERVISOR_LICENSE_NUMBER,Buyer Supervisor License Number,71f1456d-2ec4-4aae-ac2c-92e55dea6b8b,9,421.8,394.5,133,14,,false,false,false,false,LEAVE UNCHANGED,Normally single-line value (amount/date/name/address/code field).,false,,Low — no mask recommended.,LEAVE UNCHANGED,lines=1; cap=1; underlineDerived=false
15,Residential Lease Listing,85e5d1ed-d5f4-4549-8b46-03a45771d569,lease_broker_fee_other,Lease Broker Fee Other,72158b52-1d8f-488a-95b2-6f1bf4f89640,2,120.9,230.29,455,14,9,false,false,false,false,LEAVE UNCHANGED,Normally single-line value (amount/date/name/address/code field).,false,,Low — no mask recommended.,LEAVE UNCHANGED,lines=0; cap=1; underlineDerived=false
37,FARM AND RANCH CONTRACT,71782c8b-390e-4618-9f87-766cd7fde593,contract_add_other_text,Other Addendum Text,723ff0f1-5191-4838-bff8-213ca0bd8076,9,122.79,555.15,435,25,9,false,true,false,false,MEDIUM CONFIDENCE,Narrative field with ~2-line capacity; mask not recommended without line evidence.,false,,Low — no mask recommended.,MEDIUM CONFIDENCE,lines=0; cap=2; underlineDerived=false
37,FARM AND RANCH CONTRACT,f956d037-b9fa-4eb5-9267-f408a901e552,CONTRACT_INTERMEDIARY_BROKERAGE_LICENSE_NUMBER,Intermediary Brokerage License Number,725d0abc-0c4a-48f2-b4b8-ded2c91c29e6,11,167.44,436.18,120,12,9,false,false,false,false,LEAVE UNCHANGED,Normally single-line value (amount/date/name/address/code field).,false,,Low — no mask recommended.,LEAVE UNCHANGED,lines=1; cap=1; underlineDerived=false
37,FARM AND RANCH CONTRACT,55713d7d-5581-4bb4-b828-d99d32092257,txr_1701_exclusions,Farm and Ranch Exclusions,7278e7c0-587c-4244-8e44-29fa95d98257,1,74.38,478.93,485.62,16.04,9,false,true,false,false,REVIEW REQUIRED,Narrative purpose but current height is ~1 line — dimension increase may be needed to cover the printed writing area.,true,Height 16.04pt ≈ 1 line(s). Expand only after confirming intended lined region on the PDF.,Enlarging may approach amount columns or following rows — review carefully.,REVIEW REQUIRED,lines=0; cap=1; underlineDerived=false
37,FARM AND RANCH CONTRACT,f2b768de-9ebf-4957-9a3e-be09633f8b9a,CONTRACT_SELLER_SUPERVISOR_LICENSE_NUMBER,Seller Supervisor License Number,727911fe-fb43-4935-93fa-891cbf1f011c,11,416.03,264.58,100,12,9,false,false,false,false,LEAVE UNCHANGED,Normally single-line value (amount/date/name/address/code field).,false,,Low — no mask recommended.,LEAVE UNCHANGED,lines=1; cap=1; underlineDerived=false
36,EARLY TERMINATION OF RESIDENTIAL LEASE,7bef19d4-4a77-4bbd-b5a6-5670a4296b81,txr_2012_termination_date,TXR-2012 Termination Date,72a97e58-9b13-4ed4-ae8c-08f1b4451c7d,1,452.26,387.5,128.94,16.68,9,false,false,false,false,LEAVE UNCHANGED,Normally single-line value (amount/date/name/address/code field).,false,,Low — no mask recommended.,LEAVE UNCHANGED,lines=0; cap=1; underlineDerived=false
47,RESIDENTIAL LEASING AND PROPERTY MANAGEMENT AGREEMENT,e5a73c8d-755d-4e7d-bf1b-dcb3ba4d0378,txr_2201_offboard_fee_other_text,Off-Boarding Fee Other Description,72d9aff5-be65-422a-a280-5fed187a813f,3,90,314.8,159,14,9,false,true,false,false,REVIEW REQUIRED,Narrative purpose but current height is ~1 line — dimension increase may be needed to cover the printed writing area.,true,Height 14pt ≈ 1 line(s). Expand only after confirming intended lined region on the PDF.,Enlarging may approach amount columns or following rows — review carefully.,REVIEW REQUIRED,lines=0; cap=1; underlineDerived=false
25,Condominium Resale Certificate,7cd7d64a-308c-47e8-9843-b13a029fc8ab,listing_condo_assessment_frequency,Condo Association Assessment Frequency,7303dc87-73f6-4147-a067-e5897592190c,1,454,218,94,12,9,false,false,false,false,LEAVE UNCHANGED,Normally single-line value (amount/date/name/address/code field).,false,,Low — no mask recommended.,LEAVE UNCHANGED,lines=0; cap=1; underlineDerived=false
25,Condominium Resale Certificate,7c8054c2-bf83-48d8-9f42-a7377f948c0b,condo_resale_managing_agent_phone,Managing Agent Phone,732585fe-df82-4da4-92ea-1bfc10dabef2,1,67,682,200,12,9,false,false,false,false,LEAVE UNCHANGED,Normally single-line value (amount/date/name/address/code field).,false,,Low — no mask recommended.,LEAVE UNCHANGED,lines=0; cap=1; underlineDerived=false
20,Residential Condominium Contract (Resale),71f118dc-7958-4357-a8cd-0d9629c4e22f,CONTRACT_INTERMEDIARY_BUYER_ASSOCIATE_PHONE,Intermediary Buyer Associate Phone,7329bc13-4713-4554-9099-15156e439583,9,181.7,648.7,130.9,14,,false,false,false,false,LEAVE UNCHANGED,Normally single-line value (amount/date/name/address/code field).,false,,Low — no mask recommended.,LEAVE UNCHANGED,lines=1; cap=1; underlineDerived=false
20,Residential Condominium Contract (Resale),12560d76-b437-4530-873d-198b6e56d111,contract_condo_certificate_delivery_days,Resale Certificate Delivery Days,732fda11-9679-4830-b01e-4c3c80df2806,1,102.7,597.7,43.4,14,,false,false,false,false,LEAVE UNCHANGED,Appears to be a normal single-line value placement.,false,,Low — no mask recommended.,LEAVE UNCHANGED,lines=1; cap=1; underlineDerived=false
25,Condominium Resale Certificate,f748f88b-db95-4de0-88de-015bb1d2f675,condo_resale_unsatisfied_judgments_amount,Unsatisfied Judgments Amount,735787e5-5c90-46e4-9949-9099dc6b83ab,1,400,373,148,12,9,false,false,false,false,LEAVE UNCHANGED,Normally single-line value (amount/date/name/address/code field).,false,,Low — no mask recommended.,LEAVE UNCHANGED,lines=0; cap=1; underlineDerived=false
18,Residential Lease,a2df9954-ce49-4678-9d09-f84f577d9d68,txr_2001_deceased_tenant_contact_address,Contact address,7385d0de-22d3-4caa-aa14-a65a9879db74,15,137,318,440,16,9,false,false,false,false,LEAVE UNCHANGED,Normally single-line value (amount/date/name/address/code field).,false,,Low — no mask recommended.,LEAVE UNCHANGED,lines=0; cap=1; underlineDerived=false
7,Listing Agreement,f62cb5b6-f8cb-4e5c-a39f-20c50b5894e4,PROPERTY_ADDITION,Property Addition,73df7977-1229-4949-8381-39ddc5a67a2e,1,72.94,398.23,250,14,9,false,false,false,false,LEAVE UNCHANGED,Appears to be a normal single-line value placement.,false,,Low — no mask recommended.,LEAVE UNCHANGED,lines=0; cap=1; underlineDerived=false
51,Itemization of Security Deposit,fa58e762-38e0-4241-af59-9d1f0527a05c,txr_2216_unpaid_rent_periods,TXR-2216 Unpaid Rent Period(s),74f728cd-b898-4ca8-a423-95b4ec058759,1,64,504.1,368,17.6,9,false,false,false,false,LEAVE UNCHANGED,Normally single-line value (amount/date/name/address/code field).,false,,Low — no mask recommended.,LEAVE UNCHANGED,lines=0; cap=1; underlineDerived=true
11,One to Four Residential,0a47197a-3b0c-4124-994f-f36dea04a75d,contract_seller_contribution_amount,Seller Contribution Amount,7532d653-7040-48fa-adcd-e968c39a594c,7,310.01,133.34,57.97,13.85,9,false,false,false,false,LEAVE UNCHANGED,Normally single-line value (amount/date/name/address/code field).,false,,Low — no mask recommended.,LEAVE UNCHANGED,lines=0; cap=1; underlineDerived=false
7,Listing Agreement,576bb033-ca17-44bd-9bbb-28db7557e30b,listing_begin_date,Listing Begin Date,7559438f-bf04-48cf-9f77-a7a1bafdd591,2,185.74,125.71,108.24,13.85,9,false,false,false,false,LEAVE UNCHANGED,Normally single-line value (amount/date/name/address/code field).,false,,Low — no mask recommended.,LEAVE UNCHANGED,lines=0; cap=1; underlineDerived=false
7,Listing Agreement,ae78da9f-90e5-48fd-9724-8d4562052057,PROPERTY_CITY,Property City,756247bf-6e66-4fda-afd3-c674cdd91b71,1,408.59,398.75,163.64,13.85,9,false,false,false,false,LEAVE UNCHANGED,Normally single-line value (amount/date/name/address/code field).,false,,Low — no mask recommended.,LEAVE UNCHANGED,lines=0; cap=1; underlineDerived=false
37,FARM AND RANCH CONTRACT,b53d1d91-9ee7-48dc-b755-b476e4b38006,contract_intermediary_seller_supervisor_name,Intermediary Seller Supervisor Name,75665320-b6e7-44fc-9c5d-d3af54fba53a,11,221.68,495.66,180,12,9,false,false,false,false,LEAVE UNCHANGED,Normally single-line value (amount/date/name/address/code field).,false,,Low — no mask recommended.,LEAVE UNCHANGED,lines=1; cap=1; underlineDerived=false
3,IABS,6e21158b-ffce-47b7-b45f-bb02c17021e3,brokerage_email,Brokerage Email,7581b2a7-5f90-40c2-99b4-76b066035d46,1,300.8,609.6,150,18,10,false,false,false,false,LEAVE UNCHANGED,Normally single-line value (amount/date/name/address/code field).,false,,Low — no mask recommended.,LEAVE UNCHANGED,lines=0; cap=1; underlineDerived=false
38,FARM AND RANCH REAL ESTATE LISTING AGREEMENT - EXCLUSIVE RIGHT TO SELL,be62a157-0fcc-41ed-bff8-e18cc14f38c0,txr_1201_res_timber_held_by_others,TXR-1201 Reservations timber Held by Others,75821c51-f16e-42f3-9b2c-df10eafd98c0,2,144.4,458.6,196.6,24,9,false,false,false,false,LEAVE UNCHANGED,Normally single-line value (amount/date/name/address/code field).,false,,Low — no mask recommended.,LEAVE UNCHANGED,lines=0; cap=2; underlineDerived=false
37,FARM AND RANCH CONTRACT,70a32292-339a-4bd0-b035-048588c05ed6,TXR_1701_EXCEPTION_DOC_RECORD_REFERENCE,Exception Doc Record Reference,759cd10a-325e-4323-ab54-84d7ca8f1cec,3,442.96,612.64,125.09,28.23,10,false,true,false,true,MEDIUM CONFIDENCE,Narrative placement with writing-line evidence; enable multiline and mask after quick visual confirm.,false,,Confirm mask does not cover row labels or amount boxes beside the description.,MEDIUM CONFIDENCE,lines=2; cap=2; underlineDerived=false
18,Residential Lease,a2179e44-944f-44b3-81be-76544adc5f10,txr_2001_emergency_repair_phone,Emergency repair phone,76acb3a5-681d-4d25-a255-c9bc9cd52f62,9,181,561,137,16,9,false,true,false,false,REVIEW REQUIRED,Narrative purpose but current height is ~1 line — dimension increase may be needed to cover the printed writing area.,true,Height 16pt ≈ 1 line(s). Expand only after confirming intended lined region on the PDF.,Enlarging may approach amount columns or following rows — review carefully.,REVIEW REQUIRED,lines=0; cap=1; underlineDerived=false
20,Residential Condominium Contract (Resale),b4cfd37f-98ec-4b44-95e5-a47ffce8dc9d,CONTRACT_SERVICE_CONTRACT_REIMBURSEMENT_AMOUNT,Service Contract Reimbursement Amount,77574528-d1a4-4218-8363-99a124d3c696,4,424.3,687,96.7,14,,false,false,false,false,LEAVE UNCHANGED,Normally single-line value (amount/date/name/address/code field).,false,,Low — no mask recommended.,LEAVE UNCHANGED,lines=1; cap=1; underlineDerived=false
17,Third Party Financing Addendum,cdd9764c-11cf-46d5-bd49-a7a67ec7ad9a,txr_1901_excluding_2_1,Excluding 2 1,77c4ce0a-5ab4-4aa9-a669-5dd1b69def65,1,426.86,614.49,126.55,11.69,9,false,false,false,false,LEAVE UNCHANGED,Appears to be a normal single-line value placement.,false,,Low — no mask recommended.,LEAVE UNCHANGED,lines=0; cap=1; underlineDerived=false
32,ADDENDUM REGARDING RESIDENTIAL LEASES,a7c86e61-2d1d-47cc-ac7f-f5b82356873b,txr_1953_representations_exceptions_explain,TXR-1953 B(3) Exceptions Explanation,77d2de06-437f-465b-8f5b-5e1e738b13e5,1,76.03,478.68,500.17,33.86,9,false,true,false,false,MEDIUM CONFIDENCE,Narrative field with ~2-line capacity; mask not recommended without line evidence.,false,,Low — no mask recommended.,MEDIUM CONFIDENCE,lines=0; cap=2; underlineDerived=false
1,Buyer Rep Agreement,1887494c-4721-43b5-839f-e6fafef6e418,buyer_client_city_state_zip,"Buyer/Client City, State ZIP",77ecf93d-c4c8-4b44-a1ad-47f9e5c199fa,1,157.27,205.92,260,12,10,false,false,false,false,LEAVE UNCHANGED,Normally single-line value (amount/date/name/address/code field).,false,,Low — no mask recommended.,LEAVE UNCHANGED,lines=0; cap=1; underlineDerived=false
37,FARM AND RANCH CONTRACT,70518a5d-5225-48a7-8776-61cbddcc5de1,contract_seller_attorney_name,Seller Attorney Name,7851d167-3716-417d-ae86-f62a6b4fc21f,9,387.79,623.17,190,12,9,false,false,false,false,LEAVE UNCHANGED,Normally single-line value (amount/date/name/address/code field).,false,,Low — no mask recommended.,LEAVE UNCHANGED,lines=0; cap=1; underlineDerived=false
37,FARM AND RANCH CONTRACT,1886fa07-898b-4e78-ad1f-978b38274408,CONTRACT_BUYER_BROKERAGE_LICENSE_NUMBER,Buyer Brokerage License Number,786d8668-d3c4-427d-8f77-166daf803921,11,172.05,299.76,120,12,9,false,false,false,false,LEAVE UNCHANGED,Normally single-line value (amount/date/name/address/code field).,false,,Low — no mask recommended.,LEAVE UNCHANGED,lines=1; cap=1; underlineDerived=false
20,Residential Condominium Contract (Resale),f7d78229-f99c-4c11-a5b3-082859eeac15,contract_closing_date,Closing Date,788d5561-40bc-4726-8170-758dc7815330,5,294.6,101.2,136.7,14,,false,false,false,false,LEAVE UNCHANGED,Normally single-line value (amount/date/name/address/code field).,false,,Low — no mask recommended.,LEAVE UNCHANGED,lines=1; cap=1; underlineDerived=false
7,Listing Agreement,9e2d6525-3f8c-46db-a306-49e7ac5c7051,PROPERTY_FULL_ADDRESS,Property Full Address,789258ae-050c-4aab-9384-d46cf128fcae,7,165.19,18.47,399.62,17.95,10,false,false,false,false,LEAVE UNCHANGED,Normally single-line value (amount/date/name/address/code field).,false,,Low — no mask recommended.,LEAVE UNCHANGED,lines=0; cap=1; underlineDerived=false
17,Third Party Financing Addendum,9c834879-7453-4956-9f78-ccc7078f44ca,txr_1901_any_financed_pmi_premium_due_in_full_in_2,Any Financed Pmi Premium Due In Full In 2,7894009c-da38-4092-9437-c0578da21245,1,514.5,250.33,29.1,11.16,9,false,false,false,false,LEAVE UNCHANGED,Appears to be a normal single-line value placement.,false,,Low — no mask recommended.,LEAVE UNCHANGED,lines=0; cap=1; underlineDerived=false
45,NOTICE OF WITHDRAWAL OF OFFER,a33e6788-21e6-413c-bd27-6d5b93ddce04,txr_1945_option_a_time,TXR-1945 Option A Time,78c26a6d-bc9b-421d-ab29-fa333c8a9d76,1,121.3,327.7,111.8,14,9,false,false,false,false,LEAVE UNCHANGED,Appears to be a normal single-line value placement.,false,,Low — no mask recommended.,LEAVE UNCHANGED,lines=0; cap=1; underlineDerived=true
46,RELEASE OF EARNEST MONEY,774868ad-d8c5-4bcc-9e16-dad934754838,txr_1904_other_broker_address,TXR-1904 Other Broker Address,78d50809-d0c8-4751-a05e-cd52b0db4bbe,1,82,698.6,205,34.2,9,false,false,false,false,LEAVE UNCHANGED,Normally single-line value (amount/date/name/address/code field).,false,,Low — no mask recommended.,LEAVE UNCHANGED,lines=0; cap=2; underlineDerived=false
1,Buyer Rep Agreement,e9a0aa75-2b32-4a27-89b9-7664d3698e92,BUYER_REP_MARKET_AREA,Market Area,792d3248-79b3-4a0b-8df5-82f54e346bbb,1,341.53,456.52,232.39,11.8,10,false,false,false,false,LEAVE UNCHANGED,Appears to be a normal single-line value placement.,false,,Low — no mask recommended.,LEAVE UNCHANGED,lines=0; cap=1; underlineDerived=false
7,Listing Agreement,4861d3dd-ad35-4a65-827b-a6266486f7da,LISTING_EXCLUSIONS,Listing Exclusions,79679aaf-04e3-4939-9685-83ab69535d10,1,225.6,669.67,272.4,13.85,9,false,true,false,false,REVIEW REQUIRED,Narrative purpose but current height is ~1 line — dimension increase may be needed to cover the printed writing area.,true,Height 13.85pt ≈ 1 line(s). Expand only after confirming intended lined region on the PDF.,Enlarging may approach amount columns or following rows — review carefully.,REVIEW REQUIRED,lines=0; cap=1; underlineDerived=false
17,Third Party Financing Addendum,89f01e77-d3dc-4058-92f3-20a4c33820fa,TXR_1901_STREET_ADDRESS_AND_CITY,Street Address And City,79717493-fae1-4b14-99c3-f4f0254408da,1,55.14,141.65,504.12,13.88,9,false,false,false,false,LEAVE UNCHANGED,Normally single-line value (amount/date/name/address/code field).,false,,Low — no mask recommended.,LEAVE UNCHANGED,lines=0; cap=1; underlineDerived=false
9,Lead Based Paint Addendum,71975e43-4552-4f40-96ac-7e5fd3b2b173,lead_paint_records_list,List of records/reports provided,799b11d9-2936-4fdb-9bf5-f0ec800267cc,1,371.78,314.68,145,12,10,false,true,false,false,REVIEW REQUIRED,Narrative purpose but current height is ~1 line — dimension increase may be needed to cover the printed writing area.,true,Height 12pt ≈ 1 line(s). Expand only after confirming intended lined region on the PDF.,Enlarging may approach amount columns or following rows — review carefully.,REVIEW REQUIRED,lines=0; cap=1; underlineDerived=false
45,NOTICE OF WITHDRAWAL OF OFFER,d01212aa-4021-4e9f-8791-124b0148515d,txr_1945_to_name,TXR-1945 To Name,79a94d7f-adbe-4030-97bf-7f4cdb66a0a6,1,94.4,156.8,336.7,14,9,false,false,false,false,LEAVE UNCHANGED,Normally single-line value (amount/date/name/address/code field).,false,,Low — no mask recommended.,LEAVE UNCHANGED,lines=0; cap=1; underlineDerived=true
35,ANIMAL AGREEMENT,e3e8c18d-acb4-4dda-acd2-8d4e87dd6847,txr_2004_animal_3_age,TXR-2004 Animal 3 Age,79bb796b-4797-4eac-9cc1-97b8380ab65e,1,385.96,472.36,50,14,9,false,false,false,false,LEAVE UNCHANGED,Normally single-line value (amount/date/name/address/code field).,false,,Low — no mask recommended.,LEAVE UNCHANGED,lines=0; cap=1; underlineDerived=false
47,RESIDENTIAL LEASING AND PROPERTY MANAGEMENT AGREEMENT,d28f1c7c-e12d-48c5-8074-457fecaef55e,landlord_name_1,Landlord Name 1,79e790fc-2bca-4d2c-a32f-d4ecc602d88a,1,118,153.2,457,14,9,false,false,false,false,LEAVE UNCHANGED,Normally single-line value (amount/date/name/address/code field).,false,,Low — no mask recommended.,LEAVE UNCHANGED,lines=0; cap=1; underlineDerived=true
15,Residential Lease Listing,a496985e-8330-4917-9689-95a7740df730,lease_replacement_tenant_by_landlord_amount,Lease Replacement Tenant By Landlord Amount,7a0b7641-08ee-4262-a749-eb1f7044a02f,10,248.33,295.39,21.55,11.8,9,false,false,false,false,LEAVE UNCHANGED,Normally single-line value (amount/date/name/address/code field).,false,,Low — no mask recommended.,LEAVE UNCHANGED,lines=0; cap=1; underlineDerived=false
18,Residential Lease,4cf3ac91-28b8-4558-a725-46c9288d8284,TXR_2001_VEHICLE_LIMIT,Max vehicles,7a11e0ac-219a-4416-b8bb-f3c32c8ef4cf,6,324,56,36,16,9,false,false,false,false,LEAVE UNCHANGED,Appears to be a normal single-line value placement.,false,,Low — no mask recommended.,LEAVE UNCHANGED,lines=0; cap=1; underlineDerived=false
34,AMENDMENT TO FARM AND RANCH LISTING - EXCLUSIVE RIGHT TO SELL,7aa40509-1d60-4dbf-9831-dae7df2f4871,txr_1422_other_broker_flat,TXR-1422 D Other Broker Flat Amount,7a661256-ed1d-4b99-b958-f5cc1ee9b54f,1,169.17,387.28,90,14,9,false,false,false,false,LEAVE UNCHANGED,Normally single-line value (amount/date/name/address/code field).,false,,Low — no mask recommended.,LEAVE UNCHANGED,lines=0; cap=1; underlineDerived=false
44,NOTICE TO PURCHASER OF SPECIAL TAXING OR ASSESSMENT DISTRICT,10ee9e6f-5b32-4c87-b2f7-70d7635162ef,txr_1420_assessment_rate,TXR-1420 Assessment Rate,7aad06d9-74a0-4ef7-a23d-7d9cb644868c,1,261.2,397.5,205,14,9,false,false,false,false,LEAVE UNCHANGED,Appears to be a normal single-line value placement.,false,,Low — no mask recommended.,LEAVE UNCHANGED,lines=0; cap=1; underlineDerived=false
7,Listing Agreement,5d95c90f-3336-4f40-9949-106613ee21ed,brokerage_address,Brokerage Address,7b4c3caf-d291-4f37-8b62-f4be9a7c5ee9,1,120.04,263.67,452.46,10.26,10,false,false,false,false,LEAVE UNCHANGED,Normally single-line value (amount/date/name/address/code field).,false,,Low — no mask recommended.,LEAVE UNCHANGED,lines=0; cap=1; underlineDerived=false
48,SELLER'S TEMPORARY RESIDENTIAL LEASE,6c5e8fe4-7619-4c8b-aa5c-ff5903f9d718,txr_1910_deposit,TXR-1910 Deposit,7b667892-9552-41e7-930b-4eaf9250ca47,1,433.7,250.4,77.4,14,9,false,false,false,false,LEAVE UNCHANGED,Normally single-line value (amount/date/name/address/code field).,false,,Low — no mask recommended.,LEAVE UNCHANGED,lines=0; cap=1; underlineDerived=true
47,RESIDENTIAL LEASING AND PROPERTY MANAGEMENT AGREEMENT,fcd1089b-47e1-4f03-ae77-a6582b778e09,AGENT_NAME,Agent Name,7b77a454-fa72-4273-9f92-5be68e6d9c4a,13,27,463.4,250.8,14,9,false,false,false,false,LEAVE UNCHANGED,Normally single-line value (amount/date/name/address/code field).,false,,Low — no mask recommended.,LEAVE UNCHANGED,lines=0; cap=1; underlineDerived=false
44,NOTICE TO PURCHASER OF SPECIAL TAXING OR ASSESSMENT DISTRICT,97e9fb43-8aa7-48ad-888f-87d7c7656de6,txr_1420_purpose_other_description,TXR-1420 Purpose Other Description,7b99945d-f13d-4a7e-8a73-6c51b9619270,2,196.3,419.8,229.2,14,9,false,true,false,false,REVIEW REQUIRED,Narrative purpose but current height is ~1 line — dimension increase may be needed to cover the printed writing area.,true,Height 14pt ≈ 1 line(s). Expand only after confirming intended lined region on the PDF.,Enlarging may approach amount columns or following rows — review carefully.,REVIEW REQUIRED,lines=0; cap=1; underlineDerived=false
17,Third Party Financing Addendum,ae7995c1-f1dc-44a8-8f5b-bb17fbc0406a,txr_1901_initialed_for_identification_by_buyer,Initialed For Identification By Buyer,7b9da00f-cf46-4e1b-9ebe-724da993f358,1,205.44,760.08,22.92,11.16,9,false,false,false,false,LEAVE UNCHANGED,Appears to be a normal single-line value placement.,false,,Low — no mask recommended.,LEAVE UNCHANGED,lines=0; cap=1; underlineDerived=false
20,Residential Condominium Contract (Resale),76392860-8eb5-4e2f-9145-98e985442c6f,contract_buyer_attorney_name,Buyer Attorney Name,7bc50f99-63ab-4630-b02b-3b6eda43a00f,8,128.1,107,165,14,,false,false,false,false,LEAVE UNCHANGED,Normally single-line value (amount/date/name/address/code field).,false,,Low — no mask recommended.,LEAVE UNCHANGED,lines=1; cap=1; underlineDerived=false
15,Residential Lease Listing,6873ddb9-1f51-4fc3-90e8-adc120f82b28,lease_renewal_all_rents_percent,Lease Renewal All Rents Percent,7c093bef-a365-4374-82aa-a6383cb760c3,3,106.29,132.87,34.37,14.36,9,false,false,false,false,LEAVE UNCHANGED,Appears to be a normal single-line value placement.,false,,Low — no mask recommended.,LEAVE UNCHANGED,lines=0; cap=1; underlineDerived=false
25,Condominium Resale Certificate,6e640e4d-e0ab-49f5-82de-b635d3075a45,condo_resale_association_email,Association Email,7c2dffb6-3862-40c8-96a1-9b42bbdaccf6,2,93,562,338,14,9,false,false,false,false,LEAVE UNCHANGED,Normally single-line value (amount/date/name/address/code field).,false,,Low — no mask recommended.,LEAVE UNCHANGED,lines=0; cap=1; underlineDerived=false
11,One to Four Residential,f956d037-b9fa-4eb5-9267-f408a901e552,CONTRACT_INTERMEDIARY_BROKERAGE_LICENSE_NUMBER,Intermediary Brokerage License Number,7c31a1c9-40c7-4bb4-bedc-4f0d0b2be808,11,181.35,508.16,130,14,9,false,false,false,false,LEAVE UNCHANGED,Normally single-line value (amount/date/name/address/code field).,false,,Low — no mask recommended.,LEAVE UNCHANGED,lines=1; cap=1; underlineDerived=false
47,RESIDENTIAL LEASING AND PROPERTY MANAGEMENT AGREEMENT,ef9b7bc7-b878-49f6-8e92-c294dd733089,SPECIAL_PROVISIONS,Special Provisions,7c767dc0-3c78-4258-990b-605277dafcb6,11,54,364,522,96,9,false,true,false,false,MEDIUM CONFIDENCE,Tall narrative box (~8 lines) without conclusive line geometry; multiline recommended; mask only after visual confirm of printed lines.,false,,Low — no mask recommended.,MEDIUM CONFIDENCE,lines=0; cap=8; underlineDerived=false
38,FARM AND RANCH REAL ESTATE LISTING AGREEMENT - EXCLUSIVE RIGHT TO SELL,731ea151-77d8-429a-9ca7-99d7d318f37c,LISTING_AGREEMENT_CONCERNING,Listing Agreement Concerning,7c77118a-5271-4dba-be28-df36d5090ed1,6,180.6,26.2,395.5,14,9,false,false,false,false,LEAVE UNCHANGED,Normally single-line value (amount/date/name/address/code field).,false,,Low — no mask recommended.,LEAVE UNCHANGED,lines=0; cap=1; underlineDerived=false
15,Residential Lease Listing,cbadad81-daec-43f9-ab06-cbfd803a3403,lease_renewal_one_month_percent,Lease Renewal One Month Percent,7ca28808-eeee-4ca2-860c-a649353f4895,3,106.8,117.74,31.29,10.77,9,false,false,false,false,LEAVE UNCHANGED,Normally single-line value (amount/date/name/address/code field).,false,,Low — no mask recommended.,LEAVE UNCHANGED,lines=0; cap=1; underlineDerived=false
44,NOTICE TO PURCHASER OF SPECIAL TAXING OR ASSESSMENT DISTRICT,0db7c246-3845-45e2-a66a-54535206b860,txr_1420_bonds_issued_other_amount,TXR-1420 Bonds Issued Other Amount,7cc01a91-c14b-4e84-8485-3424556b4dea,1,94.3,729.6,102.2,14,9,false,false,false,false,LEAVE UNCHANGED,Normally single-line value (amount/date/name/address/code field).,false,,Low — no mask recommended.,LEAVE UNCHANGED,lines=0; cap=1; underlineDerived=false
34,AMENDMENT TO FARM AND RANCH LISTING - EXCLUSIVE RIGHT TO SELL,2366f866-c894-4496-9ba2-d68438164f0d,txr_1422_other_broker_percent,TXR-1422 D Other Broker Percent,7cc3c3f5-cc02-4e4b-a6d3-b54e556da3cf,1,495.7,372.36,40,14,9,false,false,false,false,LEAVE UNCHANGED,Normally single-line value (amount/date/name/address/code field).,false,,Low — no mask recommended.,LEAVE UNCHANGED,lines=0; cap=1; underlineDerived=false
37,FARM AND RANCH CONTRACT,9e2d6525-3f8c-46db-a306-49e7ac5c7051,PROPERTY_FULL_ADDRESS,Property Full Address,7cf9f498-b000-46c5-8cd2-5c48af8fab9c,12,124.9,24.1,318.06,11.8,9,false,false,false,false,LEAVE UNCHANGED,Normally single-line value (amount/date/name/address/code field).,false,,Low — no mask recommended.,LEAVE UNCHANGED,lines=0; cap=1; underlineDerived=false
42,NOTICE OF LANDLORD'S INTENT NOT TO RENEW,cbb60f37-d84f-467b-a6ae-2dbbfdf25828,txr_2217_delivery_hand_to,TXR-2217 Delivery Hand Delivered To,7d1b2c6b-5289-4e1b-a2f2-df8aab559433,1,142.4,658,289.7,14,9,false,false,false,false,LEAVE UNCHANGED,Normally single-line value (amount/date/name/address/code field).,false,,Low — no mask recommended.,LEAVE UNCHANGED,lines=0; cap=1; underlineDerived=false
15,Residential Lease Listing,9a528faa-ffa9-43e4-9482-1e43347d78de,lease_special_provisions,Lease Special Provisions,7d480d19-50b6-463d-93d1-c69f2daa786f,8,68.2,544.45,480,60,9,false,true,false,false,MEDIUM CONFIDENCE,Tall narrative box (~5 lines) without conclusive line geometry; multiline recommended; mask only after visual confirm of printed lines.,false,,Low — no mask recommended.,MEDIUM CONFIDENCE,lines=0; cap=5; underlineDerived=false
35,ANIMAL AGREEMENT,e44bcb35-9eb5-40bb-9f5a-74dc62fb1194,txr_2004_animal_4_age,TXR-2004 Animal 4 Age,7d7a019b-3c30-4355-bf20-1ce338b3c021,1,385.32,519.72,50,14,9,false,false,false,false,LEAVE UNCHANGED,Normally single-line value (amount/date/name/address/code field).,false,,Low — no mask recommended.,LEAVE UNCHANGED,lines=0; cap=1; underlineDerived=false
7,Listing Agreement,9e2d6525-3f8c-46db-a306-49e7ac5c7051,PROPERTY_FULL_ADDRESS,Property Full Address,7d8b0714-42a9-4edb-9a94-2fafc625f91a,11,163.64,18.47,401.67,17.95,10,false,false,false,false,LEAVE UNCHANGED,Normally single-line value (amount/date/name/address/code field).,false,,Low — no mask recommended.,LEAVE UNCHANGED,lines=0; cap=1; underlineDerived=false
35,ANIMAL AGREEMENT,ba059173-0583-4318-a2fe-bdc32d2e557d,txr_2004_animal_1_weight,TXR-2004 Animal 1 Weight,7d99ee24-c930-4ce9-961b-bf9af1f80de4,1,230.16,377.28,59.02,12.83,9,false,false,false,false,LEAVE UNCHANGED,Normally single-line value (amount/date/name/address/code field).,false,,Low — no mask recommended.,LEAVE UNCHANGED,lines=0; cap=1; underlineDerived=false
3,IABS,f29a94d4-91da-4c5f-93fe-f6b9c32f2b99,broker_full_name,Broker Full Name,7dcf8822-dc9d-4dc3-9344-f8e343ddcb5c,1,29.6,644.8,150,18,10,false,false,false,false,LEAVE UNCHANGED,Normally single-line value (amount/date/name/address/code field).,false,,Low — no mask recommended.,LEAVE UNCHANGED,lines=0; cap=1; underlineDerived=false
15,Residential Lease Listing,223818dc-8761-4532-a660-c713e54f2b04,lease_security_deposit,Lease Security Deposit,7e195610-21c0-4cbe-abde-767da009ec23,9,172.18,687.22,365.25,15.9,9,false,false,false,false,LEAVE UNCHANGED,Normally single-line value (amount/date/name/address/code field).,false,,Low — no mask recommended.,LEAVE UNCHANGED,lines=0; cap=1; underlineDerived=false
37,FARM AND RANCH CONTRACT,e37be25c-0504-4b90-8c93-cd6dd06aab53,CONTRACT_BUYER_SUPERVISOR_PHONE,Buyer Supervisor Phone,7e3f962f-13c0-4daf-a34e-ab59a06a98a5,11,215.27,371.76,100,12,9,false,false,false,false,LEAVE UNCHANGED,Normally single-line value (amount/date/name/address/code field).,false,,Low — no mask recommended.,LEAVE UNCHANGED,lines=1; cap=1; underlineDerived=false
15,Residential Lease Listing,71aca245-1ffe-4306-8f1a-735315e8e296,LEASE_LISTING_CONCERNING,Lease Listing Concerning,7e484405-06e2-4344-98b3-7cde0e6e0706,6,200,32,320,14,9,false,false,false,false,LEAVE UNCHANGED,Appears to be a normal single-line value placement.,false,,Low — no mask recommended.,LEAVE UNCHANGED,lines=0; cap=1; underlineDerived=false
47,RESIDENTIAL LEASING AND PROPERTY MANAGEMENT AGREEMENT,40f5dcae-1ef1-41a1-8745-10147ca6173b,txr_2201_leasing_fee_flat_amount,Leasing Fee Flat Amount,7e654d00-04e7-4318-b47a-cae6db5edd28,2,115.1,343.2,85,14,9,false,false,false,false,LEAVE UNCHANGED,Normally single-line value (amount/date/name/address/code field).,false,,Low — no mask recommended.,LEAVE UNCHANGED,lines=0; cap=1; underlineDerived=false
11,One to Four Residential,84ab49ce-a340-447a-93f9-cc2abf9b5d57,CONTRACT_BUYER_AGENT_NOTICE_PHONE,Buyer Agent Notice Phone,7ef82317-20bb-4f0e-875f-f9d9d55c4de2,8,99.18,689.83,197.5,13.85,9,false,false,false,false,LEAVE UNCHANGED,Normally single-line value (amount/date/name/address/code field).,false,,Low — no mask recommended.,LEAVE UNCHANGED,lines=0; cap=1; underlineDerived=false
47,RESIDENTIAL LEASING AND PROPERTY MANAGEMENT AGREEMENT,7f193d51-4ade-43fd-81cb-3dce865b5eda,txr_2201_add_other_o_text,Addendum Other O Description,7efe01d1-d997-4ac9-b600-854011c53a9f,11,73,651.5,502,14,9,false,true,false,false,REVIEW REQUIRED,Narrative purpose but current height is ~1 line — dimension increase may be needed to cover the printed writing area.,true,Height 14pt ≈ 1 line(s). Expand only after confirming intended lined region on the PDF.,Enlarging may approach amount columns or following rows — review carefully.,REVIEW REQUIRED,lines=0; cap=1; underlineDerived=false
51,Itemization of Security Deposit,f02106b9-e034-425b-8996-7ea99773b6fd,txr_2216_forwarding_address,TXR-2216 Forwarding Address,7f11a91a-14b7-4088-bf9b-7f3c88020688,1,50.5,152,525.5,28.5,9,false,false,false,false,LEAVE UNCHANGED,Normally single-line value (amount/date/name/address/code field).,false,,Low — no mask recommended.,LEAVE UNCHANGED,lines=0; cap=2; underlineDerived=true
17,Third Party Financing Addendum,0fa391ba-ab37-4fef-80a1-7caa7525528f,txr_1901_per_annum_for_the_first_3_1,Per Annum For The First 3 1,7fa8c9ed-5c9d-4210-adb1-fd9bc4acc99a,1,386.41,637.32,34.21,11.16,9,false,false,false,false,LEAVE UNCHANGED,Appears to be a normal single-line value placement.,false,,Low — no mask recommended.,LEAVE UNCHANGED,lines=0; cap=1; underlineDerived=false
37,FARM AND RANCH CONTRACT,9e2d6525-3f8c-46db-a306-49e7ac5c7051,PROPERTY_FULL_ADDRESS,Property Full Address,7ffb6d53-d7bf-4ed5-902f-b414f54ff0e6,10,122.49,24.6,317.55,12.83,9,false,false,false,false,LEAVE UNCHANGED,Normally single-line value (amount/date/name/address/code field).,false,,Low — no mask recommended.,LEAVE UNCHANGED,lines=0; cap=1; underlineDerived=false
1,Buyer Rep Agreement,7263b54f-2ecf-4a50-90f5-c83119f1a2f2,buyer_rep_lease_flat_fee,Lease Flat Fee,805d7bc3-4edf-4ba6-873b-10bcee6bfaad,2,226.19,249.51,85.96,11.55,10,false,false,false,false,LEAVE UNCHANGED,Normally single-line value (amount/date/name/address/code field).,false,,Low — no mask recommended.,LEAVE UNCHANGED,lines=0; cap=1; underlineDerived=false
7,Listing Agreement,6427cd73-8d56-4112-9d18-ee3c45d947a5,BROKERAGE_NAME,Brokerage Name,80b4d5f1-4d70-4f38-a8d8-6e477c8fcc55,1,91.31,247.78,482.21,11.8,10,false,false,false,false,LEAVE UNCHANGED,Normally single-line value (amount/date/name/address/code field).,false,,Low — no mask recommended.,LEAVE UNCHANGED,lines=0; cap=1; underlineDerived=false
20,Residential Condominium Contract (Resale),ae78da9f-90e5-48fd-9724-8d4562052057,PROPERTY_CITY,Property City,80bd3550-79f2-4d86-a2d7-3a3782e8f497,1,240,168.2,158.2,14,,false,false,false,false,LEAVE UNCHANGED,Normally single-line value (amount/date/name/address/code field).,false,,Low — no mask recommended.,LEAVE UNCHANGED,lines=2; cap=1; underlineDerived=false
7,Listing Agreement,833e6118-82da-4266-a0a7-51af14c1af34,listing_end_date,Listing End Date,80bdb6c1-fb4f-4246-8300-bd72709be2f7,2,435.9,126.74,105,14,9,false,false,false,false,LEAVE UNCHANGED,Normally single-line value (amount/date/name/address/code field).,false,,Low — no mask recommended.,LEAVE UNCHANGED,lines=0; cap=1; underlineDerived=false
15,Residential Lease Listing,0e089390-6e61-460a-a296-5d11b3c715d5,lease_mls_delayed_days,Lease MLS Delayed Days,80e104a2-0502-491f-a4d4-c104bbb9cf08,4,480.79,165.5,24.11,13.85,9,false,false,false,false,LEAVE UNCHANGED,Normally single-line value (amount/date/name/address/code field).,false,,Low — no mask recommended.,LEAVE UNCHANGED,lines=0; cap=1; underlineDerived=false
51,Itemization of Security Deposit,eea34f83-a509-4208-a4c9-e8364c112160,txr_2216_unpaid_animal_charges_description,TXR-2216 Unpaid Animal Charges Description,80ec1d77-8a08-4c47-a1a6-de90eb3b9c6b,1,232.5,649.5,199.5,27.5,9,false,true,false,true,MEDIUM CONFIDENCE,Narrative placement with writing-line evidence; enable multiline and mask after quick visual confirm.,false,,Confirm mask does not cover row labels or amount boxes beside the description.,MEDIUM CONFIDENCE,lines=0; cap=2; underlineDerived=true
14,Amendment to Contract,887a446a-f290-4073-838d-ea6cda6e646c,contract_amend_buyer_pay_amount,Amendment Buyer Pay Amount,811efdaa-2a06-4d40-9107-cb7b052bcb92,1,317.47,312.47,60.94,15.4,9,false,false,false,false,LEAVE UNCHANGED,Normally single-line value (amount/date/name/address/code field).,false,,Low — no mask recommended.,LEAVE UNCHANGED,lines=0; cap=1; underlineDerived=false
17,Third Party Financing Addendum,c53a355b-7c19-4b63-b7bf-bb7e9c9ecd51,txr_1901_text2,Text2,815de8f5-e7dd-443a-a45b-46bc5f159559,1,85.75,469.26,43.31,11.53,9,false,false,false,false,LEAVE UNCHANGED,Appears to be a normal single-line value placement.,false,,Low — no mask recommended.,LEAVE UNCHANGED,lines=0; cap=1; underlineDerived=false
36,EARLY TERMINATION OF RESIDENTIAL LEASE,9e2d6525-3f8c-46db-a306-49e7ac5c7051,PROPERTY_FULL_ADDRESS,Property Full Address,8176d7b5-9119-4131-88d1-3d44c524a2e6,1,37.81,221.97,510,14,9,false,false,false,false,LEAVE UNCHANGED,Normally single-line value (amount/date/name/address/code field).,false,,Low — no mask recommended.,LEAVE UNCHANGED,lines=0; cap=1; underlineDerived=false
20,Residential Condominium Contract (Resale),4b307b3b-1c5a-4d40-9815-70e8dba86219,contract_buyer_attorney_phone,Buyer Attorney Phone,817f7777-bd6f-4da1-97d0-badb5e663f6a,8,160,144.6,133,14,,false,false,false,false,LEAVE UNCHANGED,Normally single-line value (amount/date/name/address/code field).,false,,Low — no mask recommended.,LEAVE UNCHANGED,lines=1; cap=1; underlineDerived=false
51,Itemization of Security Deposit,8993e09b-1c56-4959-88b5-a88c7361bbd6,txr_2216_unpaid_animal_charges_amount,TXR-2216 Unpaid Animal Charges Amount,8220b6f3-fa24-4125-94a1-8a4af47b8ed9,1,474.5,663,101.5,14,9,false,false,false,false,LEAVE UNCHANGED,Normally single-line value (amount/date/name/address/code field).,false,,Low — no mask recommended.,LEAVE UNCHANGED,lines=0; cap=1; underlineDerived=true
3,IABS,1afb995e-4077-4af6-bdbb-8be0d6aa7b5c,AGENT_EMAIL,Agent Email,823ab930-5b27-4a43-bdd2-8ab54cd77a00,1,288,709.6,150,18,10,false,false,false,false,LEAVE UNCHANGED,Normally single-line value (amount/date/name/address/code field).,false,,Low — no mask recommended.,LEAVE UNCHANGED,lines=0; cap=1; underlineDerived=false
20,Residential Condominium Contract (Resale),1886fa07-898b-4e78-ad1f-978b38274408,CONTRACT_BUYER_BROKERAGE_LICENSE_NUMBER,Buyer Brokerage License Number,82a36709-4efe-47e4-a37a-80349346b534,9,176.8,307.9,130,14,,false,false,false,false,LEAVE UNCHANGED,Normally single-line value (amount/date/name/address/code field).,false,,Low — no mask recommended.,LEAVE UNCHANGED,lines=1; cap=1; underlineDerived=false
36,EARLY TERMINATION OF RESIDENTIAL LEASE,4e3b2e40-ba84-4fb9-8876-b2c3b2c672dd,txr_2012_termination_fee,TXR-2012 Termination Fee,82f035cf-3a5c-43da-a0ed-2f9c458508c3,1,85.4,657,144.34,14.11,9,false,false,false,false,LEAVE UNCHANGED,Normally single-line value (amount/date/name/address/code field).,false,,Low — no mask recommended.,LEAVE UNCHANGED,lines=0; cap=1; underlineDerived=false
50,TERMINATION OF LISTING,6427cd73-8d56-4112-9d18-ee3c45d947a5,BROKERAGE_NAME,Brokerage Name,83639456-c2f5-414a-93da-07b72bcf5d0a,1,37,636.4,198,14,9,false,false,false,false,LEAVE UNCHANGED,Normally single-line value (amount/date/name/address/code field).,false,,Low — no mask recommended.,LEAVE UNCHANGED,lines=0; cap=1; underlineDerived=false
41,NOTICE OF BUYER'S TERMINATION OF CONTRACT,9e2d6525-3f8c-46db-a306-49e7ac5c7051,PROPERTY_FULL_ADDRESS,Property Full Address,838ea7bd-2326-4e37-99ae-6c6aa8370a74,1,48.8,116.8,508.5,14,9,false,false,false,false,LEAVE UNCHANGED,Normally single-line value (amount/date/name/address/code field).,false,,Low — no mask recommended.,LEAVE UNCHANGED,lines=1; cap=1; underlineDerived=false
34,AMENDMENT TO FARM AND RANCH LISTING - EXCLUSIVE RIGHT TO SELL,83a2e473-13f5-4bf9-89fe-2120b591b857,AGENT_LICENSE_NUMBER,Agent License Number,8393cea1-d4dd-4648-934b-aedb1ba2789c,1,230.6,669.89,69.92,14.11,9,false,false,false,false,LEAVE UNCHANGED,Normally single-line value (amount/date/name/address/code field).,false,,Low — no mask recommended.,LEAVE UNCHANGED,lines=0; cap=1; underlineDerived=false
35,ANIMAL AGREEMENT,35a92ff1-d4e0-44b2-9b99-4f6be751c987,txr_2004_animal_1_name,TXR-2004 Animal 1 Name,83b4d808-1a04-4200-94ba-d1403965fe8e,1,433.47,363,140,14,9,false,false,false,false,LEAVE UNCHANGED,Normally single-line value (amount/date/name/address/code field).,false,,Low — no mask recommended.,LEAVE UNCHANGED,lines=0; cap=1; underlineDerived=false
15,Residential Lease Listing,eed07b60-ee1d-4063-bbae-9a74504119b1,lease_replacement_tenant_by_tenant_percent,Lease Replacement Tenant By Tenant Percent,83cf734a-ea24-4fbd-b305-2ddded03fdd1,10,316.52,281.3,10.77,15.39,9,false,false,false,false,LEAVE UNCHANGED,Appears to be a normal single-line value placement.,false,,Low — no mask recommended.,LEAVE UNCHANGED,lines=0; cap=1; underlineDerived=false
47,RESIDENTIAL LEASING AND PROPERTY MANAGEMENT AGREEMENT,11856c50-0f42-4e6a-97fd-ae654c8d64a2,landlord_phone,Landlord Phone,842a203c-2c7c-4edf-b943-693fbd4006c9,1,124,259,124,14,9,false,false,false,false,LEAVE UNCHANGED,Normally single-line value (amount/date/name/address/code field).,false,,Low — no mask recommended.,LEAVE UNCHANGED,lines=0; cap=1; underlineDerived=true
38,FARM AND RANCH REAL ESTATE LISTING AGREEMENT - EXCLUSIVE RIGHT TO SELL,6d4b08cf-f5e5-4b30-94b6-caf7f0541106,txr_1201_lease_comp_base_rent_percent,TXR-1201 Lease Comp Base Rent Percent,843b1b01-d7ba-4f95-b599-da4470109a10,4,108,415.9,45.6,14,9,false,false,false,false,LEAVE UNCHANGED,Normally single-line value (amount/date/name/address/code field).,false,,Low — no mask recommended.,LEAVE UNCHANGED,lines=0; cap=1; underlineDerived=false
45,NOTICE OF WITHDRAWAL OF OFFER,9e2d6525-3f8c-46db-a306-49e7ac5c7051,PROPERTY_FULL_ADDRESS,Property Full Address,8460c97b-684a-47fe-afa9-e4a04cf259d8,1,273.6,205.7,265.5,28.7,9,false,false,false,false,LEAVE UNCHANGED,Normally single-line value (amount/date/name/address/code field).,false,,Low — no mask recommended.,LEAVE UNCHANGED,lines=0; cap=2; underlineDerived=false
7,Listing Agreement,f8048986-5be8-47ce-8925-cbb11a0eb935,SELLER2_EMAIL,Seller 2 Email,846c7059-dc68-445d-a0bb-40e1645181cb,1,382.09,229.4,183.47,16.68,10,false,false,false,false,LEAVE UNCHANGED,Normally single-line value (amount/date/name/address/code field).,false,,Low — no mask recommended.,LEAVE UNCHANGED,lines=0; cap=1; underlineDerived=false
20,Residential Condominium Contract (Resale),0a47197a-3b0c-4124-994f-f36dea04a75d,contract_seller_contribution_amount,Seller Contribution Amount,849368e4-739e-4f30-a8a5-2e272c893c9a,5,311,729,68,14,,false,false,false,false,LEAVE UNCHANGED,Normally single-line value (amount/date/name/address/code field).,false,,Low — no mask recommended.,LEAVE UNCHANGED,lines=0; cap=1; underlineDerived=false
51,Itemization of Security Deposit,c4b6387e-9e19-4751-9de2-b1b75d04cd9e,txr_2216_other_amount,TXR-2216 Other Deduction Amount,84a3dd74-5000-4b04-bd6c-864af0635b88,2,474.5,695.5,101.5,14,9,false,false,false,false,LEAVE UNCHANGED,Normally single-line value (amount/date/name/address/code field).,false,,Low — no mask recommended.,LEAVE UNCHANGED,lines=0; cap=1; underlineDerived=true
37,FARM AND RANCH CONTRACT,b7e28491-3d9f-44d0-a241-fef6512fd487,contract_survey_option_3_days,Survey Option 3 Days,84d92c55-5641-47d2-ba13-1613532ea4ff,3,125.4,314.51,45,12,9,false,false,false,false,LEAVE UNCHANGED,Normally single-line value (amount/date/name/address/code field).,false,,Low — no mask recommended.,LEAVE UNCHANGED,lines=0; cap=1; underlineDerived=false
7,Listing Agreement,ae78da9f-90e5-48fd-9724-8d4562052057,PROPERTY_CITY,Property City,851a453a-9d38-4aba-95af-a6c8cb4a6e55,1,145.62,204.65,153.32,14.11,10,false,false,false,false,LEAVE UNCHANGED,Normally single-line value (amount/date/name/address/code field).,false,,Low — no mask recommended.,LEAVE UNCHANGED,lines=0; cap=1; underlineDerived=false
1,Buyer Rep Agreement,31b47d47-9fa6-454e-874e-a1a36ef2c1c0,PAYMENT_COUNTY,Payment County,8539d34f-7246-4299-a357-8fb670d7fc52,3,373.24,418.71,121.89,13.47,10,false,false,false,false,LEAVE UNCHANGED,Normally single-line value (amount/date/name/address/code field).,false,,Low — no mask recommended.,LEAVE UNCHANGED,lines=0; cap=1; underlineDerived=false
25,Condominium Resale Certificate,a467c5ba-5ff5-4eac-90d4-8d247fdd3973,condo_resale_association_mailing_address,Association Mailing Address,8542079f-ef53-4527-8bfc-91683dceddbb,2,139,539,291,14,9,false,false,false,false,LEAVE UNCHANGED,Normally single-line value (amount/date/name/address/code field).,false,,Low — no mask recommended.,LEAVE UNCHANGED,lines=0; cap=1; underlineDerived=false
51,Itemization of Security Deposit,0317da19-e9e3-427a-96e3-1a90dbf9d348,txr_2216_light_bulbs_amount,TXR-2216 Light Bulbs Replacement Amount,856c525a-7cd6-4751-bbc1-293567dc27db,2,474.5,169.5,101.5,14,9,false,false,false,false,LEAVE UNCHANGED,Normally single-line value (amount/date/name/address/code field).,false,,Low — no mask recommended.,LEAVE UNCHANGED,lines=0; cap=1; underlineDerived=true
1,Buyer Rep Agreement,30738a34-7686-4312-bb31-4691056aa975,BUYER_1_EMAIL,Buyer 1 Email,8573fb07-5c56-4c8f-beee-aad9b10c4e14,1,129.27,231.58,187.96,12.83,10,false,false,false,false,LEAVE UNCHANGED,Normally single-line value (amount/date/name/address/code field).,false,,Low — no mask recommended.,LEAVE UNCHANGED,lines=0; cap=1; underlineDerived=false
50,TERMINATION OF LISTING,43dff8c4-7150-4429-a185-400060ff88ff,txr_1410_fee_rent_pct,TXR-1410 Fee Rent Percent,859727ad-074d-4e30-a7be-36e0e70b98e5,1,90.5,394.8,33.4,14,9,false,false,false,false,LEAVE UNCHANGED,Normally single-line value (amount/date/name/address/code field).,false,,Low — no mask recommended.,LEAVE UNCHANGED,lines=0; cap=1; underlineDerived=false
31,ADDENDUM REGARDING FIXTURE LEASES,52a7e2fd-67cc-4774-880b-afddf746c5b4,txr_1954_oral_leases_description,TXR-1954 Oral Fixture Lease Description,85a5e708-61fa-4e71-9031-b9ae02f109c0,1,85.39,461.95,480.16,21.03,9,false,true,false,false,REVIEW REQUIRED,Narrative purpose but current height is ~1 line — dimension increase may be needed to cover the printed writing area.,true,Height 21.03pt ≈ 1 line(s). Expand only after confirming intended lined region on the PDF.,Enlarging may approach amount columns or following rows — review carefully.,REVIEW REQUIRED,lines=0; cap=1; underlineDerived=false
11,One to Four Residential,a1e25cce-2866-4966-bbe1-e60411e53ac6,CONTRACT_BUYER_NOTICE_ADDRESS,Buyer Notice Address,85a64682-8698-4b9d-967a-719ea8832bd3,8,106.36,396.73,189.6,20,9,false,false,false,false,LEAVE UNCHANGED,Normally single-line value (amount/date/name/address/code field).,false,,Low — no mask recommended.,LEAVE UNCHANGED,lines=1; cap=1; underlineDerived=false
38,FARM AND RANCH REAL ESTATE LISTING AGREEMENT - EXCLUSIVE RIGHT TO SELL,833e6118-82da-4266-a0a7-51af14c1af34,listing_end_date,Listing End Date,863d2af3-9578-45dc-9185-fb6cad840448,3,422,142.2,118.1,14,9,false,false,false,false,LEAVE UNCHANGED,Normally single-line value (amount/date/name/address/code field).,false,,Low — no mask recommended.,LEAVE UNCHANGED,lines=0; cap=1; underlineDerived=false
47,RESIDENTIAL LEASING AND PROPERTY MANAGEMENT AGREEMENT,9e2d6525-3f8c-46db-a306-49e7ac5c7051,PROPERTY_FULL_ADDRESS,Property Full Address,864f2fa4-5a0a-4c6e-bcaf-57849cdb975f,8,204.2,31.4,298.8,14,9,false,false,false,false,LEAVE UNCHANGED,Normally single-line value (amount/date/name/address/code field).,false,,Low — no mask recommended.,LEAVE UNCHANGED,lines=0; cap=1; underlineDerived=false
18,Residential Lease,4a2600ab-f1d3-4a52-938b-568d937a4cef,txr_2001_addendum_custom_2_text,Custom addendum right,864f3f15-af1d-40ab-a1db-0157cfd4b775,14,333,156.05,208,16,9,false,true,false,false,REVIEW REQUIRED,Narrative purpose but current height is ~1 line — dimension increase may be needed to cover the printed writing area.,true,Height 16pt ≈ 1 line(s). Expand only after confirming intended lined region on the PDF.,Enlarging may approach amount columns or following rows — review carefully.,REVIEW REQUIRED,lines=0; cap=1; underlineDerived=false
35,ANIMAL AGREEMENT,c0138a48-a4e8-43be-b701-e86196ac54c6,txr_2004_animal_2_name,TXR-2004 Animal 2 Name,86604959-e441-49ff-bfd4-b8ecc7929f5f,1,434.75,411.64,140,14,9,false,false,false,false,LEAVE UNCHANGED,Normally single-line value (amount/date/name/address/code field).,false,,Low — no mask recommended.,LEAVE UNCHANGED,lines=0; cap=1; underlineDerived=false
12,Addendum for Property Subject to Mandatory Membership in a Property Owners Association,87e657c2-c6b5-453e-8a53-6ab8e88da138,hoa_addendum_seller_delivery_days,HOA Addendum Seller Delivery Days,86b03f89-2327-4504-af74-e39f83404f82,1,104,223.2,69.6,14.4,10,false,true,false,false,REVIEW REQUIRED,Narrative purpose but current height is ~1 line — dimension increase may be needed to cover the printed writing area.,true,Height 14.4pt ≈ 1 line(s). Expand only after confirming intended lined region on the PDF.,Enlarging may approach amount columns or following rows — review carefully.,REVIEW REQUIRED,lines=0; cap=1; underlineDerived=false
35,ANIMAL AGREEMENT,bc9680e7-b7cf-44d2-9e4a-52ac01b83afa,txr_2004_animal_2_type,TXR-2004 Animal 2 Type,8710eceb-657e-47a9-b817-9aaf95caf8c8,1,97.58,410.36,120,14,9,false,false,false,false,LEAVE UNCHANGED,Normally single-line value (amount/date/name/address/code field).,false,,Low — no mask recommended.,LEAVE UNCHANGED,lines=0; cap=1; underlineDerived=false
37,FARM AND RANCH CONTRACT,222650d2-5bf7-4b65-a70a-988d01d6348b,contract_seller_disclosure_delivery_days,Seller Disclosure Delivery Days,875adab9-04b8-48bc-a0e9-208cda2845a9,4,404.23,633.81,45,12,9,false,false,false,false,LEAVE UNCHANGED,Normally single-line value (amount/date/name/address/code field).,false,,Low — no mask recommended.,LEAVE UNCHANGED,lines=1; cap=1; underlineDerived=false
37,FARM AND RANCH CONTRACT,68ab207d-d60c-4262-b96d-4135f8f8e639,contract_specific_repairs,Specific Repairs,875c786c-c3ec-4a74-a79e-e4b38d0eadbe,5,94.26,110.15,473.43,15.4,9,false,true,false,false,REVIEW REQUIRED,Narrative purpose but current height is ~1 line — dimension increase may be needed to cover the printed writing area.,true,Height 15.4pt ≈ 1 line(s). Expand only after confirming intended lined region on the PDF.,Enlarging may approach amount columns or following rows — review carefully.,REVIEW REQUIRED,lines=0; cap=1; underlineDerived=false
15,Residential Lease Listing,615997d0-2101-4bc8-b486-dde57cfc79da,lease_renewal_other,Lease Renewal Other,876e5261-0385-4389-90fb-c6838d99263b,3,107.7,143.88,480,14,9,false,false,false,false,LEAVE UNCHANGED,Appears to be a normal single-line value placement.,false,,Low — no mask recommended.,LEAVE UNCHANGED,lines=0; cap=1; underlineDerived=false
47,RESIDENTIAL LEASING AND PROPERTY MANAGEMENT AGREEMENT,b35cc37b-f169-4a52-9db3-c0833d321064,txr_2201_expiration_date,Agreement Expiration Date,8787afa5-e035-4e99-a7ef-d160d8f33d76,1,430.7,619.1,144.3,14,9,false,false,false,false,LEAVE UNCHANGED,Normally single-line value (amount/date/name/address/code field).,false,,Low — no mask recommended.,LEAVE UNCHANGED,lines=0; cap=1; underlineDerived=false
20,Residential Condominium Contract (Resale),5abf0584-f253-488e-883a-8d6df97ba792,contract_escrow_agent_address,Escrow Agent Address,878bd06b-09c9-4f58-b1ee-6d435c3d862e,2,81,250.8,256.6,14,,false,false,false,false,LEAVE UNCHANGED,Normally single-line value (amount/date/name/address/code field).,false,,Low — no mask recommended.,LEAVE UNCHANGED,lines=2; cap=1; underlineDerived=false
20,Residential Condominium Contract (Resale),f2b768de-9ebf-4957-9a3e-be09633f8b9a,CONTRACT_SELLER_SUPERVISOR_LICENSE_NUMBER,Seller Supervisor License Number,87cb012c-786f-4bcf-ac3c-353cde40680f,9,421.8,250.2,133,14,,false,false,false,false,LEAVE UNCHANGED,Normally single-line value (amount/date/name/address/code field).,false,,Low — no mask recommended.,LEAVE UNCHANGED,lines=1; cap=1; underlineDerived=false
34,AMENDMENT TO FARM AND RANCH LISTING - EXCLUSIVE RIGHT TO SELL,28f37985-19f4-4401-a7e4-46024c6bc275,txr_1422_paragraph_changes_text,TXR-1422 F Paragraph Changes Text,87f3978b-2c19-4772-9e40-29f889a7d6ba,1,70,494,480,40,9,false,true,false,false,MEDIUM CONFIDENCE,Tall narrative box (~3 lines) without conclusive line geometry; multiline recommended; mask only after visual confirm of printed lines.,false,,Low — no mask recommended.,MEDIUM CONFIDENCE,lines=0; cap=3; underlineDerived=false
20,Residential Condominium Contract (Resale),6ed5cbc5-7cdd-4741-bc2a-7ea2694a0c0b,CONTRACT_SELLER_BROKERAGE_LICENSE_NUMBER,Seller Brokerage License Number,883edfb2-7490-4828-a98d-95d9d722e6b5,9,176.8,163.5,130,14,,false,false,false,false,LEAVE UNCHANGED,Normally single-line value (amount/date/name/address/code field).,false,,Low — no mask recommended.,LEAVE UNCHANGED,lines=1; cap=1; underlineDerived=false
15,Residential Lease Listing,1e3fee3a-b69c-4a19-ba72-3c5770e71f85,lease_tenant_liability_insurance_amount,Lease Tenant Liability Insurance Amount,887001e3-07e2-4c53-937f-1544501a54a8,10,461.67,255.77,90,14,9,false,false,false,false,LEAVE UNCHANGED,Normally single-line value (amount/date/name/address/code field).,false,,Low — no mask recommended.,LEAVE UNCHANGED,lines=0; cap=1; underlineDerived=false
51,Itemization of Security Deposit,7c823365-8e60-4304-938f-7863522e0bd8,txr_2216_damages_amount,TXR-2216 Damages Amount,889ec319-3219-4136-b4e6-01ad8610de03,1,474.5,430.5,101.5,14,9,false,false,false,false,LEAVE UNCHANGED,Normally single-line value (amount/date/name/address/code field).,false,,Low — no mask recommended.,LEAVE UNCHANGED,lines=0; cap=1; underlineDerived=true
15,Residential Lease Listing,8c98c455-6bcf-4284-805a-8525cc27f191,lease_no_coop_all_rents_percent,Lease No Coop All Rents Percent,88abe1ef-590a-4ec1-af5d-de7ddf24e168,2,122.56,534.4,55,14,9,false,false,false,false,LEAVE UNCHANGED,Appears to be a normal single-line value placement.,false,,Low — no mask recommended.,LEAVE UNCHANGED,lines=0; cap=1; underlineDerived=false
37,FARM AND RANCH CONTRACT,b5e63034-df99-47fe-a303-8395d8e67bc4,CONTRACT_SELLER_BROKERAGE_NAME,Seller Brokerage Name,88c4f5ed-e0e5-41c8-b4d5-b954384e13ec,11,34.6,160.02,240,12,9,false,false,false,false,LEAVE UNCHANGED,Normally single-line value (amount/date/name/address/code field).,false,,Low — no mask recommended.,LEAVE UNCHANGED,lines=0; cap=1; underlineDerived=false
17,Third Party Financing Addendum,2ebe1c69-b1cb-4003-9ad0-5bea412c3630,txr_1901_per_annum_for_the_first,Per Annum For The First,88fa20f3-1b8e-4a27-8c08-5b7ba54753e2,1,219.12,261.85,45.24,11.16,9,false,false,false,false,LEAVE UNCHANGED,Appears to be a normal single-line value placement.,false,,Low — no mask recommended.,LEAVE UNCHANGED,lines=0; cap=1; underlineDerived=false
37,FARM AND RANCH CONTRACT,da9e14f5-6f26-4d0a-9f13-7e8097fed433,CONTRACT_SPECIAL_PROVISIONS,Special Provisions,894df093-c4ef-4667-bbb9-791fa277ddd7,6,51.92,674.06,510,12.19,9,false,true,false,false,REVIEW REQUIRED,Narrative purpose but current height is ~1 line — dimension increase may be needed to cover the printed writing area.,true,Height 12.19pt ≈ 1 line(s). Expand only after confirming intended lined region on the PDF.,Enlarging may approach amount columns or following rows — review carefully.,REVIEW REQUIRED,lines=0; cap=1; underlineDerived=false
11,One to Four Residential,c6f2b888-685b-4868-b1fd-1eac8c4aa0f5,CONTRACT_BUYER_AGENT_NOTICE_EMAIL,Buyer Agent Notice Email,8965e5ae-2d24-4fb8-89a8-4cb85a2c9737,8,96.1,726.53,201.61,13.85,9,false,false,false,false,LEAVE UNCHANGED,Normally single-line value (amount/date/name/address/code field).,false,,Low — no mask recommended.,LEAVE UNCHANGED,lines=0; cap=1; underlineDerived=false
47,RESIDENTIAL LEASING AND PROPERTY MANAGEMENT AGREEMENT,c795b691-9652-4741-8f73-a9771ad9be88,txr_2201_legal_fee_amount,Legal Proceedings Fee Amount,89732295-a376-4d78-9d9b-3cd7da01127d,2,282,643.5,77,14,9,false,false,false,false,LEAVE UNCHANGED,Normally single-line value (amount/date/name/address/code field).,false,,Low — no mask recommended.,LEAVE UNCHANGED,lines=0; cap=1; underlineDerived=false
7,Listing Agreement,b4fa63a8-2107-4fda-b5ec-c06ba3e85884,KNOWN_LIENS_EXCEPTION,Known Liens Exception,89884ff1-ace6-4669-a652-4697c761519a,8,75.7,140.78,486.83,13.85,9,false,true,false,false,REVIEW REQUIRED,Narrative purpose but current height is ~1 line — dimension increase may be needed to cover the printed writing area.,true,Height 13.85pt ≈ 1 line(s). Expand only after confirming intended lined region on the PDF.,Enlarging may approach amount columns or following rows — review carefully.,REVIEW REQUIRED,lines=0; cap=1; underlineDerived=false
51,Itemization of Security Deposit,4304b04b-a6b5-4f32-84c8-dbafb400e8fe,txr_2216_rekey_amount,TXR-2216 Rekey Security Devices Amount,898fe3ac-c5c3-4c12-a697-7251824c621a,2,474.5,567,101.5,14,9,false,false,false,false,LEAVE UNCHANGED,Normally single-line value (amount/date/name/address/code field).,false,,Low — no mask recommended.,LEAVE UNCHANGED,lines=0; cap=1; underlineDerived=true
1,Buyer Rep Agreement,e0a0835e-6f9f-457f-9c61-93bdb0e951cd,buyer_rep_agreement_between,Buyer/Tenant Representation Agreement between,898ff847-4e1a-437b-9d6f-71f9536853cd,3,247.32,28.91,330,12,10,false,false,false,false,LEAVE UNCHANGED,Appears to be a normal single-line value placement.,false,,Low — no mask recommended.,LEAVE UNCHANGED,lines=0; cap=1; underlineDerived=false
7,Listing Agreement,062cc399-475f-471e-a23e-cc4156c7a531,KNOWN_DISTRICTS,Known Districts,89bbf5cc-7140-44e4-89da-d9972679799f,8,73.65,280.76,488.37,13.85,9,false,true,false,false,REVIEW REQUIRED,Narrative purpose but current height is ~1 line — dimension increase may be needed to cover the printed writing area.,true,Height 13.85pt ≈ 1 line(s). Expand only after confirming intended lined region on the PDF.,Enlarging may approach amount columns or following rows — review carefully.,REVIEW REQUIRED,lines=0; cap=1; underlineDerived=false
46,RELEASE OF EARNEST MONEY,70a7ca85-9392-43f0-94cd-db488c784dde,txr_1904_disbursement_to_1,TXR-1904 Disbursement To 1,8a41a19f-d0d5-4e60-b826-a2d391b3e678,1,193.2,398.9,381.8,14,9,false,false,false,false,LEAVE UNCHANGED,Appears to be a normal single-line value placement.,false,,Low — no mask recommended.,LEAVE UNCHANGED,lines=0; cap=1; underlineDerived=false
7,Listing Agreement,9e2d6525-3f8c-46db-a306-49e7ac5c7051,PROPERTY_FULL_ADDRESS,Property Full Address,8a603443-ac23-4699-abda-05b1097bbb3c,2,161.6,15.2,400,16.8,10,false,false,false,false,LEAVE UNCHANGED,Normally single-line value (amount/date/name/address/code field).,false,,Low — no mask recommended.,LEAVE UNCHANGED,lines=0; cap=1; underlineDerived=false
47,RESIDENTIAL LEASING AND PROPERTY MANAGEMENT AGREEMENT,abf93b9e-a730-4044-ba98-b2a8844784ee,txr_2201_renewal_fee_one_month_percent,Renewal Fee One Month Percent,8a613a27-3827-4871-b1b3-e5ec108b4e8a,2,109,400.7,88,14,9,false,false,false,false,LEAVE UNCHANGED,Normally single-line value (amount/date/name/address/code field).,false,,Low — no mask recommended.,LEAVE UNCHANGED,lines=0; cap=1; underlineDerived=false
33,AMENDMENT TO BUYER/TENANT REPRESENTATION AGREEMENT,fcd1089b-47e1-4f03-ae77-a6582b778e09,AGENT_NAME,Agent Name,8a6724af-af62-4f1a-8fd7-7423c7074419,1,21.13,681.17,196.3,12.83,9,false,false,false,false,LEAVE UNCHANGED,Normally single-line value (amount/date/name/address/code field).,false,,Low — no mask recommended.,LEAVE UNCHANGED,lines=0; cap=1; underlineDerived=false
13,Amendment to Listing Agreement,75a5692a-6695-45bd-9182-41e39b684dc1,listing_amendment_paragraph_changes,Paragraph Changes,8aa0193a-49e5-4179-94f7-cbcad7446111,1,74.57,495.45,485,42,9,false,true,false,false,MEDIUM CONFIDENCE,Tall narrative box (~3 lines) without conclusive line geometry; multiline recommended; mask only after visual confirm of printed lines.,false,,Low — no mask recommended.,MEDIUM CONFIDENCE,lines=0; cap=3; underlineDerived=false
38,FARM AND RANCH REAL ESTATE LISTING AGREEMENT - EXCLUSIVE RIGHT TO SELL,fcd1089b-47e1-4f03-ae77-a6582b778e09,AGENT_NAME,Agent Name,8aa03e09-6d18-4aa0-a650-549b1dc99b5d,12,27,648.1,200,14,9,false,false,false,false,LEAVE UNCHANGED,Normally single-line value (amount/date/name/address/code field).,false,,Low — no mask recommended.,LEAVE UNCHANGED,lines=0; cap=1; underlineDerived=false
1,Buyer Rep Agreement,3c926f66-7317-4938-b7c9-8af764facb7d,brokerage_license_number,Brokerage License Number,8af2fd51-fa80-4230-939d-84951f96f22a,6,196.8,212,89.6,20,10,false,false,false,false,LEAVE UNCHANGED,Normally single-line value (amount/date/name/address/code field).,false,,Low — no mask recommended.,LEAVE UNCHANGED,lines=0; cap=1; underlineDerived=false
29,"ADDENDUM FOR ""BACK-UP"" CONTRACT",0fb91bfa-48aa-4c4e-a667-75b0f8ccf207,txr_1909_additional_earnest_money,TXR-1909 Additional Earnest Money,8af64fb8-e718-45e5-b9e0-5a3a62889cda,1,343.62,254.15,53.89,14.75,9,false,true,false,false,REVIEW REQUIRED,Narrative purpose but current height is ~1 line — dimension increase may be needed to cover the printed writing area.,true,Height 14.75pt ≈ 1 line(s). Expand only after confirming intended lined region on the PDF.,Enlarging may approach amount columns or following rows — review carefully.,REVIEW REQUIRED,lines=0; cap=1; underlineDerived=false
47,RESIDENTIAL LEASING AND PROPERTY MANAGEMENT AGREEMENT,97581c70-054f-442b-bed7-036f3c0b855d,txr_2201_repair_spend_limit,Single Repair Expenditure Limit,8b0d597c-3f87-4fb7-a582-f918213fa4fc,5,197.8,652.8,177.2,14,9,false,true,false,false,REVIEW REQUIRED,Narrative purpose but current height is ~1 line — dimension increase may be needed to cover the printed writing area.,true,Height 14pt ≈ 1 line(s). Expand only after confirming intended lined region on the PDF.,Enlarging may approach amount columns or following rows — review carefully.,REVIEW REQUIRED,lines=0; cap=1; underlineDerived=false
17,Third Party Financing Addendum,cfea5197-c4fb-4f63-87a3-608f056d7a29,txr_1901_shown_on_buyers_loan_estimate_for_the_loan_not_to_exceed_2,Shown On Buyers Loan Estimate For The Loan Not To Exceed 2,8b1331ca-c707-4ca5-b2c5-a008a8a51a7f,1,402.79,319.22,52.8,11.16,9,false,false,false,false,LEAVE UNCHANGED,Appears to be a normal single-line value placement.,false,,Low — no mask recommended.,LEAVE UNCHANGED,lines=0; cap=1; underlineDerived=false
8,Request for Info From HOA,20392b1b-ef65-4eef-a664-1a0bf49d16fe,HOA_ASSOCIATION_NAME,Owners' Association Name,8b206d7c-ff0b-4af4-947c-564358de08f1,1,58.4,107,299.2,11.2,9,false,false,false,false,LEAVE UNCHANGED,Normally single-line value (amount/date/name/address/code field).,false,,Low — no mask recommended.,LEAVE UNCHANGED,lines=0; cap=1; underlineDerived=false
29,"ADDENDUM FOR ""BACK-UP"" CONTRACT",4fc75165-28ba-48c1-9534-9e103f315dc9,txr_1909_first_contract_date,TXR-1909 First Contract Date,8b681916-346a-4022-a47a-f4dce2ed7d8c,1,153.89,555.79,150,14,9,false,false,false,false,LEAVE UNCHANGED,Normally single-line value (amount/date/name/address/code field).,false,,Low — no mask recommended.,LEAVE UNCHANGED,lines=0; cap=1; underlineDerived=false
49,TERMINATION OF BUYER/TENANT REPRESENTATION AGREEMENT,fab96aa6-f353-4601-9801-468a660d9189,txr_1503_protection_on_or_before,TXR-1503 Protection On Or Before,8b7f0294-3b79-4024-b245-e4e7596bdceb,1,145.6,290.1,244.1,14,9,false,false,false,false,LEAVE UNCHANGED,Appears to be a normal single-line value placement.,false,,Low — no mask recommended.,LEAVE UNCHANGED,lines=0; cap=1; underlineDerived=false
50,TERMINATION OF LISTING,9e2d6525-3f8c-46db-a306-49e7ac5c7051,PROPERTY_FULL_ADDRESS,Property Full Address,8b9d76b5-40c0-482e-9aa3-1cf08ac3355b,1,91,145.2,430,14,9,false,false,false,false,LEAVE UNCHANGED,Normally single-line value (amount/date/name/address/code field).,false,,Low — no mask recommended.,LEAVE UNCHANGED,lines=0; cap=1; underlineDerived=false
35,ANIMAL AGREEMENT,edad297c-d461-406d-a373-5cc219ab418d,txr_2004_animal_deposit_amount,TXR-2004 B(1) Animal Deposit Amount,8be1d299-4357-4cf9-9d8c-2125415cf45a,2,258.98,103.44,82.75,15.4,9,false,false,false,false,LEAVE UNCHANGED,Normally single-line value (amount/date/name/address/code field).,false,,Low — no mask recommended.,LEAVE UNCHANGED,lines=0; cap=1; underlineDerived=false
11,One to Four Residential,f62cb5b6-f8cb-4e5c-a39f-20c50b5894e4,PROPERTY_ADDITION,Property Addition,8c0fa85f-db5a-46b9-b55f-6ab954d76e4d,1,308.92,159.66,250,14,9,false,false,false,false,LEAVE UNCHANGED,Appears to be a normal single-line value placement.,false,,Low — no mask recommended.,LEAVE UNCHANGED,lines=0; cap=1; underlineDerived=false
5,TILA-RESPA,062a12a1-e0e3-425a-b995-0ad8492cc09c,brokerage_office_phone,Brokerage Office Phone,8c74fc65-38fe-4416-9595-3808a03d16d0,1,95.45,339.11,145,14,9,false,false,false,false,LEAVE UNCHANGED,Normally single-line value (amount/date/name/address/code field).,false,,Low — no mask recommended.,LEAVE UNCHANGED,lines=0; cap=1; underlineDerived=false
20,Residential Condominium Contract (Resale),b00cae55-3d09-49f4-a31b-df49b481b886,CONTRACT_BROKER_DISCLOSURE_TEXT,Broker Disclosure Text,8ce750ea-b8e1-4c7c-8dbc-b531692be4cf,5,126,81.5,420,14,,false,false,false,false,LEAVE UNCHANGED,Appears to be a normal single-line value placement.,false,,Low — no mask recommended.,LEAVE UNCHANGED,lines=0; cap=1; underlineDerived=false
47,RESIDENTIAL LEASING AND PROPERTY MANAGEMENT AGREEMENT,29658fc3-4020-48c4-baa2-8b0f4d578844,txr_2201_renewal_fee_gross_percent,Renewal Fee Gross Rents Percent,8cfe63dc-2308-4d9d-aeab-1bbd32327c3d,2,109,413.4,88,14,9,false,false,false,false,LEAVE UNCHANGED,Normally single-line value (amount/date/name/address/code field).,false,,Low — no mask recommended.,LEAVE UNCHANGED,lines=0; cap=1; underlineDerived=false
15,Residential Lease Listing,46d31f30-1d01-4588-881c-66d02299a3f7,lease_replacement_tenant_by_tenant_amount,Lease Replacement Tenant By Tenant Amount,8d12d975-010f-4cf2-b8ba-73abb5af71eb,10,248.33,281.29,20.52,13.85,9,false,false,false,false,LEAVE UNCHANGED,Normally single-line value (amount/date/name/address/code field).,false,,Low — no mask recommended.,LEAVE UNCHANGED,lines=0; cap=1; underlineDerived=false
35,ANIMAL AGREEMENT,2b88a034-9248-40b8-8a61-5c7bd9ce1afd,txr_2004_animal_4_type,TXR-2004 Animal 4 Type,8d2907f8-8cd1-47a3-ad85-24f3e90dd700,1,97.58,507.36,120,14,9,false,false,false,false,LEAVE UNCHANGED,Normally single-line value (amount/date/name/address/code field).,false,,Low — no mask recommended.,LEAVE UNCHANGED,lines=0; cap=1; underlineDerived=false
16,Amendment to Lease Listing,e6966e29-47d2-4d47-9742-4c291452ee49,lease_listing_amend_resume_marketing_date,Lease Listing Amend Resume Marketing Date,8d9fead1-56d6-485b-a392-88b0e1bf1c5c,1,433.66,472.84,123.63,13.85,9,false,false,false,false,LEAVE UNCHANGED,Normally single-line value (amount/date/name/address/code field).,false,,Low — no mask recommended.,LEAVE UNCHANGED,lines=0; cap=1; underlineDerived=false
13,Amendment to Listing Agreement,9956e3f8-d22f-46fd-8b6a-9b9a15e15716,listing_amendment_fee_percent,Broker Fee Percent,8e1b1c2f-8c7c-4621-a867-99097cdd25bb,1,111.02,325.81,55,14,9,false,false,false,false,LEAVE UNCHANGED,Normally single-line value (amount/date/name/address/code field).,false,,Low — no mask recommended.,LEAVE UNCHANGED,lines=0; cap=1; underlineDerived=false
37,FARM AND RANCH CONTRACT,50babb47-5a7a-4b44-bd6c-f73bd1a9e928,CONTRACT_SELLER_SUPERVISOR_NAME,Seller Supervisor Name,8e9a9764-6857-4bfc-916f-be496a98052f,11,205.27,254.64,180,12,9,false,false,false,false,LEAVE UNCHANGED,Normally single-line value (amount/date/name/address/code field).,false,,Low — no mask recommended.,LEAVE UNCHANGED,lines=1; cap=1; underlineDerived=false
15,Residential Lease Listing,f62cb5b6-f8cb-4e5c-a39f-20c50b5894e4,PROPERTY_ADDITION,Property Addition,8f00eeae-4774-466f-900a-4f6351f8ac88,1,73.97,404.93,250,14,9,false,false,false,false,LEAVE UNCHANGED,Appears to be a normal single-line value placement.,false,,Low — no mask recommended.,LEAVE UNCHANGED,lines=0; cap=1; underlineDerived=false
47,RESIDENTIAL LEASING AND PROPERTY MANAGEMENT AGREEMENT,fb631c0c-e4f6-43cf-a363-00fccfda032c,txr_2201_leasing_fee_one_month_percent,Leasing Fee One Month Percent,8f2558aa-8e92-49d7-bb99-dc114e16dbf1,2,109,317.9,88,14,9,false,false,false,false,LEAVE UNCHANGED,Normally single-line value (amount/date/name/address/code field).,false,,Low — no mask recommended.,LEAVE UNCHANGED,lines=0; cap=1; underlineDerived=false
38,FARM AND RANCH REAL ESTATE LISTING AGREEMENT - EXCLUSIVE RIGHT TO SELL,1c7ef2a8-0842-4a84-80ac-4e69a8ec2437,SCHEDULING_COMPANY,Scheduling Company,8f5ba29b-3c86-4724-8653-394225654c2e,7,269.5,65.2,301.3,14,9,false,false,false,false,LEAVE UNCHANGED,Normally single-line value (amount/date/name/address/code field).,false,,Low — no mask recommended.,LEAVE UNCHANGED,lines=0; cap=1; underlineDerived=false
35,ANIMAL AGREEMENT,8da824b1-58c2-4c65-bf69-946ece78e257,txr_2004_bitten_explain,TXR-2004 E(1) Bitten/Injured Explain,8fbf7857-c704-49f1-8eee-7a853c562ecf,2,70,505.43,480,20,9,false,true,false,false,REVIEW REQUIRED,Narrative purpose but current height is ~1 line — dimension increase may be needed to cover the printed writing area.,true,Height 20pt ≈ 1 line(s). Expand only after confirming intended lined region on the PDF.,Enlarging may approach amount columns or following rows — review carefully.,REVIEW REQUIRED,lines=0; cap=1; underlineDerived=false
37,FARM AND RANCH CONTRACT,5344edf6-26fb-43eb-970e-ba3a0559218f,CONTRACT_SELLER_AGENT_NOTICE_PHONE,Seller Agent Notice Phone,8fc6714b-4799-4392-81ad-f2dfa0fdbb67,8,355,718,190,12,9,false,false,false,false,LEAVE UNCHANGED,Normally single-line value (amount/date/name/address/code field).,false,,Low — no mask recommended.,LEAVE UNCHANGED,lines=1; cap=1; underlineDerived=false
18,Residential Lease,e1d35aa0-f5b5-4d33-b9fd-6b392df088f3,txr_2001_initial_late_fee_percent,Initial late fee percent,8fd27970-07a4-4491-abc7-4e01ab33064f,2,481,631,51,16,9,false,false,false,false,LEAVE UNCHANGED,Normally single-line value (amount/date/name/address/code field).,false,,Low — no mask recommended.,LEAVE UNCHANGED,lines=0; cap=1; underlineDerived=false
20,Residential Condominium Contract (Resale),527089d0-d9e2-4e69-b905-cfed2f9f124e,contract_seller_attorney_phone,Seller Attorney Phone,8fec7b68-b880-462f-8f7d-0058b9065b4c,8,420,144.6,130.5,14,,false,false,false,false,LEAVE UNCHANGED,Normally single-line value (amount/date/name/address/code field).,false,,Low — no mask recommended.,LEAVE UNCHANGED,lines=1; cap=1; underlineDerived=false
15,Residential Lease Listing,9d219600-328c-4ff8-a8ee-66a32672446b,lease_payment_county,Lease Payment County,9027b597-a5e0-40cb-a8e8-7a7e92bfcdab,3,388.21,628.3,178.01,13.85,9,false,false,false,false,LEAVE UNCHANGED,Normally single-line value (amount/date/name/address/code field).,false,,Low — no mask recommended.,LEAVE UNCHANGED,lines=0; cap=1; underlineDerived=false
24,Condominium Addendum to Listing,424fd7fb-aaba-4a75-8591-9606589ded4a,listing_condo_fee_includes_other_description,Condo Fee Includes Other Description,9045d07f-5a73-4e8f-a81c-c3d098647f56,1,54,328,370,14,9,false,true,false,false,REVIEW REQUIRED,Narrative purpose but current height is ~1 line — dimension increase may be needed to cover the printed writing area.,true,Height 14pt ≈ 1 line(s). Expand only after confirming intended lined region on the PDF.,Enlarging may approach amount columns or following rows — review carefully.,REVIEW REQUIRED,lines=0; cap=1; underlineDerived=false
37,FARM AND RANCH CONTRACT,dfac407d-bfcc-4be1-ac10-4f0cee50c3c8,CONTRACT_INTERMEDIARY_BUYER_SUPERVISOR_LICENSE_NUMBER,Intermediary Buyer Licensed Supervisor License Number,9046a8e5-a9b2-4a47-8759-fde2e1f1cd9c,11,410.9,577.61,100,12,9,false,false,false,false,LEAVE UNCHANGED,Normally single-line value (amount/date/name/address/code field).,false,,Low — no mask recommended.,LEAVE UNCHANGED,lines=2; cap=1; underlineDerived=false
49,TERMINATION OF BUYER/TENANT REPRESENTATION AGREEMENT,6427cd73-8d56-4112-9d18-ee3c45d947a5,BROKERAGE_NAME,Brokerage Name,9068ad32-2d3e-471e-a120-03912b7eae06,1,37,644.1,250,14,9,false,false,false,false,LEAVE UNCHANGED,Normally single-line value (amount/date/name/address/code field).,false,,Low — no mask recommended.,LEAVE UNCHANGED,lines=0; cap=1; underlineDerived=false
20,Residential Condominium Contract (Resale),64058a51-f1cb-4ad6-b359-c17169b3730f,contract_intermediary_seller_supervisor_phone,Intermediary Seller Supervisor Phone,908d4e38-c371-4797-a6c3-9ba90f13f593,9,234.4,590.8,132.2,14,,false,false,false,false,LEAVE UNCHANGED,Normally single-line value (amount/date/name/address/code field).,false,,Low — no mask recommended.,LEAVE UNCHANGED,lines=1; cap=1; underlineDerived=false
51,Itemization of Security Deposit,caedde9a-0f3c-42c2-bc0a-a077e5703469,txr_2216_outcome_refund_amount,TXR-2216 Outcome A — Refund Check Amount,90955284-6425-48ad-aab4-7d5e3f699cf8,3,261.5,163.5,96,14,9,false,false,false,false,LEAVE UNCHANGED,Normally single-line value (amount/date/name/address/code field).,false,,Low — no mask recommended.,LEAVE UNCHANGED,lines=0; cap=1; underlineDerived=true
37,FARM AND RANCH CONTRACT,f63d04bc-4e6b-44fe-8990-f93a07e3c219,contract_buyer_contribution_amount,Buyer Contribution Amount,90b02537-0d5e-4ef8-bab2-5cecbe72593b,7,314.86,252.08,46.83,12.19,9,false,false,false,false,LEAVE UNCHANGED,Normally single-line value (amount/date/name/address/code field).,false,,Low — no mask recommended.,LEAVE UNCHANGED,lines=1; cap=1; underlineDerived=false
8,Request for Info From HOA,2ff9e70a-f115-4ba3-931a-f0ffe8c46ad0,hoa_request_delivery_city_state_zip,HOA Request Delivery City State Zip,90cc4c5c-be72-4acc-a96f-c1bcba81aef1,1,52.08,454.34,309.21,10.26,9,false,false,false,false,LEAVE UNCHANGED,Normally single-line value (amount/date/name/address/code field).,false,,Low — no mask recommended.,LEAVE UNCHANGED,lines=0; cap=1; underlineDerived=false
35,ANIMAL AGREEMENT,34b0eecd-e2e1-4950-8048-6d5222f6741d,txr_2004_animal_2_weight,TXR-2004 Animal 2 Weight,91260752-74ac-40e5-aeae-0b62313e6754,1,214.11,422.72,70,14,9,false,false,false,false,LEAVE UNCHANGED,Normally single-line value (amount/date/name/address/code field).,false,,Low — no mask recommended.,LEAVE UNCHANGED,lines=0; cap=1; underlineDerived=false
51,Itemization of Security Deposit,8df7182a-7637-4da9-ae71-1c92f18fca37,txr_2216_outcome_excess_pay_to_address,TXR-2216 Outcome B — Pay-To Address,912f55d6-1a9c-47da-8e66-3e1434e26280,3,181.5,238,394.5,27,9,false,false,false,false,LEAVE UNCHANGED,Normally single-line value (amount/date/name/address/code field).,false,,Low — no mask recommended.,LEAVE UNCHANGED,lines=0; cap=2; underlineDerived=true
18,Residential Lease,39c53d9c-c37d-4032-90cb-8dd13e453ad3,txr_2001_non_real_property_items,Non-real-property items,913f5f1a-a3bf-4493-83cb-5cac7267b594,1,100.87,398.43,476.64,25.02,9,false,false,false,false,LEAVE UNCHANGED,Appears to be a normal single-line value placement.,false,,Low — no mask recommended.,LEAVE UNCHANGED,lines=0; cap=2; underlineDerived=false
36,EARLY TERMINATION OF RESIDENTIAL LEASE,616ddd0c-3a8a-4c11-8486-645d769b9849,txr_2012_landlord_names,TXR-2012 Landlord Names,914f19d3-6636-445f-bb49-76b1e826cbd7,1,33.96,148.91,467.02,13.47,9,false,false,false,false,LEAVE UNCHANGED,Normally single-line value (amount/date/name/address/code field).,false,,Low — no mask recommended.,LEAVE UNCHANGED,lines=0; cap=1; underlineDerived=false
11,One to Four Residential,a68f94bb-1c06-4b40-b54f-9889c945e80f,property_concerning_full_address,Contract Concerning Property Address,915ad67f-760a-4a49-8895-491eb6b32ee7,12,145,31,320,14,9,false,false,false,false,LEAVE UNCHANGED,Normally single-line value (amount/date/name/address/code field).,false,,Low — no mask recommended.,LEAVE UNCHANGED,lines=1; cap=1; underlineDerived=false
47,RESIDENTIAL LEASING AND PROPERTY MANAGEMENT AGREEMENT,2c475382-47e9-4257-89ec-15e85b365a8e,txr_2201_offboard_services_other,Additional Off-Boarding Services,915b1538-2454-4ee7-875c-b4949308b357,9,120,714.5,449.6,14,9,false,false,false,false,LEAVE UNCHANGED,Normally single-line value (amount/date/name/address/code field).,false,,Low — no mask recommended.,LEAVE UNCHANGED,lines=0; cap=1; underlineDerived=false
17,Third Party Financing Addendum,60cd04da-29b1-4e46-b155-e1b2e8308eef,txr_1901_and_seller,And Seller,9168daf4-85c7-4506-89a9-6129d33f52af,1,325.68,760.08,28.68,11.16,9,false,false,false,false,LEAVE UNCHANGED,Appears to be a normal single-line value placement.,false,,Low — no mask recommended.,LEAVE UNCHANGED,lines=0; cap=1; underlineDerived=false
20,Residential Condominium Contract (Resale),5e474cf8-e3b9-40ae-8301-d79fad1692ab,CONTRACT_BUYER_ASSOCIATE_EMAIL,Buyer Associate Email,9174e484-711f-4893-9bda-1f6267f0c5d0,9,145.8,351.2,240,14,,false,false,false,false,LEAVE UNCHANGED,Normally single-line value (amount/date/name/address/code field).,false,,Low — no mask recommended.,LEAVE UNCHANGED,lines=1; cap=1; underlineDerived=false
38,FARM AND RANCH REAL ESTATE LISTING AGREEMENT - EXCLUSIVE RIGHT TO SELL,b86ddc40-5c7d-4d39-a3d7-8f13cbfa2c7e,txr_1201_res_minerals_held_by_others,TXR-1201 Reservations minerals Held by Others,918f466f-64ca-46ba-b1bf-2aac404570fb,2,144.4,362,196.6,24,9,false,false,false,false,LEAVE UNCHANGED,Normally single-line value (amount/date/name/address/code field).,false,,Low — no mask recommended.,LEAVE UNCHANGED,lines=0; cap=2; underlineDerived=false
38,FARM AND RANCH REAL ESTATE LISTING AGREEMENT - EXCLUSIVE RIGHT TO SELL,54300c4c-ffed-4dce-9fb0-e43ec9869e6a,OTHER_FEES_REIMBURSABLE_EXPENSES,Other Fees and Reimbursable Expenses,91bed394-9196-42b6-afe5-68be85e645a5,5,310.7,237.6,265.4,40,9,false,false,false,false,LEAVE UNCHANGED,Normally single-line value (amount/date/name/address/code field).,false,,Low — no mask recommended.,LEAVE UNCHANGED,lines=0; cap=3; underlineDerived=false
20,Residential Condominium Contract (Resale),980830bf-8d4d-4bbe-8f4d-026453594617,property_county,Property County,9256db0b-63ac-46f4-b3ee-e64eea172fd3,1,454,168.2,96.2,14,,false,false,false,false,LEAVE UNCHANGED,Normally single-line value (amount/date/name/address/code field).,false,,Low — no mask recommended.,LEAVE UNCHANGED,lines=2; cap=1; underlineDerived=false
11,One to Four Residential,3edc25a9-3620-4d2c-b053-9022ceb4afd8,CONTRACT_SELLER_NOTICE_PHONE,Seller Notice Phone,9274a943-be8d-484d-8ad3-6f87b5ac726b,8,378.2,466.25,183.65,13.85,9,false,false,false,false,LEAVE UNCHANGED,Normally single-line value (amount/date/name/address/code field).,false,,Low — no mask recommended.,LEAVE UNCHANGED,lines=0; cap=1; underlineDerived=false
35,ANIMAL AGREEMENT,9e2d6525-3f8c-46db-a306-49e7ac5c7051,PROPERTY_FULL_ADDRESS,Property Full Address,92819620-4711-46c9-9e11-a01b7919a992,3,200,34,350,12,8,false,false,false,false,LEAVE UNCHANGED,Normally single-line value (amount/date/name/address/code field).,false,,Low — no mask recommended.,LEAVE UNCHANGED,lines=0; cap=1; underlineDerived=false
15,Residential Lease Listing,e3fdb374-ba3f-4073-ac75-ba8936e85307,landlord_address,Landlord Address,92ed2892-c42e-4757-a1ce-0cb6a6836ac5,1,117.31,174.66,390,14,9,false,false,false,false,LEAVE UNCHANGED,Normally single-line value (amount/date/name/address/code field).,false,,Low — no mask recommended.,LEAVE UNCHANGED,lines=0; cap=1; underlineDerived=false
29,"ADDENDUM FOR ""BACK-UP"" CONTRACT",9e2d6525-3f8c-46db-a306-49e7ac5c7051,PROPERTY_FULL_ADDRESS,Property Full Address,93185ea7-076c-4601-baa1-681b5bd7b19a,2,177.66,38.51,328.45,18.6,9,false,true,false,false,REVIEW REQUIRED,Narrative purpose but current height is ~1 line — dimension increase may be needed to cover the printed writing area.,true,Height 18.6pt ≈ 1 line(s). Expand only after confirming intended lined region on the PDF.,Enlarging may approach amount columns or following rows — review carefully.,REVIEW REQUIRED,lines=1; cap=1; underlineDerived=false
20,Residential Condominium Contract (Resale),a68f94bb-1c06-4b40-b54f-9889c945e80f,property_concerning_full_address,Contract Concerning Property Address,93200253-42af-43b3-9e6e-7a63627c0d55,4,120.1,31.6,295.4,14,,false,false,false,false,LEAVE UNCHANGED,Normally single-line value (amount/date/name/address/code field).,false,,Low — no mask recommended.,LEAVE UNCHANGED,lines=1; cap=1; underlineDerived=false
44,NOTICE TO PURCHASER OF SPECIAL TAXING OR ASSESSMENT DISTRICT,0c49fe01-3b41-42b6-a207-353b52317894,txr_1420_bonds_issued_parks,TXR-1420 Bonds Issued Parks,936fd04e-7e35-450f-a4be-6e722d1eb29d,1,94.3,708.6,101.6,14,9,false,false,false,false,LEAVE UNCHANGED,Appears to be a normal single-line value placement.,false,,Low — no mask recommended.,LEAVE UNCHANGED,lines=0; cap=1; underlineDerived=false
18,Residential Lease,0d66fcd6-501f-4b81-bfac-e89234dd9a5b,txr_2001_commencement_date,Lease start date,93f2e482-a778-49a8-a603-3959e241faa0,1,188,498,136,16,9,false,false,false,false,LEAVE UNCHANGED,Normally single-line value (amount/date/name/address/code field).,false,,Low — no mask recommended.,LEAVE UNCHANGED,lines=0; cap=1; underlineDerived=false
25,Condominium Resale Certificate,93406fba-79a5-4876-bc75-58b628fc2331,condo_resale_transfer_fee_amount_2,Transfer Fee Amount 2,940ff0e4-a046-4184-ae04-610e9f6bc747,2,387,180,152,14,9,false,false,false,false,LEAVE UNCHANGED,Normally single-line value (amount/date/name/address/code field).,false,,Low — no mask recommended.,LEAVE UNCHANGED,lines=0; cap=1; underlineDerived=false
51,Itemization of Security Deposit,93061413-a880-42ef-ad85-b507295f6785,txr_2216_delivery_hand_on,TXR-2216 Delivery — Hand Delivered On,94497e0f-2b16-4679-9e6d-de66e12ee797,3,447.5,508.5,128.5,14,9,false,false,false,false,LEAVE UNCHANGED,Normally single-line value (amount/date/name/address/code field).,false,,Low — no mask recommended.,LEAVE UNCHANGED,lines=0; cap=1; underlineDerived=true
14,Amendment to Contract,180292fc-6596-4648-8225-348abb211d9a,contract_amend_repairs_text,Amendment Repairs Text,945ac30a-a9d3-4158-ab67-6e5579ec2cf8,1,197.73,213.68,356.68,35.28,9,false,true,false,true,HIGH CONFIDENCE,Narrative multi-line area (~3 lines). Preprinted writing lines/underlines indicated in placement (geometry hits=3).,false,,"White mask must stay inside the placement box so adjacent amount columns, row labels, and borders remain visible.",HIGH CONFIDENCE,lines=3; cap=3; underlineDerived=false
25,Condominium Resale Certificate,354907b9-7a0f-459d-b370-da32f9d3424e,condo_resale_transfer_fee_paid_to_3,Transfer Fee Paid To 3,949d94c0-0fcd-4c86-9220-598dd7c5a0f4,2,221,200,152,14,9,false,false,false,false,LEAVE UNCHANGED,Normally single-line value (amount/date/name/address/code field).,false,,Low — no mask recommended.,LEAVE UNCHANGED,lines=0; cap=1; underlineDerived=false
47,RESIDENTIAL LEASING AND PROPERTY MANAGEMENT AGREEMENT,34f955c8-9ab9-4f85-acd2-531f7e85c296,txr_2201_owner_signer_title,Owner Signer Title/Capacity,9509814a-1c67-48fc-8b67-bd37a094237a,1,424.2,226.8,78.8,14,9,false,false,false,false,LEAVE UNCHANGED,Normally single-line value (amount/date/name/address/code field).,false,,Low — no mask recommended.,LEAVE UNCHANGED,lines=0; cap=1; underlineDerived=false
51,Itemization of Security Deposit,9750bd18-1051-4c91-b34b-e53054115265,txr_2216_other_components_description,TXR-2216 Other Components Description,9549d02e-0c1f-450a-b807-7bad02e113bf,1,212.5,701.5,219.5,14,9,false,true,false,false,REVIEW REQUIRED,Narrative purpose but current height is ~1 line — dimension increase may be needed to cover the printed writing area.,true,Height 14pt ≈ 1 line(s). Expand only after confirming intended lined region on the PDF.,Enlarging may approach amount columns or following rows — review carefully.,REVIEW REQUIRED,lines=0; cap=1; underlineDerived=true
18,Residential Lease,1e6d38a0-830f-48bd-8969-761b31d2021d,txr_2001_payment_recipient_name,Payment recipient name,956a11ee-62e3-405f-9cac-a89eccfdfa19,2,144.49,272.47,384.26,11.55,9,false,false,false,false,LEAVE UNCHANGED,Normally single-line value (amount/date/name/address/code field).,false,,Low — no mask recommended.,LEAVE UNCHANGED,lines=0; cap=1; underlineDerived=false
11,One to Four Residential,50babb47-5a7a-4b44-bd6c-f73bd1a9e928,CONTRACT_SELLER_SUPERVISOR_NAME,Seller Supervisor Name,95776da1-e428-4915-b877-8b1b2984c4b5,11,218.08,241.79,327.8,11.29,9,false,false,false,false,LEAVE UNCHANGED,Normally single-line value (amount/date/name/address/code field).,false,,Low — no mask recommended.,LEAVE UNCHANGED,lines=1; cap=1; underlineDerived=false
38,FARM AND RANCH REAL ESTATE LISTING AGREEMENT - EXCLUSIVE RIGHT TO SELL,97aa99b0-8444-4142-ae84-36ec67d88565,SELLER_ADDRESS,Seller Address,958b4f12-2ac7-4a68-bb50-b5752c438dcb,1,118.5,182.8,457.6,14,9,false,false,false,false,LEAVE UNCHANGED,Normally single-line value (amount/date/name/address/code field).,false,,Low — no mask recommended.,LEAVE UNCHANGED,lines=0; cap=1; underlineDerived=false
32,ADDENDUM REGARDING RESIDENTIAL LEASES,ae5e8711-68cd-4adf-b884-3620ec4a0c54,txr_1953_oral_leases_description,TXR-1953 Oral Residential Lease Description,958c8640-3f2d-41e4-96a9-d3297af2f429,1,95.65,329.34,480.16,17.44,9,false,true,false,false,REVIEW REQUIRED,Narrative purpose but current height is ~1 line — dimension increase may be needed to cover the printed writing area.,true,Height 17.44pt ≈ 1 line(s). Expand only after confirming intended lined region on the PDF.,Enlarging may approach amount columns or following rows — review carefully.,REVIEW REQUIRED,lines=0; cap=1; underlineDerived=false
36,EARLY TERMINATION OF RESIDENTIAL LEASE,22062f2a-5db6-4f21-a422-941e8dac00c7,txr_2012_termination_fee_due_date,TXR-2012 Termination Fee Due Date,95cfcd36-8c9b-491a-8ca6-3dc7b36d899f,1,73.85,671.92,160,14,9,false,false,false,false,LEAVE UNCHANGED,Normally single-line value (amount/date/name/address/code field).,false,,Low — no mask recommended.,LEAVE UNCHANGED,lines=0; cap=1; underlineDerived=false
47,RESIDENTIAL LEASING AND PROPERTY MANAGEMENT AGREEMENT,3f32bf2b-f1c0-48e4-ad5a-8753b178f18d,txr_2201_mgmt_fee_percent,Management Fee Percent,964d75e8-28f6-4d89-950b-ae87e834e5df,2,107.2,262.2,36.8,14,9,false,false,false,false,LEAVE UNCHANGED,Normally single-line value (amount/date/name/address/code field).,false,,Low — no mask recommended.,LEAVE UNCHANGED,lines=0; cap=1; underlineDerived=true
20,Residential Condominium Contract (Resale),ceaf9445-8db2-4741-8a9a-83578275b3a1,contract_buyer_notice_email,Buyer Notice Email,96515855-c1ae-49e3-a6d8-510bdd5459bd,7,111.7,237.2,180,14,,false,false,false,false,LEAVE UNCHANGED,Normally single-line value (amount/date/name/address/code field).,false,,Low — no mask recommended.,LEAVE UNCHANGED,lines=1; cap=1; underlineDerived=false
38,FARM AND RANCH REAL ESTATE LISTING AGREEMENT - EXCLUSIVE RIGHT TO SELL,517f40e5-2f2a-45ee-a87a-d4cb63f6db52,listing_commission_percent,Listing Commission Percent,9666695e-19df-4e5e-8b8b-d997766f8b02,3,121.5,350.3,58.6,14,9,false,false,false,false,LEAVE UNCHANGED,Normally single-line value (amount/date/name/address/code field).,false,,Low — no mask recommended.,LEAVE UNCHANGED,lines=0; cap=1; underlineDerived=false
14,Amendment to Contract,53c21c50-99de-4d55-b4e3-b6f626df4f35,PROPERTY_ADDRESS_CITY,Property Street Address and City,9673f0f2-2e0c-493e-ad77-d62d2b3595d4,1,142,85.43,330,14,9,false,false,false,false,LEAVE UNCHANGED,Normally single-line value (amount/date/name/address/code field).,false,,Low — no mask recommended.,LEAVE UNCHANGED,lines=0; cap=1; underlineDerived=false
47,RESIDENTIAL LEASING AND PROPERTY MANAGEMENT AGREEMENT,9d219600-328c-4ff8-a8ee-66a32672446b,lease_payment_county,Lease Payment County,96c72845-36d2-4925-82dc-5868daf0d3df,3,419.8,456.3,155.2,14,9,false,false,false,false,LEAVE UNCHANGED,Normally single-line value (amount/date/name/address/code field).,false,,Low — no mask recommended.,LEAVE UNCHANGED,lines=0; cap=1; underlineDerived=false
38,FARM AND RANCH REAL ESTATE LISTING AGREEMENT - EXCLUSIVE RIGHT TO SELL,31b47d47-9fa6-454e-874e-a1a36ef2c1c0,PAYMENT_COUNTY,Payment County,97339b17-f8cd-483d-b0c2-9ebf79c675f0,5,385.9,480.3,190.2,14,9,false,false,false,false,LEAVE UNCHANGED,Normally single-line value (amount/date/name/address/code field).,false,,Low — no mask recommended.,LEAVE UNCHANGED,lines=0; cap=1; underlineDerived=false
37,FARM AND RANCH CONTRACT,8bd4e319-4c95-4cc1-9666-22f50310be71,txr_1701_broker_comp_a_percent,TXR-1701 P11 (a) Seller's Broker Percent,975239ff-348b-4a91-b4a3-80fca423740b,11,491.28,598,45,14,9,false,true,false,false,REVIEW REQUIRED,Narrative purpose but current height is ~1 line — dimension increase may be needed to cover the printed writing area.,true,Height 14pt ≈ 1 line(s). Expand only after confirming intended lined region on the PDF.,Enlarging may approach amount columns or following rows — review carefully.,REVIEW REQUIRED,lines=0; cap=1; underlineDerived=false
11,One to Four Residential,4e26b32b-9f6a-4eb0-b083-5ba2ab73497c,CONTRACT_SELLER_AGENT_NOTICE_EMAIL,Seller Agent Notice Email,9764f98a-9955-47b4-8698-a38d4b4e7695,8,362.3,726.01,197.5,13.85,9,false,false,false,false,LEAVE UNCHANGED,Normally single-line value (amount/date/name/address/code field).,false,,Low — no mask recommended.,LEAVE UNCHANGED,lines=0; cap=1; underlineDerived=false
37,FARM AND RANCH CONTRACT,c87dbe71-747f-4f50-b82f-74c1cee5149d,contract_option_period_days,Option Period Days,9801071f-f7cf-45be-a267-4f485581964b,2,72.38,479.17,45,12,9,false,false,false,false,LEAVE UNCHANGED,Normally single-line value (amount/date/name/address/code field).,false,,Low — no mask recommended.,LEAVE UNCHANGED,lines=0; cap=1; underlineDerived=false
15,Residential Lease Listing,eed663c9-baec-4e74-84fd-1dc84faab4e2,lease_trip_charge,Lease Trip Charge,98ba6ce2-77ae-4315-9710-3ac07724e355,10,151.42,90.12,80,14,9,false,false,false,false,LEAVE UNCHANGED,Appears to be a normal single-line value placement.,false,,Low — no mask recommended.,LEAVE UNCHANGED,lines=0; cap=1; underlineDerived=false
20,Residential Condominium Contract (Resale),50babb47-5a7a-4b44-bd6c-f73bd1a9e928,CONTRACT_SELLER_SUPERVISOR_NAME,Seller Supervisor Name,9903ab1d-fd6e-4fde-9f40-989143a0c0aa,9,216.2,235.8,240,14,,false,false,false,false,LEAVE UNCHANGED,Normally single-line value (amount/date/name/address/code field).,false,,Low — no mask recommended.,LEAVE UNCHANGED,lines=1; cap=1; underlineDerived=false
16,Amendment to Lease Listing,5da7659d-7ff1-448f-859e-6bdf22cf1507,broker_license_number,Broker License Number,99422562-20cc-4e75-8520-950d4ecf51a2,1,241.14,611.29,48.22,13.85,9,false,false,false,false,LEAVE UNCHANGED,Normally single-line value (amount/date/name/address/code field).,false,,Low — no mask recommended.,LEAVE UNCHANGED,lines=0; cap=1; underlineDerived=false
15,Residential Lease Listing,3e300d54-69f1-4465-97ba-5e7ceec8af05,lease_requirements_other,Lease Requirements Other,99469076-01e2-48cb-a6d4-1cfde0a963fa,10,114.4,339.09,460,24,9,false,false,false,false,LEAVE UNCHANGED,Appears to be a normal single-line value placement.,false,,Low — no mask recommended.,LEAVE UNCHANGED,lines=0; cap=2; underlineDerived=false
1,Buyer Rep Agreement,2d17023a-94ae-47f2-8b9e-c274bcbe9f68,BUYER_REP_EMPLOYER_RELOCATION,Employer Relocation,994c7edf-0602-43b8-b6e8-3537ff6d29ee,3,257.54,564.34,300.87,12.19,10,false,false,false,false,LEAVE UNCHANGED,Appears to be a normal single-line value placement.,false,,Low — no mask recommended.,LEAVE UNCHANGED,lines=0; cap=1; underlineDerived=false
38,FARM AND RANCH REAL ESTATE LISTING AGREEMENT - EXCLUSIVE RIGHT TO SELL,00f8ba11-5ef4-496c-9fa3-edff2291c05f,txr_1201_government_programs,TXR-1201 Government Programs,99745eec-b9c6-4ac7-9702-a2721819cbaa,2,72,645,503.76,14.88,9,false,false,false,false,LEAVE UNCHANGED,Normally single-line value (amount/date/name/address/code field).,false,,Low — no mask recommended.,LEAVE UNCHANGED,lines=0; cap=1; underlineDerived=false
17,Third Party Financing Addendum,5fcbd495-eacb-49df-928c-dc316120b38c,txr_1901_for_the_first,For The First,999c3223-2a32-47af-bbfb-73b5c4cc7406,1,148.63,573.2,41.88,11.16,9,false,false,false,false,LEAVE UNCHANGED,Appears to be a normal single-line value placement.,false,,Low — no mask recommended.,LEAVE UNCHANGED,lines=0; cap=1; underlineDerived=false
38,FARM AND RANCH REAL ESTATE LISTING AGREEMENT - EXCLUSIVE RIGHT TO SELL,64715766-c2f6-48a4-8f73-39d3ccc42c6f,txr_1201_res_restrictions_held_by_others,TXR-1201 Reservations restrictions Held by Others,99a813d2-33bf-4789-8a90-f66f69300c67,2,144.4,555.2,196.6,24,9,false,false,false,false,LEAVE UNCHANGED,Normally single-line value (amount/date/name/address/code field).,false,,Low — no mask recommended.,LEAVE UNCHANGED,lines=0; cap=2; underlineDerived=false
44,NOTICE TO PURCHASER OF SPECIAL TAXING OR ASSESSMENT DISTRICT,9e2d6525-3f8c-46db-a306-49e7ac5c7051,PROPERTY_FULL_ADDRESS,Property Full Address,9a3c8256-0f1e-4afa-8992-de449ffd9713,1,50.4,192.6,508.7,14,9,false,false,false,false,LEAVE UNCHANGED,Normally single-line value (amount/date/name/address/code field).,false,,Low — no mask recommended.,LEAVE UNCHANGED,lines=0; cap=1; underlineDerived=false
11,One to Four Residential,5abf0584-f253-488e-883a-8d6df97ba792,contract_escrow_agent_address,Escrow Agent Address,9a48bbbc-cc11-4790-808a-f7182680b522,2,401.68,75.54,164.16,13.85,9,false,false,false,false,LEAVE UNCHANGED,Normally single-line value (amount/date/name/address/code field).,false,,Low — no mask recommended.,LEAVE UNCHANGED,lines=1; cap=1; underlineDerived=false
38,FARM AND RANCH REAL ESTATE LISTING AGREEMENT - EXCLUSIVE RIGHT TO SELL,4892e7cf-cec6-44ff-8d09-968231ac07f1,seller_city_state_zip,"Seller City, State ZIP",9a8a4a37-b76d-4b60-b608-3b9d65e0cb77,1,150.3,195.4,425.8,14,9,false,false,false,false,LEAVE UNCHANGED,Normally single-line value (amount/date/name/address/code field).,false,,Low — no mask recommended.,LEAVE UNCHANGED,lines=0; cap=1; underlineDerived=false
50,TERMINATION OF LISTING,f2910531-c02b-46a4-ba4e-84cd5d889b93,txr_1410_termination_fee,TXR-1410 Termination Fee,9ac47c12-fe7f-457c-ae70-16c9767b6308,1,455.7,306.4,119.8,14,9,false,false,false,false,LEAVE UNCHANGED,Normally single-line value (amount/date/name/address/code field).,false,,Low — no mask recommended.,LEAVE UNCHANGED,lines=0; cap=1; underlineDerived=false
35,ANIMAL AGREEMENT,d92ed1aa-e06b-4661-8d95-59ce6c2e8032,txr_2004_animal_3_breed,TXR-2004 Animal 3 Breed,9aef629a-7286-44d8-a420-4edb66b4513c,1,251.17,458.08,150,14,9,false,false,false,false,LEAVE UNCHANGED,Normally single-line value (amount/date/name/address/code field).,false,,Low — no mask recommended.,LEAVE UNCHANGED,lines=0; cap=1; underlineDerived=false
14,Amendment to Contract,a326f179-ea9e-4c61-a7e3-2fc6e2666b1b,contract_amend_buyer_approval_year,Amendment Buyer Approval Year,9af9279b-0490-41e7-8814-6432a66ba04e,1,518.56,426.68,40,14,9,false,false,false,false,LEAVE UNCHANGED,Appears to be a normal single-line value placement.,false,,Low — no mask recommended.,LEAVE UNCHANGED,lines=1; cap=1; underlineDerived=false
20,Residential Condominium Contract (Resale),b53d1d91-9ee7-48dc-b755-b476e4b38006,contract_intermediary_seller_supervisor_name,Intermediary Seller Supervisor Name,9b4a2a6e-7ce9-401c-8bbf-a2904ecedb87,9,230.6,576.4,240,14,,false,false,false,false,LEAVE UNCHANGED,Normally single-line value (amount/date/name/address/code field).,false,,Low — no mask recommended.,LEAVE UNCHANGED,lines=1; cap=1; underlineDerived=false
37,FARM AND RANCH CONTRACT,04cb1203-c612-4cb3-81a1-758f8d7a263c,contract_intermediary_seller_associate_phone,Intermediary Seller Associate Phone,9b6d1b51-4809-4d6b-84ad-cb51672c8c88,11,174.75,483.66,100,12,9,false,false,false,false,LEAVE UNCHANGED,Normally single-line value (amount/date/name/address/code field).,false,,Low — no mask recommended.,LEAVE UNCHANGED,lines=1; cap=1; underlineDerived=false
37,FARM AND RANCH CONTRACT,0951efa2-0263-430f-9803-ab1f572d62ff,contract_survey_option_1_days,Survey Option 1 Days,9bd0b3f6-166f-4985-a45e-df808915ad57,3,124.11,188.94,45,12,9,false,false,false,false,LEAVE UNCHANGED,Normally single-line value (amount/date/name/address/code field).,false,,Low — no mask recommended.,LEAVE UNCHANGED,lines=1; cap=1; underlineDerived=false
16,Amendment to Lease Listing,30ac90f5-be2a-41dc-a7f4-fd83bbe0ee5f,lease_listing_amend_other_broker_flat_fee,Lease Listing Amend Other Broker Flat Fee,9bf9aa3d-f8d7-41b2-996d-b8004d85b6cb,1,160.89,435.63,95,14,9,false,false,false,false,LEAVE UNCHANGED,Normally single-line value (amount/date/name/address/code field).,false,,Low — no mask recommended.,LEAVE UNCHANGED,lines=0; cap=1; underlineDerived=false
11,One to Four Residential,e4d3b4f9-965b-4c38-bbcf-776c8758b55a,contract_title_objection_days,Title Objection Days,9c04cd6c-a950-4bba-959f-dcd7ac08ff5f,3,369.63,267.86,36.8,12,9,false,false,false,false,LEAVE UNCHANGED,Normally single-line value (amount/date/name/address/code field).,false,,Low — no mask recommended.,LEAVE UNCHANGED,lines=2; cap=1; underlineDerived=false
25,Condominium Resale Certificate,a9db322c-df3c-4838-ab31-57c9764aee4f,condo_resale_transfer_fee_description_3,Transfer Fee Description 3,9c1e237d-dad9-4970-8e56-82ed7e8a1fd8,2,70,200,138,14,9,false,true,false,false,REVIEW REQUIRED,Narrative purpose but current height is ~1 line — dimension increase may be needed to cover the printed writing area.,true,Height 14pt ≈ 1 line(s). Expand only after confirming intended lined region on the PDF.,Enlarging may approach amount columns or following rows — review carefully.,REVIEW REQUIRED,lines=0; cap=1; underlineDerived=false
14,Amendment to Contract,5b8ac8e0-ec0a-4636-9fb6-f698603f0bc2,contract_amend_buyer_approval_month_day,Amendment Buyer Approval Month and Day,9c7d647a-0569-4992-afd1-486adb33e6a6,1,390.22,426.03,95,14,9,false,false,false,false,LEAVE UNCHANGED,Normally single-line value (amount/date/name/address/code field).,false,,Low — no mask recommended.,LEAVE UNCHANGED,lines=0; cap=1; underlineDerived=false
30,ADDENDUM FOR SALE OF OTHER PROPERTY BY BUYER,238e9b3c-e947-4db1-9b52-8489644066d5,txr_1908_additional_earnest_money,TXR-1908 Additional Earnest Money,9cca3c75-5d14-4965-b768-3e2486168c7b,1,506.57,364.36,60.94,13.47,9,false,true,false,false,REVIEW REQUIRED,Narrative purpose but current height is ~1 line — dimension increase may be needed to cover the printed writing area.,true,Height 13.47pt ≈ 1 line(s). Expand only after confirming intended lined region on the PDF.,Enlarging may approach amount columns or following rows — review carefully.,REVIEW REQUIRED,lines=0; cap=1; underlineDerived=false
15,Residential Lease Listing,f29a94d4-91da-4c5f-93fe-f6b9c32f2b99,broker_full_name,Broker Full Name,9ced33c0-2584-4921-8eab-b21798ca171b,11,27.75,548.92,193.09,16.68,9,false,false,false,false,LEAVE UNCHANGED,Normally single-line value (amount/date/name/address/code field).,false,,Low — no mask recommended.,LEAVE UNCHANGED,lines=0; cap=1; underlineDerived=false
11,One to Four Residential,7c31526f-ce2c-4988-82cb-a2654f5b07a4,contract_earnest_money_amount,Earnest Money Amount,9ced6b98-618a-40a3-8790-b586deca24b9,2,293.61,85.84,73.87,13.85,9,false,false,false,false,LEAVE UNCHANGED,Normally single-line value (amount/date/name/address/code field).,false,,Low — no mask recommended.,LEAVE UNCHANGED,lines=2; cap=1; underlineDerived=false
8,Request for Info From HOA,4f5fef0c-4163-49e6-bb8c-e5834af58bb6,HOA_ASSOCIATION_ADDRESS,Owners' Association Address,9d8e123f-add3-4321-8161-3523af5fe022,1,57.6,123,302.4,14.4,9,false,false,false,false,LEAVE UNCHANGED,Normally single-line value (amount/date/name/address/code field).,false,,Low — no mask recommended.,LEAVE UNCHANGED,lines=0; cap=1; underlineDerived=false
11,One to Four Residential,a68f94bb-1c06-4b40-b54f-9889c945e80f,property_concerning_full_address,Contract Concerning Property Address,9e04da9f-5d09-4e72-bcde-52302c48720c,11,145,31,320,14,9,false,false,false,false,LEAVE UNCHANGED,Normally single-line value (amount/date/name/address/code field).,false,,Low — no mask recommended.,LEAVE UNCHANGED,lines=1; cap=1; underlineDerived=false
42,NOTICE OF LANDLORD'S INTENT NOT TO RENEW,fcd1089b-47e1-4f03-ae77-a6582b778e09,AGENT_NAME,Agent Name,9e115b8c-aca3-4a7b-aed2-434137acfb0e,1,96,501,228,14,9,false,false,false,false,LEAVE UNCHANGED,Normally single-line value (amount/date/name/address/code field).,false,,Low — no mask recommended.,LEAVE UNCHANGED,lines=0; cap=1; underlineDerived=false
15,Residential Lease Listing,16fdab10-cb33-4b9f-b36e-fe6beafa887a,lease_monthly_rent,Lease Monthly Rent,9e22e98a-fce8-4be9-ac52-aaa2565380e0,1,191.01,620.85,90,14,9,false,false,false,false,LEAVE UNCHANGED,Normally single-line value (amount/date/name/address/code field).,false,,Low — no mask recommended.,LEAVE UNCHANGED,lines=0; cap=1; underlineDerived=false
51,Itemization of Security Deposit,ba3a43d8-e352-4449-9ef0-f0b448dfa47a,txr_2216_delivery_hand_by,TXR-2216 Delivery — Hand Delivered By,9ea4832f-59d9-476c-bd59-616926811302,3,65.5,519,510.5,14,9,false,false,false,false,LEAVE UNCHANGED,Normally single-line value (amount/date/name/address/code field).,false,,Low — no mask recommended.,LEAVE UNCHANGED,lines=0; cap=1; underlineDerived=true
20,Residential Condominium Contract (Resale),264c6379-7d86-4c41-896b-e3f18f20fb42,contract_buyer_attorney_email,Buyer Attorney Email,9ede0f1c-12a4-47b5-8c70-036192de5d35,8,128.1,185.8,165,14,,false,false,false,false,LEAVE UNCHANGED,Normally single-line value (amount/date/name/address/code field).,false,,Low — no mask recommended.,LEAVE UNCHANGED,lines=1; cap=1; underlineDerived=false
20,Residential Condominium Contract (Resale),04cb1203-c612-4cb3-81a1-758f8d7a263c,contract_intermediary_seller_associate_phone,Intermediary Seller Associate Phone,9f1f04da-3efc-415a-a2db-2f7ce6fd68d6,9,181.7,562,130.9,14,,false,false,false,false,LEAVE UNCHANGED,Normally single-line value (amount/date/name/address/code field).,false,,Low — no mask recommended.,LEAVE UNCHANGED,lines=1; cap=1; underlineDerived=false
1,Buyer Rep Agreement,5182e0b5-026a-41c2-be12-354bc86ea967,buyer_client_address,Buyer/Client Address,9f41c90b-e584-4e64-a5b9-acf97c3dc4ef,1,124.44,193.51,452,12,10,false,false,false,false,LEAVE UNCHANGED,Normally single-line value (amount/date/name/address/code field).,false,,Low — no mask recommended.,LEAVE UNCHANGED,lines=0; cap=1; underlineDerived=false
43,NOTICE OF SELLER'S TERMINATION OF CONTRACT,2d98b3e9-e212-4141-82fb-c619e806bf56,contract_buyer_names,Contract Buyer Names,9f8fc45e-d6d8-43fd-ab73-d8485ff1b518,1,50.9,177.9,452.8,17.6,9,false,false,false,false,LEAVE UNCHANGED,Appears to be a normal single-line value placement.,false,,Low — no mask recommended.,LEAVE UNCHANGED,lines=0; cap=1; underlineDerived=false
20,Residential Condominium Contract (Resale),a68f94bb-1c06-4b40-b54f-9889c945e80f,property_concerning_full_address,Contract Concerning Property Address,9f90a242-3d35-4170-89ab-d2397255dac3,8,120.1,31.6,295.4,14,,false,false,false,false,LEAVE UNCHANGED,Normally single-line value (amount/date/name/address/code field).,false,,Low — no mask recommended.,LEAVE UNCHANGED,lines=1; cap=1; underlineDerived=false
46,RELEASE OF EARNEST MONEY,e69b3ca9-8dd7-467b-873d-28ea5d0e91fd,CONTRACT_SELLER_NOTICE_ADDRESS,Seller Notice Address,a00bbb53-f5e1-4154-a34c-f65d95779634,1,361,577.7,214,34.1,9,false,false,false,false,LEAVE UNCHANGED,Normally single-line value (amount/date/name/address/code field).,false,,Low — no mask recommended.,LEAVE UNCHANGED,lines=0; cap=2; underlineDerived=false
38,FARM AND RANCH REAL ESTATE LISTING AGREEMENT - EXCLUSIVE RIGHT TO SELL,8eb7745e-fa52-4e1b-a640-937a2dfea08a,txr_1201_renewal_comp_base_rent_percent,TXR-1201 Renewal Comp Base Rent Percent,a0156325-b736-4622-a4c0-7926536ae6fd,4,107.3,588,44.6,14,9,false,false,false,false,LEAVE UNCHANGED,Normally single-line value (amount/date/name/address/code field).,false,,Low — no mask recommended.,LEAVE UNCHANGED,lines=0; cap=1; underlineDerived=false
17,Third Party Financing Addendum,413134ad-ec53-4b62-912a-f027bb23affa,txr_1901_than,Than,a07f11d9-0eb9-479e-a574-ef98dbd4a025,1,113.79,389.54,49.2,11.16,9,false,false,false,false,LEAVE UNCHANGED,Appears to be a normal single-line value placement.,false,,Low — no mask recommended.,LEAVE UNCHANGED,lines=0; cap=1; underlineDerived=false
11,One to Four Residential,dd891458-968f-4ad3-8fb6-d090e0e815c5,contract_buyer_agent_notice_address,Buyer Agent Notice Address,a096f26b-5f32-4f65-ac1a-38704d327b78,8,112,628,189.81,36.94,9,false,false,false,false,LEAVE UNCHANGED,Normally single-line value (amount/date/name/address/code field).,false,,Low — no mask recommended.,LEAVE UNCHANGED,lines=1; cap=3; underlineDerived=false
38,FARM AND RANCH REAL ESTATE LISTING AGREEMENT - EXCLUSIVE RIGHT TO SELL,b9a56364-5a85-404e-a38c-ccd338b4a4d1,listing_broker_no_coop_other,Listing Broker Fee Without Other Broker Other,a0a31212-efc3-4c08-aa62-3a9528a6931a,3,121.5,608,454.6,14,9,false,false,false,false,LEAVE UNCHANGED,Normally single-line value (amount/date/name/address/code field).,false,,Low — no mask recommended.,LEAVE UNCHANGED,lines=0; cap=1; underlineDerived=false
20,Residential Condominium Contract (Resale),9bdf22b2-01f5-4261-a84b-ee46c7541e3a,contract_condo_right_of_refusal_certification_days,Right of Refusal Certification Days,a0ee96d3-5bd3-433c-ae28-d4a5f4151af0,1,84.7,735.9,34,14,,false,false,false,false,LEAVE UNCHANGED,Appears to be a normal single-line value placement.,false,,Low — no mask recommended.,LEAVE UNCHANGED,lines=0; cap=1; underlineDerived=false
36,EARLY TERMINATION OF RESIDENTIAL LEASE,9e2d6525-3f8c-46db-a306-49e7ac5c7051,PROPERTY_FULL_ADDRESS,Property Full Address,a11bb38a-c65a-4d8b-8b33-10c4bf7239eb,2,280,34,280,12,8,false,false,false,false,LEAVE UNCHANGED,Normally single-line value (amount/date/name/address/code field).,false,,Low — no mask recommended.,LEAVE UNCHANGED,lines=0; cap=1; underlineDerived=false
47,RESIDENTIAL LEASING AND PROPERTY MANAGEMENT AGREEMENT,6427cd73-8d56-4112-9d18-ee3c45d947a5,BROKERAGE_NAME,Brokerage Name,a12863b9-c9fb-4abb-9f05-915654f61657,13,28,349.5,200,14,9,false,false,false,false,LEAVE UNCHANGED,Normally single-line value (amount/date/name/address/code field).,false,,Low — no mask recommended.,LEAVE UNCHANGED,lines=0; cap=1; underlineDerived=false
25,Condominium Resale Certificate,d2261c99-ec9c-49b0-8395-d6fe84eb9591,condo_resale_unpaid_assessment_amount,Unpaid Assessment Amount,a1938ad5-798c-44a0-bee1-8bed834eb342,1,270,249,75,12,9,false,false,false,false,LEAVE UNCHANGED,Normally single-line value (amount/date/name/address/code field).,false,,Low — no mask recommended.,LEAVE UNCHANGED,lines=0; cap=1; underlineDerived=false
47,RESIDENTIAL LEASING AND PROPERTY MANAGEMENT AGREEMENT,9e2d6525-3f8c-46db-a306-49e7ac5c7051,PROPERTY_FULL_ADDRESS,Property Full Address,a214cb51-8bbd-4bcf-a6e6-ea5fe41c8c10,3,204.2,31.4,298.8,14,9,false,false,false,false,LEAVE UNCHANGED,Normally single-line value (amount/date/name/address/code field).,false,,Low — no mask recommended.,LEAVE UNCHANGED,lines=0; cap=1; underlineDerived=false
17,Third Party Financing Addendum,49383cf4-634f-4460-aea9-bfb394c0e113,txr_1901_per_annum_for_the_first_3,Per Annum For The First 3,a23a40c7-aadc-4872-a0c7-48032c905fe8,1,395.83,447.46,39.24,11.16,9,false,false,false,false,LEAVE UNCHANGED,Appears to be a normal single-line value placement.,false,,Low — no mask recommended.,LEAVE UNCHANGED,lines=0; cap=1; underlineDerived=false
51,Itemization of Security Deposit,19848725-3f55-412b-9832-cbd9158e8024,txr_2216_light_bulbs_rooms,TXR-2216 Light Bulbs — Room(s),a25ecbd7-49a1-44f2-96a7-71f785265360,2,144.5,169.5,287.5,27,9,false,false,false,false,LEAVE UNCHANGED,Normally single-line value (amount/date/name/address/code field).,false,,Low — no mask recommended.,LEAVE UNCHANGED,lines=0; cap=2; underlineDerived=true
15,Residential Lease Listing,6e21158b-ffce-47b7-b45f-bb02c17021e3,brokerage_email,Brokerage Email,a28308c2-a766-4756-a6df-e58c0c122d75,1,116.55,300.78,250,14,9,false,false,false,false,LEAVE UNCHANGED,Normally single-line value (amount/date/name/address/code field).,false,,Low — no mask recommended.,LEAVE UNCHANGED,lines=0; cap=1; underlineDerived=false
14,Amendment to Contract,6a2f9ff0-402a-4d07-8476-df3012f9285f,contract_amend_closing_year,Amendment Closing Year,a2838330-c8bf-4fe9-9ca1-cb2f30ec6f13,1,519.15,251.85,40.42,14.11,9,false,false,false,false,LEAVE UNCHANGED,Appears to be a normal single-line value placement.,false,,Low — no mask recommended.,LEAVE UNCHANGED,lines=1; cap=1; underlineDerived=false
37,FARM AND RANCH CONTRACT,7c31526f-ce2c-4988-82cb-a2654f5b07a4,contract_earnest_money_amount,Earnest Money Amount,a28c910b-6547-4dc7-84a4-b942031567e6,2,397.4,306.23,70,12,9,false,false,false,false,LEAVE UNCHANGED,Normally single-line value (amount/date/name/address/code field).,false,,Low — no mask recommended.,LEAVE UNCHANGED,lines=2; cap=1; underlineDerived=false
13,Amendment to Listing Agreement,3e1f2d33-b260-493e-96e9-d09066f3d400,listing_amendment_paragraph_numbers,Paragraph Numbers Changed,a2f2c017-5bfe-4127-a13f-32e5cd511815,1,142.02,472.87,91.09,14.11,9,false,true,false,false,REVIEW REQUIRED,Narrative purpose but current height is ~1 line — dimension increase may be needed to cover the printed writing area.,true,Height 14.11pt ≈ 1 line(s). Expand only after confirming intended lined region on the PDF.,Enlarging may approach amount columns or following rows — review carefully.,REVIEW REQUIRED,lines=0; cap=1; underlineDerived=false
20,Residential Condominium Contract (Resale),a4822d94-0094-4de0-82ec-abfe48aee3b7,contract_add_district_notices_text,District Notices Addendum Text,a358f166-bb1f-4e30-9d04-994158645588,7,285,651.1,263,14,,false,true,false,false,REVIEW REQUIRED,Narrative purpose but current height is ~1 line — dimension increase may be needed to cover the printed writing area.,true,Height 14pt ≈ 1 line(s). Expand only after confirming intended lined region on the PDF.,Enlarging may approach amount columns or following rows — review carefully.,REVIEW REQUIRED,lines=0; cap=1; underlineDerived=false
15,Residential Lease Listing,e7d93b5d-1363-4e93-a573-9fd896fb3a58,lease_late_charges_incurred_day,Lease Late Charges Incurred Day,a3a787ad-fb75-4fd1-93f0-095c21568e20,9,432.55,431.57,45,14,9,false,false,false,false,LEAVE UNCHANGED,Normally single-line value (amount/date/name/address/code field).,false,,Low — no mask recommended.,LEAVE UNCHANGED,lines=0; cap=1; underlineDerived=false
15,Residential Lease Listing,caa9d332-f6c4-40ed-9377-4706f0b9539d,lease_known_financial_obligations_exception,Lease Known Financial Obligations Exception,a3c402f1-e8fe-40c6-a729-372e0d44be1a,7,253.41,492.29,140,14,9,false,true,false,false,REVIEW REQUIRED,Narrative purpose but current height is ~1 line — dimension increase may be needed to cover the printed writing area.,true,Height 14pt ≈ 1 line(s). Expand only after confirming intended lined region on the PDF.,Enlarging may approach amount columns or following rows — review carefully.,REVIEW REQUIRED,lines=0; cap=1; underlineDerived=false
25,Condominium Resale Certificate,086288a1-80c7-4a92-aa7b-56f2e4e26902,condo_resale_managing_agent_mailing_address,Managing Agent Mailing Address,a3cdfd73-98cf-446e-a825-12650af984a2,1,67,652,486,12,9,false,false,false,false,LEAVE UNCHANGED,Normally single-line value (amount/date/name/address/code field).,false,,Low — no mask recommended.,LEAVE UNCHANGED,lines=0; cap=1; underlineDerived=false
47,RESIDENTIAL LEASING AND PROPERTY MANAGEMENT AGREEMENT,6e21158b-ffce-47b7-b45f-bb02c17021e3,brokerage_email,Brokerage Email,a4044b0d-6908-49a4-a4fa-777022d2cf0f,1,107.2,372.8,467.8,14,9,false,false,false,false,LEAVE UNCHANGED,Normally single-line value (amount/date/name/address/code field).,false,,Low — no mask recommended.,LEAVE UNCHANGED,lines=0; cap=1; underlineDerived=false
14,Amendment to Contract,d6ec2129-1e60-42f7-a0a6-daa45abdb520,contract_amend_option_extension_year,Amendment Option Extension Year,a42e9015-baf1-4c03-b096-bb2d31764478,1,241.57,376.37,32.08,13.47,9,false,false,false,false,LEAVE UNCHANGED,Appears to be a normal single-line value placement.,false,,Low — no mask recommended.,LEAVE UNCHANGED,lines=1; cap=1; underlineDerived=false
37,FARM AND RANCH CONTRACT,5dbc036b-75f6-4de4-b327-c47581c0bc2f,contract_sales_price_financing,Contract Sales Price Financing,a45ddaa7-5316-4c56-8c8e-0ee076c132a4,1,441.74,564.08,70,12,9,false,false,false,false,LEAVE UNCHANGED,Normally single-line value (amount/date/name/address/code field).,false,,Low — no mask recommended.,LEAVE UNCHANGED,lines=1; cap=1; underlineDerived=false
11,One to Four Residential,75942b36-d7f6-4075-ac11-1fd6d275c9bf,CONTRACT_INTERMEDIARY_BUYER_SUPERVISOR_PHONE,Intermediary Buyer Licensed Supervisor Phone,a47473e7-b3c4-4058-96b4-882396604bee,11,237.8,684,125,14,9,false,false,false,false,LEAVE UNCHANGED,Normally single-line value (amount/date/name/address/code field).,false,,Low — no mask recommended.,LEAVE UNCHANGED,lines=1; cap=1; underlineDerived=false
7,Listing Agreement,ef9b7bc7-b878-49f6-8e92-c294dd733089,SPECIAL_PROVISIONS,Special Provisions,a47926b7-f82a-4d88-8e40-eac9c0ca1858,9,68,165.72,500,60,9,false,true,false,false,MEDIUM CONFIDENCE,Tall narrative box (~5 lines) without conclusive line geometry; multiline recommended; mask only after visual confirm of printed lines.,false,,Low — no mask recommended.,MEDIUM CONFIDENCE,lines=0; cap=5; underlineDerived=false
11,One to Four Residential,e37be25c-0504-4b90-8c93-cd6dd06aab53,CONTRACT_BUYER_SUPERVISOR_PHONE,Buyer Supervisor Phone,a487107a-8c46-4b16-a160-3998d5c1618e,11,221.53,398.73,120,14,9,false,false,false,false,LEAVE UNCHANGED,Normally single-line value (amount/date/name/address/code field).,false,,Low — no mask recommended.,LEAVE UNCHANGED,lines=1; cap=1; underlineDerived=false
18,Residential Lease,8e204d04-7ea2-494a-b193-2dd8beb41e8a,txr_2001_additional_fee_benefit_package_amount,Benefit package amount,a496d30c-7863-48ee-94b3-ddbcd5778b06,1,393.85,666.43,24,16,9,false,false,false,false,LEAVE UNCHANGED,Normally single-line value (amount/date/name/address/code field).,false,,Low — no mask recommended.,LEAVE UNCHANGED,lines=0; cap=1; underlineDerived=false
47,RESIDENTIAL LEASING AND PROPERTY MANAGEMENT AGREEMENT,7a178a65-a839-4149-af1b-d9ba60deba27,txr_2201_add_other_p_text,Addendum Other P Description,a4acf2a7-7ef2-490e-b6ea-84b6570c66e5,11,73,664.2,502,14,9,false,true,false,false,REVIEW REQUIRED,Narrative purpose but current height is ~1 line — dimension increase may be needed to cover the printed writing area.,true,Height 14pt ≈ 1 line(s). Expand only after confirming intended lined region on the PDF.,Enlarging may approach amount columns or following rows — review carefully.,REVIEW REQUIRED,lines=0; cap=1; underlineDerived=false
33,AMENDMENT TO BUYER/TENANT REPRESENTATION AGREEMENT,dd0f144b-f5d1-479a-ac02-920cc4500c6b,txr_1505_purchase_flat_fee,TXR-1505 D(1) Purchase Flat Fee,a4c7e2ce-d0df-4b77-a51b-003eaaf1e0b3,1,407.25,310.15,60.94,16.68,9,false,false,false,false,LEAVE UNCHANGED,Normally single-line value (amount/date/name/address/code field).,false,,Low — no mask recommended.,LEAVE UNCHANGED,lines=0; cap=1; underlineDerived=false
16,Amendment to Lease Listing,f4d0aab2-ca64-4f66-b99f-dd3b97d8701a,lease_listing_amend_paragraph_numbers,Lease Listing Amend Paragraph Numbers,a4f69a59-03e3-4510-95f1-726882c175d5,1,143.79,508,91.83,12.31,9,false,true,false,false,REVIEW REQUIRED,Narrative purpose but current height is ~1 line — dimension increase may be needed to cover the printed writing area.,true,Height 12.31pt ≈ 1 line(s). Expand only after confirming intended lined region on the PDF.,Enlarging may approach amount columns or following rows — review carefully.,REVIEW REQUIRED,lines=0; cap=1; underlineDerived=false
38,FARM AND RANCH REAL ESTATE LISTING AGREEMENT - EXCLUSIVE RIGHT TO SELL,d43e8bbd-3163-4ae4-89d2-0ab63237087e,txr_1201_res_minerals_retained_by_seller,TXR-1201 Reservations minerals Retained by Seller,a573516d-bede-4e4c-9ccd-2952d90839da,2,360.9,362,215.2,24,9,false,false,false,false,LEAVE UNCHANGED,Normally single-line value (amount/date/name/address/code field).,false,,Low — no mask recommended.,LEAVE UNCHANGED,lines=0; cap=2; underlineDerived=false
18,Residential Lease,4741e57c-5b75-4374-a7b2-d1edba7b6931,txr_2001_property_legal_description,Legal description,a5af5bfc-13a7-42aa-9b85-0e9bf69db8f5,1,75.05,368.12,504.23,17.96,9,false,true,false,false,REVIEW REQUIRED,Narrative purpose but current height is ~1 line — dimension increase may be needed to cover the printed writing area.,true,Height 17.96pt ≈ 1 line(s). Expand only after confirming intended lined region on the PDF.,Enlarging may approach amount columns or following rows — review carefully.,REVIEW REQUIRED,lines=0; cap=1; underlineDerived=false
37,FARM AND RANCH CONTRACT,6816bdd9-b805-48c7-9ee6-2eaad10eb0ab,txr_1701_disclosure_explanation,Seller Disclosure Explanation,a60f12c2-1f3a-48dd-a1b2-649da6bc40d8,5,84.64,660.15,510,25,9,false,true,false,false,MEDIUM CONFIDENCE,Narrative field with ~2-line capacity; mask not recommended without line evidence.,false,,Low — no mask recommended.,MEDIUM CONFIDENCE,lines=0; cap=2; underlineDerived=false
18,Residential Lease,c4e227f9-d80c-4411-a25a-cf8aa345c72b,txr_2001_property_manager_name,Property manager name,a61c8fce-f1ea-434c-9786-13de4e185c10,15,211,665,257,16,9,false,false,false,false,LEAVE UNCHANGED,Normally single-line value (amount/date/name/address/code field).,false,,Low — no mask recommended.,LEAVE UNCHANGED,lines=0; cap=1; underlineDerived=false
38,FARM AND RANCH REAL ESTATE LISTING AGREEMENT - EXCLUSIVE RIGHT TO SELL,f134b9a5-1a04-4fc5-8bf7-34c7b9edf4db,seller_phone,Seller Phone,a6479421-57b2-4b70-9461-5c07db14cdb9,1,111,208.1,465.1,14,9,false,false,false,false,LEAVE UNCHANGED,Normally single-line value (amount/date/name/address/code field).,false,,Low — no mask recommended.,LEAVE UNCHANGED,lines=0; cap=1; underlineDerived=false
11,One to Four Residential,6181a1f8-374c-4861-9d92-0d540ca3fb58,contract_sales_price_cash,Contract Sales Price Cash,a6dcb617-c741-40ce-a378-3a81af7bcc3c,1,461.66,458.61,90,14,9,false,false,false,false,LEAVE UNCHANGED,Normally single-line value (amount/date/name/address/code field).,false,,Low — no mask recommended.,LEAVE UNCHANGED,lines=0; cap=1; underlineDerived=false
37,FARM AND RANCH CONTRACT,aa96660b-9ae0-4888-aa64-c32875bd1ad3,contract_sales_price_total,Contract Sales Price Total,a6f3e7dc-1f3b-4683-9a34-a205535ea0e3,1,442.38,576.72,70,12,9,false,false,false,false,LEAVE UNCHANGED,Normally single-line value (amount/date/name/address/code field).,false,,Low — no mask recommended.,LEAVE UNCHANGED,lines=1; cap=1; underlineDerived=false
29,"ADDENDUM FOR ""BACK-UP"" CONTRACT",6b783487-b80d-483c-9ac6-16bc9d97b549,txr_1909_additional_option_fee,TXR-1909 Additional Option Fee,a78f79c3-9ce7-4f6a-b9c8-b29129cd4081,1,85.92,266.43,60.3,13.47,9,false,true,false,false,REVIEW REQUIRED,Narrative purpose but current height is ~1 line — dimension increase may be needed to cover the printed writing area.,true,Height 13.47pt ≈ 1 line(s). Expand only after confirming intended lined region on the PDF.,Enlarging may approach amount columns or following rows — review carefully.,REVIEW REQUIRED,lines=0; cap=1; underlineDerived=false
24,Condominium Addendum to Listing,1a083ac7-e2ac-4480-9821-4587f676cf04,listing_condo_assessment_amount,Condo Association Assessment Amount,a7965d42-a6eb-424b-a945-0a044a0666ba,1,452,277,44,14,9,false,false,false,false,LEAVE UNCHANGED,Normally single-line value (amount/date/name/address/code field).,false,,Low — no mask recommended.,LEAVE UNCHANGED,lines=0; cap=1; underlineDerived=false
37,FARM AND RANCH CONTRACT,76392860-8eb5-4e2f-9145-98e985442c6f,contract_buyer_attorney_name,Buyer Attorney Name,a7c8f42d-f63e-4b0a-8568-f212c2e3900d,9,121.62,625.09,190,12,9,false,false,false,false,LEAVE UNCHANGED,Normally single-line value (amount/date/name/address/code field).,false,,Low — no mask recommended.,LEAVE UNCHANGED,lines=0; cap=1; underlineDerived=false
47,RESIDENTIAL LEASING AND PROPERTY MANAGEMENT AGREEMENT,9e2d6525-3f8c-46db-a306-49e7ac5c7051,PROPERTY_FULL_ADDRESS,Property Full Address,a7dea393-b0f6-4c97-8de7-7f7235d91f01,6,204.2,31.4,298.8,14,9,false,false,false,false,LEAVE UNCHANGED,Normally single-line value (amount/date/name/address/code field).,false,,Low — no mask recommended.,LEAVE UNCHANGED,lines=0; cap=1; underlineDerived=false
46,RELEASE OF EARNEST MONEY,4d1972fd-d241-4c75-a8b0-dc46b9366a72,txr_1904_disbursement_amount_3,TXR-1904 Disbursement Amount 3,a7ea9f6c-52bb-43e6-b66f-980d2266f2cf,1,79.1,447.8,99.9,14,9,false,false,false,false,LEAVE UNCHANGED,Normally single-line value (amount/date/name/address/code field).,false,,Low — no mask recommended.,LEAVE UNCHANGED,lines=0; cap=1; underlineDerived=false
7,Listing Agreement,980830bf-8d4d-4bbe-8f4d-026453594617,property_county,Property County,a7f483f1-f048-4e17-9a99-0d16e195f30a,1,82.64,411.18,220.59,13.85,9,false,false,false,false,LEAVE UNCHANGED,Normally single-line value (amount/date/name/address/code field).,false,,Low — no mask recommended.,LEAVE UNCHANGED,lines=0; cap=1; underlineDerived=false
17,Third Party Financing Addendum,c53a355b-7c19-4b63-b7bf-bb7e9c9ecd51,txr_1901_text2,Text2,a823ac0e-a91e-479f-8daa-18beae0aa6ad,1,264.3,651.31,25.7,10.9,9,false,false,false,false,LEAVE UNCHANGED,Appears to be a normal single-line value placement.,false,,Low — no mask recommended.,LEAVE UNCHANGED,lines=0; cap=1; underlineDerived=false
8,Request for Info From HOA,27e50ce0-130e-4640-89d1-0e468e18434e,PROPERTY_ADDRESS,Property Address,a87b273d-368c-497e-99d1-a08bd5dd3435,1,54.64,199.86,381.7,12.83,9,false,false,false,false,LEAVE UNCHANGED,Normally single-line value (amount/date/name/address/code field).,false,,Low — no mask recommended.,LEAVE UNCHANGED,lines=0; cap=1; underlineDerived=false
20,Residential Condominium Contract (Resale),c87dbe71-747f-4f50-b82f-74c1cee5149d,contract_option_period_days,Option Period Days,a897dfa3-a073-4a59-8b95-e3d5b1d85ab2,2,81,436,38,14,,false,false,false,false,LEAVE UNCHANGED,Normally single-line value (amount/date/name/address/code field).,false,,Low — no mask recommended.,LEAVE UNCHANGED,lines=0; cap=1; underlineDerived=false
12,Addendum for Property Subject to Mandatory Membership in a Property Owners Association,ae78da9f-90e5-48fd-9724-8d4562052057,PROPERTY_CITY,Property City,a8b79293-14d2-4122-a879-042fcf15efcc,1,266.4,114.4,305.6,18.4,10,false,false,false,false,LEAVE UNCHANGED,Normally single-line value (amount/date/name/address/code field).,false,,Low — no mask recommended.,LEAVE UNCHANGED,lines=0; cap=1; underlineDerived=false
51,Itemization of Security Deposit,224ac1f4-c2a1-4a6d-b9fb-e9edb22738f4,txr_2216_cleaning_amount,TXR-2216 Cleaning/Maintenance Amount,a8d2eaa8-0a09-4877-ae2d-cff266b18c09,1,474.5,469.5,101.5,14,9,false,false,false,false,LEAVE UNCHANGED,Normally single-line value (amount/date/name/address/code field).,false,,Low — no mask recommended.,LEAVE UNCHANGED,lines=0; cap=1; underlineDerived=true
11,One to Four Residential,5344edf6-26fb-43eb-970e-ba3a0559218f,CONTRACT_SELLER_AGENT_NOTICE_PHONE,Seller Agent Notice Phone,a8e44d98-0241-4713-a353-2266cb564585,8,362.81,690.86,190,14,9,false,false,false,false,LEAVE UNCHANGED,Normally single-line value (amount/date/name/address/code field).,false,,Low — no mask recommended.,LEAVE UNCHANGED,lines=0; cap=1; underlineDerived=false
11,One to Four Residential,222650d2-5bf7-4b65-a70a-988d01d6348b,contract_seller_disclosure_delivery_days,Seller Disclosure Delivery Days,a8fa85a2-e837-44d5-8d86-c58c6fd30ed9,4,427.09,572.55,50,14,9,false,false,false,false,LEAVE UNCHANGED,Appears to be a normal single-line value placement.,false,,Low — no mask recommended.,LEAVE UNCHANGED,lines=0; cap=1; underlineDerived=false
18,Residential Lease,eb3f18a6-c85f-41e9-9ef0-7a4935db7d6f,txr_2001_tenant_notice_email,Tenant email for notices,a9125ecc-c0ad-4cad-9eab-3ff7ccff95cd,14,85,258,221,16,9,false,false,false,false,LEAVE UNCHANGED,Normally single-line value (amount/date/name/address/code field).,false,,Low — no mask recommended.,LEAVE UNCHANGED,lines=0; cap=1; underlineDerived=false
47,RESIDENTIAL LEASING AND PROPERTY MANAGEMENT AGREEMENT,9e2d6525-3f8c-46db-a306-49e7ac5c7051,PROPERTY_FULL_ADDRESS,Property Full Address,aa276ef0-be98-44af-9932-f3aeff03afb6,5,204.2,31.4,298.8,14,9,false,false,false,false,LEAVE UNCHANGED,Normally single-line value (amount/date/name/address/code field).,false,,Low — no mask recommended.,LEAVE UNCHANGED,lines=0; cap=1; underlineDerived=false
47,RESIDENTIAL LEASING AND PROPERTY MANAGEMENT AGREEMENT,3df58a6c-eb97-42f7-84d4-f4dbc6a025ea,txr_2201_emergency_contact_phone,Emergency Contact Phone,aa325367-6283-4909-b805-9da148e8dae8,7,434.9,562.1,140.1,14,9,false,false,false,false,LEAVE UNCHANGED,Normally single-line value (amount/date/name/address/code field).,false,,Low — no mask recommended.,LEAVE UNCHANGED,lines=0; cap=1; underlineDerived=false
45,NOTICE OF WITHDRAWAL OF OFFER,fe0c8ee5-64dc-4c87-b410-288fa0c266a1,txr_1945_option_a_communicated_by,TXR-1945 Option A Communicated By,aa42b6b5-ad15-46f6-8b85-806190dbae31,1,305.4,298.5,188.7,14,9,false,false,false,false,LEAVE UNCHANGED,Normally single-line value (amount/date/name/address/code field).,false,,Low — no mask recommended.,LEAVE UNCHANGED,lines=0; cap=1; underlineDerived=true
25,Condominium Resale Certificate,980830bf-8d4d-4bbe-8f4d-026453594617,property_county,Property County,aa49966a-7f0b-43ed-903e-ee9c24afcafa,1,100,140,150,12,9,false,false,false,false,LEAVE UNCHANGED,Normally single-line value (amount/date/name/address/code field).,false,,Low — no mask recommended.,LEAVE UNCHANGED,lines=0; cap=1; underlineDerived=false
20,Residential Condominium Contract (Resale),3698d278-52b8-4039-8345-f766f81ed826,CONTRACT_INTERMEDIARY_BUYER_ASSOCIATE_NAME,Intermediary Buyer Associate Name,ab245625-b756-4234-a892-7deaa37642d4,9,201.5,605.4,240,14,,false,false,false,false,LEAVE UNCHANGED,Normally single-line value (amount/date/name/address/code field).,false,,Low — no mask recommended.,LEAVE UNCHANGED,lines=1; cap=1; underlineDerived=false
49,TERMINATION OF BUYER/TENANT REPRESENTATION AGREEMENT,56127644-d475-47c7-a8f6-3e16a763ce88,txr_1503_protected_properties,TXR-1503 Protected Properties,ab5d09a1-d4f0-4925-b86d-c82770d6c9e4,1,90.1,529,485.9,64.6,9,false,false,false,false,REVIEW REQUIRED,Tall placement without clear narrative purpose — visual review before enabling multiline.,false,,Low — no mask recommended.,REVIEW REQUIRED,lines=0; cap=5; underlineDerived=false
38,FARM AND RANCH REAL ESTATE LISTING AGREEMENT - EXCLUSIVE RIGHT TO SELL,88c93077-eb49-4389-a7cf-aa06a388c81a,txr_1201_res_restrictions_retained_by_seller,TXR-1201 Reservations restrictions Retained by Seller,ab6505db-26b2-42b5-be37-10d9d23114dd,2,360.9,555.2,215.2,24,9,false,false,false,false,LEAVE UNCHANGED,Normally single-line value (amount/date/name/address/code field).,false,,Low — no mask recommended.,LEAVE UNCHANGED,lines=0; cap=2; underlineDerived=false
25,Condominium Resale Certificate,0a6e1a38-a24e-45d7-9619-db278e02e917,condo_resale_capital_expenditures_approved,Approved Capital Expenditures Next 12 Months,ab699919-9a20-4137-9892-9bf5c8abb5ea,1,468,320,80,12,9,false,false,false,false,LEAVE UNCHANGED,Normally single-line value (amount/date/name/address/code field).,false,,Low — no mask recommended.,LEAVE UNCHANGED,lines=0; cap=1; underlineDerived=false
33,AMENDMENT TO BUYER/TENANT REPRESENTATION AGREEMENT,a59c931e-24a1-4930-aff7-47ec12eabb94,txr_1505_market_area,TXR-1505 Amended Market Area,ab92c231-5340-41fc-9e0c-5df979ba4601,1,317.21,165.26,242.49,17.96,9,false,false,false,false,LEAVE UNCHANGED,Normally single-line value (amount/date/name/address/code field).,false,,Low — no mask recommended.,LEAVE UNCHANGED,lines=0; cap=1; underlineDerived=false
12,Addendum for Property Subject to Mandatory Membership in a Property Owners Association,dc7f4243-4bbf-419d-b5c5-a10cb461290f,property_hoa_name,HOA Name,abb4c75b-50bb-4ea9-beb7-40bb8efd4b57,1,37.6,140,333.6,18.4,10,false,false,false,false,LEAVE UNCHANGED,Normally single-line value (amount/date/name/address/code field).,false,,Low — no mask recommended.,LEAVE UNCHANGED,lines=0; cap=1; underlineDerived=false
35,ANIMAL AGREEMENT,39ed01bf-041f-46c5-aa50-4816a283408d,txr_2004_animal_2_age,TXR-2004 Animal 2 Age,ac158a6e-abf2-41bd-bbd2-3a3cbe3d2825,1,387.89,424.64,50,14,9,false,false,false,false,LEAVE UNCHANGED,Normally single-line value (amount/date/name/address/code field).,false,,Low — no mask recommended.,LEAVE UNCHANGED,lines=0; cap=1; underlineDerived=false
46,RELEASE OF EARNEST MONEY,81fe9e2f-58f2-4bc0-9d10-9fcaa300f431,txr_1904_disbursement_amount_4,TXR-1904 Disbursement Amount 4,ac15a45b-79b3-497d-8db2-875d361b589b,1,79.1,472.3,99.9,14,9,false,false,false,false,LEAVE UNCHANGED,Normally single-line value (amount/date/name/address/code field).,false,,Low — no mask recommended.,LEAVE UNCHANGED,lines=0; cap=1; underlineDerived=false
15,Residential Lease Listing,71aca245-1ffe-4306-8f1a-735315e8e296,LEASE_LISTING_CONCERNING,Lease Listing Concerning,ac2dbca2-490f-4dc0-9e23-ed02ff04b47e,7,200,32,320,14,9,false,false,false,false,LEAVE UNCHANGED,Appears to be a normal single-line value placement.,false,,Low — no mask recommended.,LEAVE UNCHANGED,lines=0; cap=1; underlineDerived=false
11,One to Four Residential,a8629468-ba85-48e6-9520-2171ecff300f,contract_seller_attorney_email,Seller Attorney Email,aca7d8e7-9cc9-4991-bba2-6a085d100fb6,9,391.04,715.16,170,14,9,false,false,false,false,LEAVE UNCHANGED,Normally single-line value (amount/date/name/address/code field).,false,,Low — no mask recommended.,LEAVE UNCHANGED,lines=0; cap=1; underlineDerived=false
38,FARM AND RANCH REAL ESTATE LISTING AGREEMENT - EXCLUSIVE RIGHT TO SELL,4791c529-b4f1-44d9-b060-ab59462579ea,txr_1201_renewal_comp_other_text,TXR-1201 Renewal Comp Other Text,acfb84fb-b373-4e59-ba20-c06f9668de31,4,243.95,612.79,208.6,14,9,false,false,false,false,LEAVE UNCHANGED,Normally single-line value (amount/date/name/address/code field).,false,,Low — no mask recommended.,LEAVE UNCHANGED,lines=0; cap=1; underlineDerived=false
51,Itemization of Security Deposit,d23fc1c2-e4bc-44ca-9ead-faf089998df7,txr_2216_late_charges_amount,TXR-2216 Late Charges Amount,ad1115a7-c8af-473f-b901-00324bf0acec,1,474.5,546.5,101.5,14,9,false,false,false,false,LEAVE UNCHANGED,Normally single-line value (amount/date/name/address/code field).,false,,Low — no mask recommended.,LEAVE UNCHANGED,lines=0; cap=1; underlineDerived=true
15,Residential Lease Listing,6dbd51c9-22a8-4390-90ca-df70c174be1b,lease_protection_period_days,Lease Protection Period Days,ad468d90-9513-4299-b6ea-c79b6f48de7c,3,541.84,435.21,55,14,9,false,false,false,false,LEAVE UNCHANGED,Normally single-line value (amount/date/name/address/code field).,false,,Low — no mask recommended.,LEAVE UNCHANGED,lines=0; cap=1; underlineDerived=false
20,Residential Condominium Contract (Resale),aacce3b7-7683-4728-b5cf-1fd4588d253b,contract_intermediary_seller_supervisor_license_number,Intermediary Seller Supervisor License Number,ad791265-6f33-4b33-9144-3656718d7eed,9,422.6,590.8,133,14,,false,false,false,false,LEAVE UNCHANGED,Normally single-line value (amount/date/name/address/code field).,false,,Low — no mask recommended.,LEAVE UNCHANGED,lines=1; cap=1; underlineDerived=false
11,One to Four Residential,1e438c3c-4a1e-48a0-b5fa-7ceb90d9ed01,contract_additional_earnest_money_days,Additional Earnest Money Days,adca07bb-a51c-4a40-a13d-3870e5a0d468,2,88.91,127.17,43.6,13.85,9,false,false,false,false,LEAVE UNCHANGED,Appears to be a normal single-line value placement.,false,,Low — no mask recommended.,LEAVE UNCHANGED,lines=1; cap=1; underlineDerived=false
37,FARM AND RANCH CONTRACT,dc54d9cb-8836-40d9-97ef-033173c2913f,contract_additional_earnest_money_amount,Additional Earnest Money Amount,ae514d1f-3028-41c2-b3ff-ed956730e845,2,338.6,335.74,70,12,9,false,false,false,false,LEAVE UNCHANGED,Normally single-line value (amount/date/name/address/code field).,false,,Low — no mask recommended.,LEAVE UNCHANGED,lines=1; cap=1; underlineDerived=false
16,Amendment to Lease Listing,bf8439c2-6d82-4935-839b-cc1af22e63f3,lease_listing_amend_new_end_date,Lease Listing Amend New End Date,ae9b3c1e-8896-4500-b51a-2fa444123d9a,1,403.65,271.17,86.7,13.85,9,false,false,false,false,LEAVE UNCHANGED,Normally single-line value (amount/date/name/address/code field).,false,,Low — no mask recommended.,LEAVE UNCHANGED,lines=0; cap=1; underlineDerived=false
18,Residential Lease,5367a568-81dd-4a9f-8aad-2ababf021193,txr_2001_replacement_tenant_fee_landlord_procures_amount,Landlord procures replacement flat fee,ae9e9bb0-59d5-4d0b-a33a-25f692fd568a,13,186,543,138,16,9,false,false,false,false,LEAVE UNCHANGED,Normally single-line value (amount/date/name/address/code field).,false,,Low — no mask recommended.,LEAVE UNCHANGED,lines=0; cap=1; underlineDerived=false
15,Residential Lease Listing,54f6b4b2-e22b-466b-b244-fc437512ca2f,agent_full_name,Agent Full Name,ae9eaad2-db73-4311-a8e9-1eda8ec7fb56,11,26.99,627.27,201.09,13.85,9,false,false,false,false,LEAVE UNCHANGED,Normally single-line value (amount/date/name/address/code field).,false,,Low — no mask recommended.,LEAVE UNCHANGED,lines=0; cap=1; underlineDerived=false
20,Residential Condominium Contract (Resale),da9e14f5-6f26-4d0a-9f13-7e8097fed433,CONTRACT_SPECIAL_PROVISIONS,Special Provisions,aee30999-0b10-438b-915f-88494b374958,5,64.94,445.86,489.39,19.49,,false,true,false,false,REVIEW REQUIRED,Narrative purpose but current height is ~1 line — dimension increase may be needed to cover the printed writing area.,true,Height 19.49pt ≈ 1 line(s). Expand only after confirming intended lined region on the PDF.,Enlarging may approach amount columns or following rows — review carefully.,REVIEW REQUIRED,lines=2; cap=1; underlineDerived=false
25,Condominium Resale Certificate,7d8b8dc5-43cc-49e9-9b19-cf24a86dc71f,condo_resale_managing_agent_fax,Managing Agent Fax,af4a4865-5298-4c8f-98ee-a4de217a1784,1,320,682,230,12,9,false,false,false,false,LEAVE UNCHANGED,Normally single-line value (amount/date/name/address/code field).,false,,Low — no mask recommended.,LEAVE UNCHANGED,lines=0; cap=1; underlineDerived=false
11,One to Four Residential,d3496ab1-31c6-44c4-b722-d0f39a96fcda,contract_intermediary_buyer_team_name,Intermediary Buyer Team Name,af4d144e-f734-41f2-bf33-0cc205f78ef4,11,135,621.6,240,14,9,false,false,false,false,LEAVE UNCHANGED,Normally single-line value (amount/date/name/address/code field).,false,,Low — no mask recommended.,LEAVE UNCHANGED,lines=1; cap=1; underlineDerived=false
15,Residential Lease Listing,c06fa26e-190c-4859-8abf-fa3ef919dfd2,lease_known_liens_exception,Lease Known Liens Exception,afda4688-a248-4ce5-8494-6169776f1bbd,7,83.71,517.8,460,14,9,false,true,false,false,REVIEW REQUIRED,Narrative purpose but current height is ~1 line — dimension increase may be needed to cover the printed writing area.,true,Height 14pt ≈ 1 line(s). Expand only after confirming intended lined region on the PDF.,Enlarging may approach amount columns or following rows — review carefully.,REVIEW REQUIRED,lines=0; cap=1; underlineDerived=false
13,Amendment to Listing Agreement,cc596717-042c-4c78-adbe-68fc90e7215a,listing_amendment_unrepresented_buyer_fee_flat_fee,Additional Fee if Buyer Unrepresented Flat Fee,afed7139-c331-48ad-9f5f-9bd3d9309fad,1,428.83,345.83,73.77,14.11,9,false,false,false,false,LEAVE UNCHANGED,Normally single-line value (amount/date/name/address/code field).,false,,Low — no mask recommended.,LEAVE UNCHANGED,lines=0; cap=1; underlineDerived=false
20,Residential Condominium Contract (Resale),a68f94bb-1c06-4b40-b54f-9889c945e80f,property_concerning_full_address,Contract Concerning Property Address,b04a4d5a-73fd-4d88-a40e-3a4191b3a8e9,7,120.1,31.6,295.4,14,,false,false,false,false,LEAVE UNCHANGED,Normally single-line value (amount/date/name/address/code field).,false,,Low — no mask recommended.,LEAVE UNCHANGED,lines=1; cap=1; underlineDerived=false
47,RESIDENTIAL LEASING AND PROPERTY MANAGEMENT AGREEMENT,9e2d6525-3f8c-46db-a306-49e7ac5c7051,PROPERTY_FULL_ADDRESS,Property Full Address,b0a521dd-0da4-4ab6-9cec-cca6db66c6da,11,204.2,31.4,298.8,14,9,false,false,false,false,LEAVE UNCHANGED,Normally single-line value (amount/date/name/address/code field).,false,,Low — no mask recommended.,LEAVE UNCHANGED,lines=0; cap=1; underlineDerived=false
38,FARM AND RANCH REAL ESTATE LISTING AGREEMENT - EXCLUSIVE RIGHT TO SELL,ef9b7bc7-b878-49f6-8e92-c294dd733089,SPECIAL_PROVISIONS,Special Provisions,b1064e95-5c32-470a-abc4-a3ac42c6fc9b,10,54,378.31,522,96,9,false,true,false,false,MEDIUM CONFIDENCE,Tall narrative box (~8 lines) without conclusive line geometry; multiline recommended; mask only after visual confirm of printed lines.,false,,Low — no mask recommended.,MEDIUM CONFIDENCE,lines=0; cap=8; underlineDerived=false
33,AMENDMENT TO BUYER/TENANT REPRESENTATION AGREEMENT,c85f3785-5ea3-414e-8288-7d1019e88745,txr_1505_cease_services_date,TXR-1505 F Cease Services Date,b143de35-5a8b-4af6-877e-4e969d08bacf,1,437.09,472.36,130,14,9,false,false,false,false,LEAVE UNCHANGED,Normally single-line value (amount/date/name/address/code field).,false,,Low — no mask recommended.,LEAVE UNCHANGED,lines=0; cap=1; underlineDerived=false
37,FARM AND RANCH CONTRACT,6181a1f8-374c-4861-9d92-0d540ca3fb58,contract_sales_price_cash,Contract Sales Price Cash,b16017b9-20ff-4652-a77c-62bcbc0fa2b8,1,443.66,519.79,70,12,9,false,false,false,false,LEAVE UNCHANGED,Normally single-line value (amount/date/name/address/code field).,false,,Low — no mask recommended.,LEAVE UNCHANGED,lines=0; cap=1; underlineDerived=false
51,Itemization of Security Deposit,040dfa70-96b4-41ac-a65b-908557f08508,txr_2216_mailing_costs_amount,TXR-2216 Mailing Costs Amount,b1723a7b-2ebb-4936-91fd-2b5cd5f6a55c,2,474.5,407.5,101.5,14,9,false,false,false,false,LEAVE UNCHANGED,Normally single-line value (amount/date/name/address/code field).,false,,Low — no mask recommended.,LEAVE UNCHANGED,lines=0; cap=1; underlineDerived=true
51,Itemization of Security Deposit,e5c7e821-86a8-4b25-8e2b-2951afcce7b1,txr_2216_abandoned_vehicles_amount,TXR-2216 Abandoned/Illegal Vehicles Amount,b190dccf-777a-4874-9479-84bea8eb5fe9,2,474.5,289.5,101.5,14,9,false,false,false,false,LEAVE UNCHANGED,Normally single-line value (amount/date/name/address/code field).,false,,Low — no mask recommended.,LEAVE UNCHANGED,lines=0; cap=1; underlineDerived=true
47,RESIDENTIAL LEASING AND PROPERTY MANAGEMENT AGREEMENT,d2a7f794-9260-406f-9f27-94fb753056eb,property_legal_description,Property Legal Description,b19d8882-64f6-462c-8598-08eca0fa0977,1,154.7,476.6,420.3,27.6,9,false,true,false,false,MEDIUM CONFIDENCE,Narrative field with ~2-line capacity; mask not recommended without line evidence.,false,,Low — no mask recommended.,MEDIUM CONFIDENCE,lines=0; cap=2; underlineDerived=false
44,NOTICE TO PURCHASER OF SPECIAL TAXING OR ASSESSMENT DISTRICT,9a681ea8-69b8-4246-8b55-f33254590d03,txr_1420_district_name,TXR-1420 District Name,b1bb3b54-fa7f-4753-b966-eb9e8b79827a,1,51.7,237.7,174.9,14,9,false,false,false,false,LEAVE UNCHANGED,Normally single-line value (amount/date/name/address/code field).,false,,Low — no mask recommended.,LEAVE UNCHANGED,lines=0; cap=1; underlineDerived=false
11,One to Four Residential,a68f94bb-1c06-4b40-b54f-9889c945e80f,property_concerning_full_address,Contract Concerning Property Address,b1d4674c-431c-4893-89c4-c1c348541378,7,145,31,320,14,9,false,false,false,false,LEAVE UNCHANGED,Normally single-line value (amount/date/name/address/code field).,false,,Low — no mask recommended.,LEAVE UNCHANGED,lines=1; cap=1; underlineDerived=false
33,AMENDMENT TO BUYER/TENANT REPRESENTATION AGREEMENT,9c1f7003-145a-498e-9cce-919c04b1582c,txr_1505_lease_one_month_percent,TXR-1505 D(2) Lease One Month Percent,b1fc08de-7c9c-4686-a9b4-83b82da8fb95,1,137.21,355.79,40,14,9,false,false,false,false,LEAVE UNCHANGED,Normally single-line value (amount/date/name/address/code field).,false,,Low — no mask recommended.,LEAVE UNCHANGED,lines=0; cap=1; underlineDerived=false
35,ANIMAL AGREEMENT,8344adf6-580c-4482-a15f-2ca72bd23e7f,txr_2004_nonrefundable_fee_amount,TXR-2004 B(3) Nonrefundable Fee Amount,b2080354-5d7f-4954-afc2-e84a568ebdee,2,360.53,228,69.28,12.83,9,false,false,false,false,LEAVE UNCHANGED,Normally single-line value (amount/date/name/address/code field).,false,,Low — no mask recommended.,LEAVE UNCHANGED,lines=0; cap=1; underlineDerived=false
50,TERMINATION OF LISTING,3101b352-23c8-4cbb-97fb-cf0fff7225c9,txr_1410_protection_on_or_before,TXR-1410 Protection On Or Before,b220ebfc-9530-4f79-bea0-68d1f1ee0ce7,1,354.6,344.4,199.6,14,9,false,false,false,false,LEAVE UNCHANGED,Appears to be a normal single-line value placement.,false,,Low — no mask recommended.,LEAVE UNCHANGED,lines=0; cap=1; underlineDerived=false
18,Residential Lease,91ed31c0-c330-4925-8c15-f5046a9f5516,txr_2001_first_month_rent_due_date,Due on or before,b258d03c-67ec-419b-be16-6460aa05558a,1,252.93,575.72,73,16,9,false,false,false,false,LEAVE UNCHANGED,Normally single-line value (amount/date/name/address/code field).,false,,Low — no mask recommended.,LEAVE UNCHANGED,lines=0; cap=1; underlineDerived=false
15,Residential Lease Listing,a0424ba7-3e57-465d-b319-0f7137e7d703,lease_replacement_tenant_by_landlord_percent,Lease Replacement Tenant By Landlord Percent,b2ac3b22-f3a1-4033-956b-c025ad0c0dd1,10,315.49,296.41,12.31,13.34,9,false,false,false,false,LEAVE UNCHANGED,Appears to be a normal single-line value placement.,false,,Low — no mask recommended.,LEAVE UNCHANGED,lines=0; cap=1; underlineDerived=false
42,NOTICE OF LANDLORD'S INTENT NOT TO RENEW,3b8ddae5-3096-4fd8-86ec-f8dcb72758bf,txr_2217_tenant_names,TXR-2217 Tenant Names,b33a062b-39b9-4f8b-ad60-21ea1d858cf0,1,73.1,127.4,443.2,14,9,false,false,false,false,LEAVE UNCHANGED,Normally single-line value (amount/date/name/address/code field).,false,,Low — no mask recommended.,LEAVE UNCHANGED,lines=0; cap=1; underlineDerived=false
51,Itemization of Security Deposit,295fedb3-8d5c-4a00-ae34-154c0d347cfa,txr_2216_unreturned_items_amount,TXR-2216 Unreturned Items Replacement Amount,b36cbdbf-897c-4925-a4bb-969aa5a516bd,1,474.5,715.5,101.5,14,9,false,false,false,false,LEAVE UNCHANGED,Normally single-line value (amount/date/name/address/code field).,false,,Low — no mask recommended.,LEAVE UNCHANGED,lines=0; cap=1; underlineDerived=true
18,Residential Lease,448d1e05-8510-48f1-a405-b2eac1863925,TXR_2001_KEYBOX_WITHDRAWAL_FEE,Fee to withdraw keybox authorization,b37a86be-29af-4aa4-9a7e-b49c1fc48d1d,6,329,613,67,16,9,false,false,false,false,LEAVE UNCHANGED,Normally single-line value (amount/date/name/address/code field).,false,,Low — no mask recommended.,LEAVE UNCHANGED,lines=0; cap=1; underlineDerived=false
15,Residential Lease Listing,80d604ad-7709-4820-8f36-49ed20948dbf,lease_no_coop_one_month_percent,Lease No Coop One Month Percent,b396e20b-ed74-41e8-8b6f-4b4d986002b1,2,123.08,514.66,55,14,9,false,false,false,false,LEAVE UNCHANGED,Normally single-line value (amount/date/name/address/code field).,false,,Low — no mask recommended.,LEAVE UNCHANGED,lines=0; cap=1; underlineDerived=false
47,RESIDENTIAL LEASING AND PROPERTY MANAGEMENT AGREEMENT,37933d69-8f38-4d00-afd5-78200b5301ac,txr_2201_maint_fee_other_text,Maintenance Fee Other Description,b3b74e86-a8c2-45b8-a523-3f9da6996165,2,109,496.2,466,14,9,false,true,false,false,REVIEW REQUIRED,Narrative purpose but current height is ~1 line — dimension increase may be needed to cover the printed writing area.,true,Height 14pt ≈ 1 line(s). Expand only after confirming intended lined region on the PDF.,Enlarging may approach amount columns or following rows — review carefully.,REVIEW REQUIRED,lines=0; cap=1; underlineDerived=false
11,One to Four Residential,08b90eab-0dca-427a-b41f-ad38d2033077,contract_intermediary_seller_associate_email,Intermediary Seller Associate Email,b3d2756d-77eb-45ab-a5d8-7b8e075e560a,11,162.19,552.6,240,14,9,false,false,false,false,LEAVE UNCHANGED,Normally single-line value (amount/date/name/address/code field).,false,,Low — no mask recommended.,LEAVE UNCHANGED,lines=1; cap=1; underlineDerived=false
36,EARLY TERMINATION OF RESIDENTIAL LEASE,0251991c-0b23-4929-a6b0-f8b8ab261326,txr_2001_tenant_names,Tenant names,b3dbf8ee-eadc-4520-928f-8b84edb85f68,1,60.91,175.15,436.87,17.96,9,false,false,false,false,LEAVE UNCHANGED,Normally single-line value (amount/date/name/address/code field).,false,,Low — no mask recommended.,LEAVE UNCHANGED,lines=0; cap=1; underlineDerived=false
37,FARM AND RANCH CONTRACT,6ed5cbc5-7cdd-4741-bc2a-7ea2694a0c0b,CONTRACT_SELLER_BROKERAGE_LICENSE_NUMBER,Seller Brokerage License Number,b3e32d25-c952-430d-854b-3c8749284d66,11,168.72,190.4,120,12,9,false,false,false,false,LEAVE UNCHANGED,Normally single-line value (amount/date/name/address/code field).,false,,Low — no mask recommended.,LEAVE UNCHANGED,lines=1; cap=1; underlineDerived=false
31,ADDENDUM REGARDING FIXTURE LEASES,8057046e-0a57-41cb-b51d-02d3ec3a2f55,txr_1954_fixture_other_description,TXR-1954 Other Fixture Description,b4121ac3-4b55-4033-87da-0f2212bd0f78,1,494.74,186.97,70,14,9,false,true,false,false,REVIEW REQUIRED,Narrative purpose but current height is ~1 line — dimension increase may be needed to cover the printed writing area.,true,Height 14pt ≈ 1 line(s). Expand only after confirming intended lined region on the PDF.,Enlarging may approach amount columns or following rows — review carefully.,REVIEW REQUIRED,lines=0; cap=1; underlineDerived=false
35,ANIMAL AGREEMENT,ff353828-4fd0-4b66-a90f-8a3fc0312b0b,txr_2004_propensity_explain,TXR-2004 E(2) Propensity Explain,b45f2fb6-fe24-4665-b293-86427d7dab95,2,70,571,480,20,9,false,true,false,false,REVIEW REQUIRED,Narrative purpose but current height is ~1 line — dimension increase may be needed to cover the printed writing area.,true,Height 20pt ≈ 1 line(s). Expand only after confirming intended lined region on the PDF.,Enlarging may approach amount columns or following rows — review carefully.,REVIEW REQUIRED,lines=0; cap=1; underlineDerived=false
15,Residential Lease Listing,ec669aec-0f6d-40fa-a464-f9c7b49dd170,lease_pool_contractor_name,Lease Pool Contractor Name,b4cc9bcf-da2f-4536-8516-6a098cc4137a,10,143.05,193.17,180,14,9,false,false,false,false,LEAVE UNCHANGED,Normally single-line value (amount/date/name/address/code field).,false,,Low — no mask recommended.,LEAVE UNCHANGED,lines=0; cap=1; underlineDerived=false
33,AMENDMENT TO BUYER/TENANT REPRESENTATION AGREEMENT,9d9dd041-cd37-4656-97b8-ab56b2ff957f,txr_1505_resume_services_date,TXR-1505 F Resume Services Date,b4ecfa13-55a9-421c-aab9-51aa3a6af0dc,1,70,498,130,14,9,false,false,false,false,LEAVE UNCHANGED,Normally single-line value (amount/date/name/address/code field).,false,,Low — no mask recommended.,LEAVE UNCHANGED,lines=0; cap=1; underlineDerived=false
51,Itemization of Security Deposit,842e26bb-8bfb-4591-a7d5-3ca57d987dc2,txr_2216_smoking_damages_description,TXR-2216 Smoking Damages Description,b4ef21a3-c071-4de2-847f-55123f5f82e7,2,65.1,516.2,367.2,26.4,9,false,true,false,true,MEDIUM CONFIDENCE,Narrative placement with writing-line evidence; enable multiline and mask after quick visual confirm.,false,,Confirm mask does not cover row labels or amount boxes beside the description.,MEDIUM CONFIDENCE,lines=0; cap=2; underlineDerived=true
18,Residential Lease,9c9967cc-e6b8-40c8-8f24-0e537ec268eb,txr_2001_deceased_tenant_contact_email,Contact email,b524648a-07f0-4db1-a31f-f66764e1c6b4,15,127,331,449,16,9,false,false,false,false,LEAVE UNCHANGED,Normally single-line value (amount/date/name/address/code field).,false,,Low — no mask recommended.,LEAVE UNCHANGED,lines=0; cap=1; underlineDerived=false
38,FARM AND RANCH REAL ESTATE LISTING AGREEMENT - EXCLUSIVE RIGHT TO SELL,899dba27-e8df-415c-91a2-d898db8ea2b9,txr_1201_res_royalties_held_by_others,TXR-1201 Reservations royalties Held by Others,b5352679-6912-48d0-bef2-46517ad1a927,2,144.4,410.2,196.6,24,9,false,false,false,false,LEAVE UNCHANGED,Normally single-line value (amount/date/name/address/code field).,false,,Low — no mask recommended.,LEAVE UNCHANGED,lines=0; cap=2; underlineDerived=false
11,One to Four Residential,a4822d94-0094-4de0-82ec-abfe48aee3b7,contract_add_district_notices_text,District Notices Addendum Text,b561009c-974f-41d4-8b7f-ec26f8281a67,9,256.42,425.2,313.44,28.21,9,false,true,false,false,MEDIUM CONFIDENCE,Narrative field with ~2-line capacity; mask not recommended without line evidence.,false,,Low — no mask recommended.,MEDIUM CONFIDENCE,lines=0; cap=2; underlineDerived=false
46,RELEASE OF EARNEST MONEY,ac259836-f0ce-412e-83cb-6ece28e1cae4,txr_1904_disbursement_amount_1,TXR-1904 Disbursement Amount 1,b567ee09-51dc-47a8-9543-1a40b60daa8e,1,79.1,398.9,99.9,14,9,false,false,false,false,LEAVE UNCHANGED,Normally single-line value (amount/date/name/address/code field).,false,,Low — no mask recommended.,LEAVE UNCHANGED,lines=0; cap=1; underlineDerived=false
37,FARM AND RANCH CONTRACT,9e2d6525-3f8c-46db-a306-49e7ac5c7051,PROPERTY_FULL_ADDRESS,Property Full Address,b59705bf-2787-4786-a976-ad5fec978358,3,122.49,28.45,322.04,12.83,9,false,false,false,false,LEAVE UNCHANGED,Normally single-line value (amount/date/name/address/code field).,false,,Low — no mask recommended.,LEAVE UNCHANGED,lines=1; cap=1; underlineDerived=false
48,SELLER'S TEMPORARY RESIDENTIAL LEASE,8eae1687-b79d-46bc-b344-5b023a426157,txr_1910_pets_except,TXR-1910 Pets Except,b5977b21-1480-4b7f-8f4c-cc872b4e0aa1,1,343.4,373.6,224.4,14,9,false,false,false,false,LEAVE UNCHANGED,Appears to be a normal single-line value placement.,false,,Low — no mask recommended.,LEAVE UNCHANGED,lines=0; cap=1; underlineDerived=true
16,Amendment to Lease Listing,00d187b0-a606-4944-a3c8-983d433aba77,lease_listing_amend_other_broker_all_rents_percent,Lease Listing Amend Other Broker All Rents Percent,b5e0e0ea-20fb-471b-9797-04272e741c11,1,89.36,419.45,55,14,9,false,false,false,false,LEAVE UNCHANGED,Appears to be a normal single-line value placement.,false,,Low — no mask recommended.,LEAVE UNCHANGED,lines=0; cap=1; underlineDerived=false
37,FARM AND RANCH CONTRACT,aacce3b7-7683-4728-b5cf-1fd4588d253b,contract_intermediary_seller_supervisor_license_number,Intermediary Seller Supervisor License Number,b5f14737-143e-4f0a-b5ef-d86a981030c5,11,413.47,506.64,100,12,9,false,false,false,false,LEAVE UNCHANGED,Normally single-line value (amount/date/name/address/code field).,false,,Low — no mask recommended.,LEAVE UNCHANGED,lines=1; cap=1; underlineDerived=false
35,ANIMAL AGREEMENT,597c31e0-645e-4d34-af1f-10ab4a109c50,txr_2004_animal_1_gender,TXR-2004 Animal 1 Gender,b63019e6-cb55-460b-ae70-e9264874ab10,1,482.38,374.72,80,14,9,false,false,false,false,LEAVE UNCHANGED,Normally single-line value (amount/date/name/address/code field).,false,,Low — no mask recommended.,LEAVE UNCHANGED,lines=0; cap=1; underlineDerived=false
5,TILA-RESPA,27e50ce0-130e-4640-89d1-0e468e18434e,PROPERTY_ADDRESS,Property Address,b6488a4e-f697-4dc8-8f2d-f88a4cd53218,1,65.06,177.06,442.64,14.75,9,false,false,false,false,LEAVE UNCHANGED,Normally single-line value (amount/date/name/address/code field).,false,,Low — no mask recommended.,LEAVE UNCHANGED,lines=0; cap=1; underlineDerived=false
48,SELLER'S TEMPORARY RESIDENTIAL LEASE,4b9138e3-0cf1-469e-a365-c8af7023cb33,txr_1910_tenant_notice,TXR-1910 Tenant Notice Name Address,b691b3e8-9f9c-4d91-b93b-9ee422b3628f,2,391.6,451.2,183.2,52,9,false,false,false,false,LEAVE UNCHANGED,Normally single-line value (amount/date/name/address/code field).,false,,Low — no mask recommended.,LEAVE UNCHANGED,lines=0; cap=4; underlineDerived=true
3,IABS,83a2e473-13f5-4bf9-89fe-2120b591b857,AGENT_LICENSE_NUMBER,Agent License Number,b6c11c78-841b-40d0-9da4-8a2888e04ab8,1,212.8,712,67.2,21.6,10,false,false,false,false,LEAVE UNCHANGED,Normally single-line value (amount/date/name/address/code field).,false,,Low — no mask recommended.,LEAVE UNCHANGED,lines=0; cap=1; underlineDerived=false
51,Itemization of Security Deposit,0abe4566-3064-4c48-bf26-fabc68bb7dcd,txr_2216_legal_proceeding_amount,TXR-2216 Legal Proceeding Amount,b6c1d08c-504e-41ba-bde5-1502e6cebe0f,2,474.5,355.5,101.5,14,9,false,false,false,false,LEAVE UNCHANGED,Normally single-line value (amount/date/name/address/code field).,false,,Low — no mask recommended.,LEAVE UNCHANGED,lines=0; cap=1; underlineDerived=true
48,SELLER'S TEMPORARY RESIDENTIAL LEASE,3676fc7a-adca-4272-9b7c-de4216d83456,txr_1910_term_ends,TXR-1910 Term Ends,b6ca43ba-372e-4b44-9117-912f882b47ec,1,171,179.6,111.2,14,9,false,false,false,false,LEAVE UNCHANGED,Appears to be a normal single-line value placement.,false,,Low — no mask recommended.,LEAVE UNCHANGED,lines=0; cap=1; underlineDerived=true
15,Residential Lease Listing,d98cb166-d2cb-41ff-aaf9-39bc5fd18c94,lease_broker_fee_all_rents_percent,Lease Broker Fee All Rents Percent,b6f1486e-5601-450a-a094-d0c457583589,2,123.08,208.5,55,14,9,false,false,false,false,LEAVE UNCHANGED,Normally single-line value (amount/date/name/address/code field).,false,,Low — no mask recommended.,LEAVE UNCHANGED,lines=0; cap=1; underlineDerived=false
25,Condominium Resale Certificate,5a62c679-ffa9-45b1-982d-579427ee1c63,contract_condo_unit_number,Condominium Unit Number,b726d144-f9fa-47cf-83f1-d2c5d90e14b1,1,320,104,28,12,9,false,false,false,false,LEAVE UNCHANGED,Normally single-line value (amount/date/name/address/code field).,false,,Low — no mask recommended.,LEAVE UNCHANGED,lines=0; cap=1; underlineDerived=false
20,Residential Condominium Contract (Resale),c6f2b888-685b-4868-b1fd-1eac8c4aa0f5,CONTRACT_BUYER_AGENT_NOTICE_EMAIL,Buyer Agent Notice Email,b79aee5b-65f1-4979-97d7-d7d665fb19ad,7,97.8,316.3,193.9,14,,false,false,false,false,LEAVE UNCHANGED,Normally single-line value (amount/date/name/address/code field).,false,,Low — no mask recommended.,LEAVE UNCHANGED,lines=1; cap=1; underlineDerived=false
39,INTERMEDIARY RELATIONSHIP NOTICE,62bd04ff-9fdf-48e8-9297-f7c888bb4be6,txr_1409_notice_date,TXR-1409 Notice Date,b7c2c4be-fe5f-4552-a16e-9d91ad727a13,1,81.6,284.3,206.4,14,9,false,false,false,false,LEAVE UNCHANGED,Normally single-line value (amount/date/name/address/code field).,false,,Low — no mask recommended.,LEAVE UNCHANGED,lines=0; cap=1; underlineDerived=false
35,ANIMAL AGREEMENT,16ea6d2a-04ad-4f99-a051-1dfe8ff28446,txr_2004_animal_2_color,TXR-2004 Animal 2 Color,b7e3403b-e69d-4542-af1e-aad720d7b21f,1,103.36,422.72,82.75,14.11,9,false,false,false,false,LEAVE UNCHANGED,Normally single-line value (amount/date/name/address/code field).,false,,Low — no mask recommended.,LEAVE UNCHANGED,lines=0; cap=1; underlineDerived=false
37,FARM AND RANCH CONTRACT,29670cf7-32c9-4945-8abb-d56d7d8fe79e,CONTRACT_BUYER_ASSOCIATE_NAME,Buyer Associate Name,b80914ba-9179-4377-928f-7dfb8ac3a643,11,133.59,312.79,180,12,9,false,false,false,false,LEAVE UNCHANGED,Normally single-line value (amount/date/name/address/code field).,false,,Low — no mask recommended.,LEAVE UNCHANGED,lines=1; cap=1; underlineDerived=false
7,Listing Agreement,3c926f66-7317-4938-b7c9-8af764facb7d,brokerage_license_number,Brokerage License Number,b8262f03-e583-4c31-8089-3324ff98d8fe,11,205.71,309.34,96.44,17.44,10,false,false,false,false,LEAVE UNCHANGED,Normally single-line value (amount/date/name/address/code field).,false,,Low — no mask recommended.,LEAVE UNCHANGED,lines=0; cap=1; underlineDerived=false
37,FARM AND RANCH CONTRACT,4b307b3b-1c5a-4d40-9815-70e8dba86219,contract_buyer_attorney_phone,Buyer Attorney Phone,b832362e-d475-466c-940c-55a8762e1f8f,9,132.17,658.45,150,12,9,false,false,false,false,LEAVE UNCHANGED,Normally single-line value (amount/date/name/address/code field).,false,,Low — no mask recommended.,LEAVE UNCHANGED,lines=0; cap=1; underlineDerived=false
15,Residential Lease Listing,0edc25f8-0f3e-4ba9-b3fe-302779f8700f,lease_listing_begin_date,Lease Listing Begin Date,b8719b67-7d66-461b-9997-32f6a99fff94,1,186.66,681.02,95,14,9,false,false,false,false,LEAVE UNCHANGED,Normally single-line value (amount/date/name/address/code field).,false,,Low — no mask recommended.,LEAVE UNCHANGED,lines=0; cap=1; underlineDerived=false
15,Residential Lease Listing,81c141e9-b296-4861-9bd5-e57222ac980b,lease_emergency_repair_phone,Lease Emergency Repair Phone,b8e1f0ef-0a94-4669-8ce8-84291d628d78,10,314.24,221.41,150,14,9,false,true,false,false,REVIEW REQUIRED,Narrative purpose but current height is ~1 line — dimension increase may be needed to cover the printed writing area.,true,Height 14pt ≈ 1 line(s). Expand only after confirming intended lined region on the PDF.,Enlarging may approach amount columns or following rows — review carefully.,REVIEW REQUIRED,lines=0; cap=1; underlineDerived=false
47,RESIDENTIAL LEASING AND PROPERTY MANAGEMENT AGREEMENT,9e2d6525-3f8c-46db-a306-49e7ac5c7051,PROPERTY_FULL_ADDRESS,Property Full Address,b98339cf-4897-4c7b-b1d9-63dd93f69656,12,204.2,31.4,298.8,14,9,false,false,false,false,LEAVE UNCHANGED,Normally single-line value (amount/date/name/address/code field).,false,,Low — no mask recommended.,LEAVE UNCHANGED,lines=0; cap=1; underlineDerived=false
37,FARM AND RANCH CONTRACT,a8629468-ba85-48e6-9520-2171ecff300f,contract_seller_attorney_email,Seller Attorney Email,ba1cd886-b9fe-4390-9836-98d490dea4af,9,379.45,724.53,190,12,9,false,false,false,false,LEAVE UNCHANGED,Normally single-line value (amount/date/name/address/code field).,false,,Low — no mask recommended.,LEAVE UNCHANGED,lines=0; cap=1; underlineDerived=false
42,NOTICE OF LANDLORD'S INTENT NOT TO RENEW,d534daf2-5f6f-4795-ba0b-498f77efe80d,txr_2217_delivery_certified_mail_no,TXR-2217 Delivery Certified Mail Number,ba2e1123-1197-4924-8c22-0a690062b876,1,276.4,645.4,299.6,14,9,false,false,false,false,LEAVE UNCHANGED,Normally single-line value (amount/date/name/address/code field).,false,,Low — no mask recommended.,LEAVE UNCHANGED,lines=0; cap=1; underlineDerived=false
11,One to Four Residential,d1616f69-586d-4732-a7a0-665f46fda132,CONTRACT_INTERMEDIARY_BROKERAGE_NAME,Intermediary Brokerage Name,ba3ba11b-3ef7-4d98-b8e5-f90f7d624c9d,11,51.17,476.46,194.28,14.06,9,false,false,false,false,LEAVE UNCHANGED,Normally single-line value (amount/date/name/address/code field).,false,,Low — no mask recommended.,LEAVE UNCHANGED,lines=0; cap=1; underlineDerived=false
20,Residential Condominium Contract (Resale),b5e63034-df99-47fe-a303-8395d8e67bc4,CONTRACT_SELLER_BROKERAGE_NAME,Seller Brokerage Name,ba4d7419-f8d2-4e40-a3ad-458abd44fcb7,9,50.8,134.6,235.1,14,,false,false,false,false,LEAVE UNCHANGED,Normally single-line value (amount/date/name/address/code field).,false,,Low — no mask recommended.,LEAVE UNCHANGED,lines=1; cap=1; underlineDerived=false
3,IABS,75304011-cf0e-4d68-9df8-539f833d836e,BROKER_PHONE,Broker Phone,ba5ffe09-a7be-4294-a3a3-69ec8c53041c,1,481.6,643.2,110.4,19.2,10,false,false,false,false,LEAVE UNCHANGED,Normally single-line value (amount/date/name/address/code field).,false,,Low — no mask recommended.,LEAVE UNCHANGED,lines=0; cap=1; underlineDerived=false
11,One to Four Residential,dc68b037-4f8e-4425-8dc7-6d734b677897,CONTRACT_INTERMEDIARY_BUYER_ASSOCIATE_LICENSE_NUMBER,Intermediary Buyer Associate License Number,bb7f8a3a-c50c-49ee-8751-ed38a1f6d17b,11,426.4,654.4,125,14,9,false,false,false,false,LEAVE UNCHANGED,Normally single-line value (amount/date/name/address/code field).,false,,Low — no mask recommended.,LEAVE UNCHANGED,lines=1; cap=1; underlineDerived=false
20,Residential Condominium Contract (Resale),f13acc7d-8874-4802-b523-8a8439537a7c,contract_intermediary_seller_associate_license_number,Intermediary Seller Associate License Number,bba05da6-8a91-4a47-af1d-306055320ab8,9,421.3,562,134.3,14,,false,false,false,false,LEAVE UNCHANGED,Normally single-line value (amount/date/name/address/code field).,false,,Low — no mask recommended.,LEAVE UNCHANGED,lines=1; cap=1; underlineDerived=false
16,Amendment to Lease Listing,f29a94d4-91da-4c5f-93fe-f6b9c32f2b99,broker_full_name,Broker Full Name,bbd03b8d-a0de-4740-9f7a-924123b1868f,1,39.82,613.34,196.99,12.82,9,false,false,false,false,LEAVE UNCHANGED,Normally single-line value (amount/date/name/address/code field).,false,,Low — no mask recommended.,LEAVE UNCHANGED,lines=0; cap=1; underlineDerived=false
20,Residential Condominium Contract (Resale),800a48f4-2fcd-42ae-ab9f-5224641e0f80,CONTRACT_BUYER_ASSOCIATE_PHONE,Buyer Associate Phone,bbd352db-36ca-4663-a385-cc79f188f0da,9,167.3,365.7,144.5,14,,false,false,false,false,LEAVE UNCHANGED,Normally single-line value (amount/date/name/address/code field).,false,,Low — no mask recommended.,LEAVE UNCHANGED,lines=1; cap=1; underlineDerived=false
37,FARM AND RANCH CONTRACT,980830bf-8d4d-4bbe-8f4d-026453594617,property_county,Property County,bbe2ca10-8f2f-43f9-b912-0f31e2a296b4,1,364.3,117.94,120,12,9,false,false,false,false,LEAVE UNCHANGED,Normally single-line value (amount/date/name/address/code field).,false,,Low — no mask recommended.,LEAVE UNCHANGED,lines=0; cap=1; underlineDerived=false
24,Condominium Addendum to Listing,9e2d6525-3f8c-46db-a306-49e7ac5c7051,PROPERTY_FULL_ADDRESS,Property Full Address,bbee33b5-fe48-4fbf-a7aa-5b7a0fb5311e,1,92,166,428,14,9,false,false,false,false,LEAVE UNCHANGED,Normally single-line value (amount/date/name/address/code field).,false,,Low — no mask recommended.,LEAVE UNCHANGED,lines=0; cap=1; underlineDerived=false
37,FARM AND RANCH CONTRACT,1f6d3787-a26d-41a8-bca1-0e3c12aa01da,CONTRACT_SELLER_ASSOCIATE_NAME,Seller Associate Name,bc011058-514a-4384-838d-0e6d05d7ab3d,11,138.34,204.32,180,12,9,false,false,false,false,LEAVE UNCHANGED,Normally single-line value (amount/date/name/address/code field).,false,,Low — no mask recommended.,LEAVE UNCHANGED,lines=1; cap=1; underlineDerived=false
1,Buyer Rep Agreement,5d95c90f-3336-4f40-9949-106613ee21ed,brokerage_address,Brokerage Address,bc1fbff6-ca1f-45a8-ae06-8f0fc2dfdeed,1,122.89,275.06,452,12,10,false,false,false,false,LEAVE UNCHANGED,Normally single-line value (amount/date/name/address/code field).,false,,Low — no mask recommended.,LEAVE UNCHANGED,lines=0; cap=1; underlineDerived=false
29,"ADDENDUM FOR ""BACK-UP"" CONTRACT",9e2d6525-3f8c-46db-a306-49e7ac5c7051,PROPERTY_FULL_ADDRESS,Property Full Address,bc8ae565-818f-4841-9375-6bb79523db31,1,50,121.21,510,14,9,false,true,false,false,REVIEW REQUIRED,Narrative purpose but current height is ~1 line — dimension increase may be needed to cover the printed writing area.,true,Height 14pt ≈ 1 line(s). Expand only after confirming intended lined region on the PDF.,Enlarging may approach amount columns or following rows — review carefully.,REVIEW REQUIRED,lines=0; cap=1; underlineDerived=false
11,One to Four Residential,980830bf-8d4d-4bbe-8f4d-026453594617,property_county,Property County,bd169f53-c3dd-4e6a-af6e-da57e989c87a,1,387.15,175.69,140.05,11.8,9,false,false,false,false,LEAVE UNCHANGED,Normally single-line value (amount/date/name/address/code field).,false,,Low — no mask recommended.,LEAVE UNCHANGED,lines=2; cap=1; underlineDerived=false
38,FARM AND RANCH REAL ESTATE LISTING AGREEMENT - EXCLUSIVE RIGHT TO SELL,5ed7cc9f-622f-4c91-b5b7-5b8aa0e0585c,PROTECTION_PERIOD_DAYS,Protection Period Days,bd1d0410-61ec-4b83-a3ae-24431ac3f772,5,365.8,314.7,66.2,14,9,false,false,false,false,LEAVE UNCHANGED,Normally single-line value (amount/date/name/address/code field).,false,,Low — no mask recommended.,LEAVE UNCHANGED,lines=0; cap=1; underlineDerived=false
35,ANIMAL AGREEMENT,36959231-de00-4051-ab88-112199759c0c,txr_2004_animal_3_name,TXR-2004 Animal 3 Name,bd7865e4-65ae-4687-93d5-35d22c0486e1,1,433.47,457.43,140,14,9,false,false,false,false,LEAVE UNCHANGED,Normally single-line value (amount/date/name/address/code field).,false,,Low — no mask recommended.,LEAVE UNCHANGED,lines=0; cap=1; underlineDerived=false
11,One to Four Residential,5e474cf8-e3b9-40ae-8301-d79fad1692ab,CONTRACT_BUYER_ASSOCIATE_EMAIL,Buyer Associate Email,be385bd2-e279-4121-a45f-5149af045287,11,150.13,354.54,240,14,9,false,false,false,false,LEAVE UNCHANGED,Normally single-line value (amount/date/name/address/code field).,false,,Low — no mask recommended.,LEAVE UNCHANGED,lines=1; cap=1; underlineDerived=false
20,Residential Condominium Contract (Resale),92b8cdbd-479b-44ea-8bfd-1a98d823429d,CONTRACT_SELLER_EXPENSE_CONTRIBUTION_AMOUNT,Seller Expense Contribution Amount,bea7de18-c851-4836-ba58-869c8aff8468,5,251,519.3,84.5,14,,false,false,false,false,LEAVE UNCHANGED,Normally single-line value (amount/date/name/address/code field).,false,,Low — no mask recommended.,LEAVE UNCHANGED,lines=1; cap=1; underlineDerived=false
15,Residential Lease Listing,2332dd93-1a68-45d2-b2cd-37bc92ea290c,lease_term_min_months,Lease Term Min Months,bec56b2d-cb80-4ab2-a9ad-9353599d5586,1,227.07,638.88,55,14,9,false,false,false,false,LEAVE UNCHANGED,Normally single-line value (amount/date/name/address/code field).,false,,Low — no mask recommended.,LEAVE UNCHANGED,lines=0; cap=1; underlineDerived=false
17,Third Party Financing Addendum,5a07d2fc-c317-496c-9c0e-7327f814eeda,txr_1901_excluding,Excluding,bef7f45e-3278-4f0b-ad7f-58e6f70e61af,1,389.79,286.86,87.2,10.77,9,false,false,false,false,LEAVE UNCHANGED,Appears to be a normal single-line value placement.,false,,Low — no mask recommended.,LEAVE UNCHANGED,lines=0; cap=1; underlineDerived=false
37,FARM AND RANCH CONTRACT,006241d7-eda1-461f-b8e2-bcd609b18556,txr_1701_surface_terminate_days,Surface Lease Termination Days,bf57bdb9-0665-4032-9bf1-87aedd55e6ac,2,448.23,240.57,32.72,12.19,9,false,false,false,false,LEAVE UNCHANGED,Normally single-line value (amount/date/name/address/code field).,false,,Low — no mask recommended.,LEAVE UNCHANGED,lines=0; cap=1; underlineDerived=false
37,FARM AND RANCH CONTRACT,9e2d6525-3f8c-46db-a306-49e7ac5c7051,PROPERTY_FULL_ADDRESS,Property Full Address,bf5901fc-ff8b-4297-ba2a-7dd54176465c,5,121.21,28.45,322.68,13.47,9,false,false,false,false,LEAVE UNCHANGED,Normally single-line value (amount/date/name/address/code field).,false,,Low — no mask recommended.,LEAVE UNCHANGED,lines=1; cap=1; underlineDerived=false
11,One to Four Residential,29670cf7-32c9-4945-8abb-d56d7d8fe79e,CONTRACT_BUYER_ASSOCIATE_NAME,Buyer Associate Name,c013e5ab-5545-43fd-ad3b-b4772a891c51,11,151.03,325.94,240,14,9,false,false,false,false,LEAVE UNCHANGED,Normally single-line value (amount/date/name/address/code field).,false,,Low — no mask recommended.,LEAVE UNCHANGED,lines=1; cap=1; underlineDerived=false
11,One to Four Residential,3698d278-52b8-4039-8345-f766f81ed826,CONTRACT_INTERMEDIARY_BUYER_ASSOCIATE_NAME,Intermediary Buyer Associate Name,c01c6d47-f1d4-4351-812c-a80a5d27f1ae,11,204.4,612,230,14,9,false,false,false,false,LEAVE UNCHANGED,Normally single-line value (amount/date/name/address/code field).,false,,Low — no mask recommended.,LEAVE UNCHANGED,lines=1; cap=1; underlineDerived=false
7,Listing Agreement,f134b9a5-1a04-4fc5-8bf7-34c7b9edf4db,seller_phone,Seller Phone,c02bec48-c1ed-453b-81a5-f9e56e4a3d67,1,109.16,218.88,218.11,12.19,9,false,true,false,false,REVIEW REQUIRED,Narrative purpose but current height is ~1 line — dimension increase may be needed to cover the printed writing area.,true,Height 12.19pt ≈ 1 line(s). Expand only after confirming intended lined region on the PDF.,Enlarging may approach amount columns or following rows — review carefully.,REVIEW REQUIRED,lines=0; cap=1; underlineDerived=false
15,Residential Lease Listing,7c3a1be2-6965-4df4-87f1-3d3d297a318c,lease_no_coop_other,Lease No Coop Other,c0362dc6-6578-43d7-92fa-abd54161c8d5,2,122.95,553.11,455,14,9,false,false,false,false,LEAVE UNCHANGED,Appears to be a normal single-line value placement.,false,,Low — no mask recommended.,LEAVE UNCHANGED,lines=0; cap=1; underlineDerived=false
47,RESIDENTIAL LEASING AND PROPERTY MANAGEMENT AGREEMENT,83a2e473-13f5-4bf9-89fe-2120b591b857,AGENT_LICENSE_NUMBER,Agent License Number,c0699166-8ca0-4bcf-b4fa-682b70b5ce27,13,228,349.5,60,14,9,false,false,false,false,LEAVE UNCHANGED,Normally single-line value (amount/date/name/address/code field).,false,,Low — no mask recommended.,LEAVE UNCHANGED,lines=0; cap=1; underlineDerived=false
34,AMENDMENT TO FARM AND RANCH LISTING - EXCLUSIVE RIGHT TO SELL,6427cd73-8d56-4112-9d18-ee3c45d947a5,BROKERAGE_NAME,Brokerage Name,c0a1224f-2cb9-4ab4-afe8-b70ce7ba03b2,1,28.83,603.4,199.51,14.11,9,false,false,false,false,LEAVE UNCHANGED,Normally single-line value (amount/date/name/address/code field).,false,,Low — no mask recommended.,LEAVE UNCHANGED,lines=0; cap=1; underlineDerived=false
40,NON-REALTY ITEMS ADDENDUM,9e2d6525-3f8c-46db-a306-49e7ac5c7051,PROPERTY_FULL_ADDRESS,Property Full Address,c0c71a95-f418-4924-95eb-3469f6661c76,1,34.6,132,540,14,9,false,false,false,false,LEAVE UNCHANGED,Normally single-line value (amount/date/name/address/code field).,false,,Low — no mask recommended.,LEAVE UNCHANGED,lines=0; cap=1; underlineDerived=false
37,FARM AND RANCH CONTRACT,92b8cdbd-479b-44ea-8bfd-1a98d823429d,CONTRACT_SELLER_EXPENSE_CONTRIBUTION_AMOUNT,Seller Expense Contribution Amount,c0da41c4-0c10-4c92-b9ba-fa540c7363dc,6,261.13,738.09,70,12,9,false,false,false,false,LEAVE UNCHANGED,Normally single-line value (amount/date/name/address/code field).,false,,Low — no mask recommended.,LEAVE UNCHANGED,lines=0; cap=1; underlineDerived=false
1,Buyer Rep Agreement,f6e3b3ee-3226-4db1-83e0-ece15ecc1dc0,buyer_rep_lease_all_rents_percent,Lease All Rents Percent,c0fba9a6-425c-4199-83ba-b5ef44671bdd,2,316.68,235.4,40,12,10,false,false,false,false,LEAVE UNCHANGED,Appears to be a normal single-line value placement.,false,,Low — no mask recommended.,LEAVE UNCHANGED,lines=0; cap=1; underlineDerived=false
37,FARM AND RANCH CONTRACT,0a47197a-3b0c-4124-994f-f36dea04a75d,contract_seller_contribution_amount,Seller Contribution Amount,c11bc605-554e-4b43-b804-93578a80d7f3,7,314.87,227.43,53.89,12.19,9,false,false,false,false,LEAVE UNCHANGED,Normally single-line value (amount/date/name/address/code field).,false,,Low — no mask recommended.,LEAVE UNCHANGED,lines=0; cap=1; underlineDerived=false
11,One to Four Residential,64058a51-f1cb-4ad6-b359-c17169b3730f,contract_intermediary_seller_supervisor_phone,Intermediary Seller Supervisor Phone,c14b8654-9ba1-4711-8ae9-5f72d8e17b18,11,238.96,594.43,120,14,9,false,false,false,false,LEAVE UNCHANGED,Normally single-line value (amount/date/name/address/code field).,false,,Low — no mask recommended.,LEAVE UNCHANGED,lines=1; cap=1; underlineDerived=false
11,One to Four Residential,f2b768de-9ebf-4957-9a3e-be09633f8b9a,CONTRACT_SELLER_SUPERVISOR_LICENSE_NUMBER,Seller Supervisor License Number,c1678f6b-964f-4090-832d-6a585a5ebd0b,11,424.61,254.3,120,14,9,false,false,false,false,LEAVE UNCHANGED,Normally single-line value (amount/date/name/address/code field).,false,,Low — no mask recommended.,LEAVE UNCHANGED,lines=1; cap=1; underlineDerived=false
17,Third Party Financing Addendum,371eed46-9dd1-4d41-8197-ee08c51cd631,txr_1901_not_to_exceed_2,Not To Exceed 2,c1aeed30-4527-4d9a-b6b8-4a6ca3f4781f,1,224.98,446.98,37.95,11.68,9,false,false,false,false,LEAVE UNCHANGED,Appears to be a normal single-line value placement.,false,,Low — no mask recommended.,LEAVE UNCHANGED,lines=0; cap=1; underlineDerived=false
38,FARM AND RANCH REAL ESTATE LISTING AGREEMENT - EXCLUSIVE RIGHT TO SELL,062cc399-475f-471e-a23e-cc4156c7a531,KNOWN_DISTRICTS,Known Districts,c1c90368-15b1-4e9b-9461-abb18c6755df,9,363.1,483.8,213,28,9,false,false,false,false,LEAVE UNCHANGED,Normally single-line value (amount/date/name/address/code field).,false,,Low — no mask recommended.,LEAVE UNCHANGED,lines=0; cap=2; underlineDerived=false
38,FARM AND RANCH REAL ESTATE LISTING AGREEMENT - EXCLUSIVE RIGHT TO SELL,731ea151-77d8-429a-9ca7-99d7d318f37c,LISTING_AGREEMENT_CONCERNING,Listing Agreement Concerning,c1ea956c-b2de-4d98-aa88-3b9af1d46d0b,2,180.6,26.2,395.5,14,9,false,false,false,false,LEAVE UNCHANGED,Normally single-line value (amount/date/name/address/code field).,false,,Low — no mask recommended.,LEAVE UNCHANGED,lines=0; cap=1; underlineDerived=false
18,Residential Lease,21e1c6a1-7167-4514-85b1-028651588ec2,txr_2001_prorated_rent_due_date,Prorated rent due date,c20c5d93-3b4e-41fd-b0af-cd7f588b00ba,1,435.58,599.21,80,16,9,false,false,false,false,LEAVE UNCHANGED,Normally single-line value (amount/date/name/address/code field).,false,,Low — no mask recommended.,LEAVE UNCHANGED,lines=0; cap=1; underlineDerived=false
11,One to Four Residential,800a48f4-2fcd-42ae-ab9f-5224641e0f80,CONTRACT_BUYER_ASSOCIATE_PHONE,Buyer Associate Phone,c213eee0-88eb-4ab6-8e2a-4f083ba93b0b,11,171.03,368.59,120,14,9,false,false,false,false,LEAVE UNCHANGED,Normally single-line value (amount/date/name/address/code field).,false,,Low — no mask recommended.,LEAVE UNCHANGED,lines=1; cap=1; underlineDerived=false
15,Residential Lease Listing,c01e9d60-2a36-45f1-8ce6-6b26ac09cbb0,landlord_email,Landlord Email,c2a5ca46-d6c3-47a3-b908-212fead8302f,1,112.95,213.36,250,14,9,false,false,false,false,LEAVE UNCHANGED,Normally single-line value (amount/date/name/address/code field).,false,,Low — no mask recommended.,LEAVE UNCHANGED,lines=0; cap=1; underlineDerived=false
25,Condominium Resale Certificate,58f07f50-7c3f-48ad-9c31-b338398af0c7,condo_resale_transfer_fee_description_1,Transfer Fee Description 1,c2bfc387-bce2-48eb-8c50-a34a26ce0cdc,2,70,158,138,14,9,false,true,false,false,REVIEW REQUIRED,Narrative purpose but current height is ~1 line — dimension increase may be needed to cover the printed writing area.,true,Height 14pt ≈ 1 line(s). Expand only after confirming intended lined region on the PDF.,Enlarging may approach amount columns or following rows — review carefully.,REVIEW REQUIRED,lines=0; cap=1; underlineDerived=false
47,RESIDENTIAL LEASING AND PROPERTY MANAGEMENT AGREEMENT,3907ac79-f995-4935-a72f-75956b6e5eb8,txr_2201_renewal_fee_flat_amount,Renewal Fee Flat Amount,c3201102-2578-4262-a63d-8de2b8f71318,2,115.1,426,85,14,9,false,false,false,false,LEAVE UNCHANGED,Normally single-line value (amount/date/name/address/code field).,false,,Low — no mask recommended.,LEAVE UNCHANGED,lines=0; cap=1; underlineDerived=false
15,Residential Lease Listing,71aca245-1ffe-4306-8f1a-735315e8e296,LEASE_LISTING_CONCERNING,Lease Listing Concerning,c372d3f1-2f1a-4278-8c44-49d635610502,3,200,32,320,14,9,false,false,false,false,LEAVE UNCHANGED,Appears to be a normal single-line value placement.,false,,Low — no mask recommended.,LEAVE UNCHANGED,lines=0; cap=1; underlineDerived=false
44,NOTICE TO PURCHASER OF SPECIAL TAXING OR ASSESSMENT DISTRICT,9e2d6525-3f8c-46db-a306-49e7ac5c7051,PROPERTY_FULL_ADDRESS,Property Full Address,c37b2ec5-c331-4b3f-b108-deabda2481c8,2,33.4,44,548,14,9,false,false,false,false,LEAVE UNCHANGED,Normally single-line value (amount/date/name/address/code field).,false,,Low — no mask recommended.,LEAVE UNCHANGED,lines=1; cap=1; underlineDerived=true
38,FARM AND RANCH REAL ESTATE LISTING AGREEMENT - EXCLUSIVE RIGHT TO SELL,4e793615-0774-4a17-b7a0-4c9fe05bb494,listing_broker_no_coop_percent,Listing Broker Fee Without Other Broker Percent,c3f7ed27-79fa-4d18-928b-dd63592ce796,3,124.6,588.5,55.4,14,9,false,false,false,false,LEAVE UNCHANGED,Normally single-line value (amount/date/name/address/code field).,false,,Low — no mask recommended.,LEAVE UNCHANGED,lines=0; cap=1; underlineDerived=false
47,RESIDENTIAL LEASING AND PROPERTY MANAGEMENT AGREEMENT,a64d5bc7-b9fb-4c2a-a1b8-e80bfb0eae58,txr_2201_emergency_contact_email,Emergency Contact Email,c40c2dd6-162b-4aa5-866f-fe2ef8b09c3e,7,434.3,575.8,140.7,14,9,false,false,false,false,LEAVE UNCHANGED,Normally single-line value (amount/date/name/address/code field).,false,,Low — no mask recommended.,LEAVE UNCHANGED,lines=0; cap=1; underlineDerived=false
20,Residential Condominium Contract (Resale),e37be25c-0504-4b90-8c93-cd6dd06aab53,CONTRACT_BUYER_SUPERVISOR_PHONE,Buyer Supervisor Phone,c4291e0c-77ff-446f-9d9a-1b20f8c53ef3,9,220,394.5,145.8,14,,false,false,false,false,LEAVE UNCHANGED,Normally single-line value (amount/date/name/address/code field).,false,,Low — no mask recommended.,LEAVE UNCHANGED,lines=1; cap=1; underlineDerived=false
35,ANIMAL AGREEMENT,cc7c06cb-82dd-4a14-9594-238f69d2dfce,txr_2004_nonrefundable_fee_due_date,TXR-2004 B(3) Nonrefundable Fee Due Date,c449b87b-a87a-47f6-a797-476a11a982e6,2,479.51,228,90.45,13.47,9,false,false,false,false,LEAVE UNCHANGED,Normally single-line value (amount/date/name/address/code field).,false,,Low — no mask recommended.,LEAVE UNCHANGED,lines=0; cap=1; underlineDerived=false
33,AMENDMENT TO BUYER/TENANT REPRESENTATION AGREEMENT,a98b7ca6-dc95-4d26-b9e0-0e26627e9ab4,txr_1505_paragraph_numbers,TXR-1505 G Paragraph Numbers,c4513761-20dd-46da-86ff-c5c052092f1c,1,144.75,529,73.77,11.55,9,false,true,false,false,REVIEW REQUIRED,Narrative purpose but current height is ~1 line — dimension increase may be needed to cover the printed writing area.,true,Height 11.55pt ≈ 1 line(s). Expand only after confirming intended lined region on the PDF.,Enlarging may approach amount columns or following rows — review carefully.,REVIEW REQUIRED,lines=0; cap=1; underlineDerived=false
37,FARM AND RANCH CONTRACT,99c01d73-154b-47b3-ad3d-a5dc365e50e7,txr_1701_survey_adjustment_price_per_acre,Survey Adjustment Price Per Acre,c4a66058-ed69-4c42-8082-187f1316b4cb,1,468.87,614.04,49.4,12.19,9,false,false,false,false,LEAVE UNCHANGED,Normally single-line value (amount/date/name/address/code field).,false,,Low — no mask recommended.,LEAVE UNCHANGED,lines=0; cap=1; underlineDerived=false
3,IABS,9cceca93-8dd1-4d04-bbbf-3116bb31f514,BROKER_EMAIL,Broker Email,c4b27b6c-1528-42f0-a056-50e93dfe9377,1,297.6,642.4,150,18,10,false,false,false,false,LEAVE UNCHANGED,Normally single-line value (amount/date/name/address/code field).,false,,Low — no mask recommended.,LEAVE UNCHANGED,lines=0; cap=1; underlineDerived=false
38,FARM AND RANCH REAL ESTATE LISTING AGREEMENT - EXCLUSIVE RIGHT TO SELL,0a2ce68f-e439-41a2-afd8-ea5867885492,txr_1201_res_easements_retained_by_seller,TXR-1201 Reservations easements Retained by Seller,c4bdd599-ae81-48f2-92a3-01edf664f4c0,2,360.9,482.7,215.2,24,9,false,false,false,false,LEAVE UNCHANGED,Normally single-line value (amount/date/name/address/code field).,false,,Low — no mask recommended.,LEAVE UNCHANGED,lines=0; cap=2; underlineDerived=false
20,Residential Condominium Contract (Resale),a68f94bb-1c06-4b40-b54f-9889c945e80f,property_concerning_full_address,Contract Concerning Property Address,c4d72ec2-7938-4143-9329-c8ef1ef0b99c,9,120.1,31.6,295.4,14,,false,false,false,false,LEAVE UNCHANGED,Normally single-line value (amount/date/name/address/code field).,false,,Low — no mask recommended.,LEAVE UNCHANGED,lines=1; cap=1; underlineDerived=false
37,FARM AND RANCH CONTRACT,935d93e7-ae26-4ea6-a9cb-226ddc23170f,contract_buyer_team_name,Buyer Team Name,c4d9e0ba-6986-4e8c-ab9f-3ce7eaaa5367,11,111.67,323.25,180,12,9,false,false,false,false,LEAVE UNCHANGED,Normally single-line value (amount/date/name/address/code field).,false,,Low — no mask recommended.,LEAVE UNCHANGED,lines=2; cap=1; underlineDerived=false
31,ADDENDUM REGARDING FIXTURE LEASES,cc209da0-62c2-443f-9b47-dc8d9ac831ec,txr_1954_assume_other_lease_description,TXR-1954 Other Assumed Lease Description,c51713bc-0425-4878-9eae-83bd33e11649,1,103.34,249.49,200,14,9,false,true,false,false,REVIEW REQUIRED,Narrative purpose but current height is ~1 line — dimension increase may be needed to cover the printed writing area.,true,Height 14pt ≈ 1 line(s). Expand only after confirming intended lined region on the PDF.,Enlarging may approach amount columns or following rows — review carefully.,REVIEW REQUIRED,lines=0; cap=1; underlineDerived=false
30,ADDENDUM FOR SALE OF OTHER PROPERTY BY BUYER,f69d76d5-9af6-4b9c-86d2-512d563a7860,txr_1908_waiver_days_after_notice,TXR-1908 Waiver Days After Seller Notice,c54302fe-b824-45b0-ae01-fdb5a77b96d4,1,146.25,332.92,88.53,12.19,9,false,true,false,false,REVIEW REQUIRED,Narrative purpose but current height is ~1 line — dimension increase may be needed to cover the printed writing area.,true,Height 12.19pt ≈ 1 line(s). Expand only after confirming intended lined region on the PDF.,Enlarging may approach amount columns or following rows — review carefully.,REVIEW REQUIRED,lines=0; cap=1; underlineDerived=false
33,AMENDMENT TO BUYER/TENANT REPRESENTATION AGREEMENT,171a18fc-0e22-4af7-bda2-6bca5616478a,txr_1505_agreement_date,TXR-1505 Original Agreement Date,c566c372-1073-4bfb-b23d-cfb44f8c4b1f,1,95,118,99.43,13.47,9,false,false,false,false,LEAVE UNCHANGED,Normally single-line value (amount/date/name/address/code field).,false,,Low — no mask recommended.,LEAVE UNCHANGED,lines=0; cap=1; underlineDerived=false
48,SELLER'S TEMPORARY RESIDENTIAL LEASE,c58b3c21-6864-4cf0-ba78-91749e2690ec,txr_1910_special_provisions,TXR-1910 Special Provisions,c587597d-5840-4c40-9df5-861a308bbc94,1,52,485.6,518,124,9,false,true,false,true,HIGH CONFIDENCE,Narrative multi-line area (~11 lines). Preprinted writing lines/underlines indicated in placement (geometry hits=4).,false,,"White mask must stay inside the placement box so adjacent amount columns, row labels, and borders remain visible.",HIGH CONFIDENCE,lines=4; cap=11; underlineDerived=false
37,FARM AND RANCH CONTRACT,3989abe8-f184-4cde-b216-8d1764778505,contract_buyer_contribution_percent,Buyer Contribution Percent,c58d3ce3-a82d-4e43-b9c5-48a50a9e7445,7,407,254,45,12,9,false,false,false,false,LEAVE UNCHANGED,Normally single-line value (amount/date/name/address/code field).,false,,Low — no mask recommended.,LEAVE UNCHANGED,lines=1; cap=1; underlineDerived=false
20,Residential Condominium Contract (Resale),e6ee81ce-121c-472e-a26f-638769fa118e,CONTRACT_SELLER_AGENT_NOTICE_ADDRESS,Seller Agent Notice Address,c59b97dd-3079-4600-8fc4-267b524fc509,7,372.2,274.3,171.5,14,,false,false,false,false,LEAVE UNCHANGED,Normally single-line value (amount/date/name/address/code field).,false,,Low — no mask recommended.,LEAVE UNCHANGED,lines=1; cap=1; underlineDerived=false
18,Residential Lease,39da55e6-121d-40a7-b573-d3909c48ba06,txr_2001_property_manager_phone,Property manager phone,c59d1c05-c815-4853-b48b-91734daaaf6f,15,506,665,70,16,9,false,false,false,false,LEAVE UNCHANGED,Normally single-line value (amount/date/name/address/code field).,false,,Low — no mask recommended.,LEAVE UNCHANGED,lines=0; cap=1; underlineDerived=false
20,Residential Condominium Contract (Resale),98a1e6f6-645a-46fb-b19f-ab581c998f80,contract_intermediary_seller_team_name,Intermediary Seller Team Name,c5c06e5d-9aa5-4c2a-b9a6-7bf7d736efff,9,137.2,533.1,240,14,,false,false,false,false,LEAVE UNCHANGED,Normally single-line value (amount/date/name/address/code field).,false,,Low — no mask recommended.,LEAVE UNCHANGED,lines=1; cap=1; underlineDerived=false
7,Listing Agreement,6e21158b-ffce-47b7-b45f-bb02c17021e3,brokerage_email,Brokerage Email,c62939fd-cd62-499f-8b45-728992c41078,1,124.66,300.1,149.79,12.31,10,false,false,false,false,LEAVE UNCHANGED,Normally single-line value (amount/date/name/address/code field).,false,,Low — no mask recommended.,LEAVE UNCHANGED,lines=0; cap=1; underlineDerived=false
25,Condominium Resale Certificate,a8b2d7fa-9d3e-49de-98f7-a8ca49a32e87,condo_resale_leasehold_remaining_term,Leasehold Remaining Term,c64927f6-4b71-4394-bb8a-a671085aad2e,1,452,569,100,12,9,false,false,false,false,LEAVE UNCHANGED,Normally single-line value (amount/date/name/address/code field).,false,,Low — no mask recommended.,LEAVE UNCHANGED,lines=0; cap=1; underlineDerived=false
11,One to Four Residential,f13acc7d-8874-4802-b523-8a8439537a7c,contract_intermediary_seller_associate_license_number,Intermediary Seller Associate License Number,c699ad4d-22c6-4d7e-a2c3-0ed75a0c37c6,11,428.54,565.33,120,14,9,false,false,false,false,LEAVE UNCHANGED,Normally single-line value (amount/date/name/address/code field).,false,,Low — no mask recommended.,LEAVE UNCHANGED,lines=1; cap=1; underlineDerived=false
20,Residential Condominium Contract (Resale),a8629468-ba85-48e6-9520-2171ecff300f,contract_seller_attorney_email,Seller Attorney Email,c786cf41-b9eb-4f03-acc0-5752211fb489,8,388,185.8,162.5,14,,false,false,false,false,LEAVE UNCHANGED,Normally single-line value (amount/date/name/address/code field).,false,,Low — no mask recommended.,LEAVE UNCHANGED,lines=1; cap=1; underlineDerived=false
11,One to Four Residential,68ab207d-d60c-4262-b96d-4135f8f8e639,contract_specific_repairs,Specific Repairs,c7896926-b224-445e-b4ec-e55973fa1c3f,5,77.06,93.43,495.25,11.55,9,false,true,false,false,REVIEW REQUIRED,Narrative purpose but current height is ~1 line — dimension increase may be needed to cover the printed writing area.,true,Height 11.55pt ≈ 1 line(s). Expand only after confirming intended lined region on the PDF.,Enlarging may approach amount columns or following rows — review carefully.,REVIEW REQUIRED,lines=1; cap=1; underlineDerived=false
18,Residential Lease,3bb3e232-ade7-468d-84ac-187c39adc461,txr_2001_additional_fee_custom_3_amount,Custom fee 3 amount,c79e56e8-da6f-42e6-8936-f6f52a1547ab,1,345.28,680.79,26.94,16.04,9,false,false,false,false,LEAVE UNCHANGED,Normally single-line value (amount/date/name/address/code field).,false,,Low — no mask recommended.,LEAVE UNCHANGED,lines=0; cap=1; underlineDerived=false
47,RESIDENTIAL LEASING AND PROPERTY MANAGEMENT AGREEMENT,c18f573a-8c72-43b1-8ef1-5341a7f66c3f,txr_2201_term_fee_if_not_leased,Termination Fee If Property Not Leased,c7ade9d3-cd03-44d5-817f-e6b18b6825bb,3,176.9,166.3,103.3,14,9,false,false,false,false,LEAVE UNCHANGED,Normally single-line value (amount/date/name/address/code field).,false,,Low — no mask recommended.,LEAVE UNCHANGED,lines=0; cap=1; underlineDerived=false
38,FARM AND RANCH REAL ESTATE LISTING AGREEMENT - EXCLUSIVE RIGHT TO SELL,5b8880d8-04de-4e56-ac0e-7ec5c0c70f3e,seller_name_1,Seller Name 1,c7b6e254-d01b-4ae8-a8c5-dfcc8344d0e5,1,90,157.5,486.1,14,9,false,false,false,false,LEAVE UNCHANGED,Normally single-line value (amount/date/name/address/code field).,false,,Low — no mask recommended.,LEAVE UNCHANGED,lines=0; cap=1; underlineDerived=false
47,RESIDENTIAL LEASING AND PROPERTY MANAGEMENT AGREEMENT,8a753509-2ea4-44b1-a360-2d49e3866197,txr_2201_mgmt_fee_minimum,Minimum Management Fee,c7cdff08-f866-4f72-b251-14725ce1bf9a,2,417.2,235.1,104.2,14,9,false,false,false,false,LEAVE UNCHANGED,Normally single-line value (amount/date/name/address/code field).,false,,Low — no mask recommended.,LEAVE UNCHANGED,lines=0; cap=1; underlineDerived=false
1,Buyer Rep Agreement,e0a0835e-6f9f-457f-9c61-93bdb0e951cd,buyer_rep_agreement_between,Buyer/Tenant Representation Agreement between,c841c187-87bb-4677-8df4-03a9b154af57,2,245.4,28.91,330,12,10,false,false,false,false,LEAVE UNCHANGED,Appears to be a normal single-line value placement.,false,,Low — no mask recommended.,LEAVE UNCHANGED,lines=0; cap=1; underlineDerived=false
11,One to Four Residential,98a1e6f6-645a-46fb-b19f-ab581c998f80,contract_intermediary_seller_team_name,Intermediary Seller Team Name,c86391d6-a8f7-41d6-b082-3286ef4aa171,11,137,537.27,240,14,9,false,false,false,false,LEAVE UNCHANGED,Normally single-line value (amount/date/name/address/code field).,false,,Low — no mask recommended.,LEAVE UNCHANGED,lines=1; cap=1; underlineDerived=false
47,RESIDENTIAL LEASING AND PROPERTY MANAGEMENT AGREEMENT,75119cd6-2643-497a-a055-c05ee92d75bb,txr_2201_owner_alt_phone,Owner Alternate Phone,c8c2731b-41a8-4ea3-8100-f7374274aba7,1,296,259,100,14,9,false,false,false,false,LEAVE UNCHANGED,Normally single-line value (amount/date/name/address/code field).,false,,Low — no mask recommended.,LEAVE UNCHANGED,lines=0; cap=1; underlineDerived=false
7,Listing Agreement,1c7ef2a8-0842-4a84-80ac-4e69a8ec2437,SCHEDULING_COMPANY,Scheduling Company,c90356e8-3c19-4e33-b217-5157e2c18231,5,271.84,474.5,300,14,9,false,true,false,false,REVIEW REQUIRED,Narrative purpose but current height is ~1 line — dimension increase may be needed to cover the printed writing area.,true,Height 14pt ≈ 1 line(s). Expand only after confirming intended lined region on the PDF.,Enlarging may approach amount columns or following rows — review carefully.,REVIEW REQUIRED,lines=0; cap=1; underlineDerived=false
47,RESIDENTIAL LEASING AND PROPERTY MANAGEMENT AGREEMENT,4fb8b53f-4b8f-4729-8fba-23168c179348,txr_2201_common_area_user_fees,Optional Common Area User Fees,c914e146-13b0-4236-a2b7-3a940831dabb,8,241.1,426.9,307.1,14,9,false,false,false,false,LEAVE UNCHANGED,Appears to be a normal single-line value placement.,false,,Low — no mask recommended.,LEAVE UNCHANGED,lines=0; cap=1; underlineDerived=false
47,RESIDENTIAL LEASING AND PROPERTY MANAGEMENT AGREEMENT,3ee5158f-abb0-4264-b650-f8fa059560a8,lease_health_safety_condition_exception,Lease Health Safety Condition Exception,c9efea1b-ff7f-4e35-b283-753226f64e3b,8,90.99,626.19,476,42.34,9,false,true,false,false,MEDIUM CONFIDENCE,Tall narrative box (~3 lines) without conclusive line geometry; multiline recommended; mask only after visual confirm of printed lines.,false,,Low — no mask recommended.,MEDIUM CONFIDENCE,lines=0; cap=3; underlineDerived=false
20,Residential Condominium Contract (Resale),9b1476c9-c080-4cba-ba90-083ffac3acc9,CONTRACT_SELLER_BROKERAGE_ADDRESS,Seller Brokerage Address,ca1e2bec-b757-4266-86a3-e475e998f346,9,104.3,149,365,14,,false,false,false,false,LEAVE UNCHANGED,Normally single-line value (amount/date/name/address/code field).,false,,Low — no mask recommended.,LEAVE UNCHANGED,lines=1; cap=1; underlineDerived=false
18,Residential Lease,4abcb414-7a54-4e9b-a987-d7d805b5ed63,txr_2001_addendum_custom_4_text,Custom addendum right,ca7cfee0-bb0b-4c42-bce8-c8ce2891f947,14,334.03,166.56,212,16,9,false,true,false,false,REVIEW REQUIRED,Narrative purpose but current height is ~1 line — dimension increase may be needed to cover the printed writing area.,true,Height 16pt ≈ 1 line(s). Expand only after confirming intended lined region on the PDF.,Enlarging may approach amount columns or following rows — review carefully.,REVIEW REQUIRED,lines=0; cap=1; underlineDerived=false
37,FARM AND RANCH CONTRACT,0b089625-f3b8-48f6-9447-a73f0c0618d3,contract_buyer_notice_phone,Buyer Notice Phone,ca97db55-42aa-4072-af4b-a08fe6696008,8,72,605,190,12,9,false,false,false,false,LEAVE UNCHANGED,Normally single-line value (amount/date/name/address/code field).,false,,Low — no mask recommended.,LEAVE UNCHANGED,lines=0; cap=1; underlineDerived=false
1,Buyer Rep Agreement,6427cd73-8d56-4112-9d18-ee3c45d947a5,BROKERAGE_NAME,Brokerage Name,caef4b25-8b23-4387-8367-f8327eb954ed,1,108.1,244.67,466.82,16.93,10,false,false,false,false,LEAVE UNCHANGED,Normally single-line value (amount/date/name/address/code field).,false,,Low — no mask recommended.,LEAVE UNCHANGED,lines=0; cap=1; underlineDerived=false
15,Residential Lease Listing,a92062be-4b38-4344-8818-7322bc84b789,lease_inventory_condition_form_days,Lease Inventory Condition Form Days,cb4ae84b-524a-49e4-9b29-dfe04157f3b1,10,337.71,128.57,60,14,9,false,true,false,false,REVIEW REQUIRED,Narrative purpose but current height is ~1 line — dimension increase may be needed to cover the printed writing area.,true,Height 14pt ≈ 1 line(s). Expand only after confirming intended lined region on the PDF.,Enlarging may approach amount columns or following rows — review carefully.,REVIEW REQUIRED,lines=0; cap=1; underlineDerived=false
47,RESIDENTIAL LEASING AND PROPERTY MANAGEMENT AGREEMENT,da4c270e-4dff-4f39-968a-4c2bdc4bbec0,txr_2201_maint_fee_percent,Maintenance Coordination Fee Percent,cb564666-812f-4813-96c1-71855d87e170,2,109,483.5,88,14,9,false,false,false,false,LEAVE UNCHANGED,Normally single-line value (amount/date/name/address/code field).,false,,Low — no mask recommended.,LEAVE UNCHANGED,lines=0; cap=1; underlineDerived=false
35,ANIMAL AGREEMENT,050ba5dc-933b-45ac-afa5-3643b16a092f,txr_2004_animal_3_color,TXR-2004 Animal 3 Color,cbed1f5e-45eb-436c-b441-79a86934cabc,1,98.86,473,89.81,14.11,9,false,false,false,false,LEAVE UNCHANGED,Normally single-line value (amount/date/name/address/code field).,false,,Low — no mask recommended.,LEAVE UNCHANGED,lines=0; cap=1; underlineDerived=false
44,NOTICE TO PURCHASER OF SPECIAL TAXING OR ASSESSMENT DISTRICT,16ab33f0-a611-4e63-af2d-d3b8c22db3a1,txr_1420_bonds_approved_other_description,TXR-1420 Bonds Approved Other Description,cbfacaa9-beeb-486a-afe8-4c80d44923f4,1,215.3,629.8,339.8,14,9,false,true,false,false,REVIEW REQUIRED,Narrative purpose but current height is ~1 line — dimension increase may be needed to cover the printed writing area.,true,Height 14pt ≈ 1 line(s). Expand only after confirming intended lined region on the PDF.,Enlarging may approach amount columns or following rows — review carefully.,REVIEW REQUIRED,lines=0; cap=1; underlineDerived=false
38,FARM AND RANCH REAL ESTATE LISTING AGREEMENT - EXCLUSIVE RIGHT TO SELL,731ea151-77d8-429a-9ca7-99d7d318f37c,LISTING_AGREEMENT_CONCERNING,Listing Agreement Concerning,cc1b687a-4970-4aa1-9edb-22f180aab61d,4,180.6,26.2,395.5,14,9,false,false,false,false,LEAVE UNCHANGED,Normally single-line value (amount/date/name/address/code field).,false,,Low — no mask recommended.,LEAVE UNCHANGED,lines=0; cap=1; underlineDerived=false
37,FARM AND RANCH CONTRACT,4e26b32b-9f6a-4eb0-b083-5ba2ab73497c,CONTRACT_SELLER_AGENT_NOTICE_EMAIL,Seller Agent Notice Email,ccdc5175-d917-420f-b46b-ea9771d73731,8,355,735,190,12,9,false,false,false,false,LEAVE UNCHANGED,Normally single-line value (amount/date/name/address/code field).,false,,Low — no mask recommended.,LEAVE UNCHANGED,lines=1; cap=1; underlineDerived=false
11,One to Four Residential,a4c5b6b6-10bb-4217-8de2-d72c3048cf85,PROPERTY_LOT,Property Lot,cce4c696-c1e2-4b70-b695-febf99478da8,1,128.53,160.59,62.07,13.85,9,false,false,false,false,LEAVE UNCHANGED,Normally single-line value (amount/date/name/address/code field).,false,,Low — no mask recommended.,LEAVE UNCHANGED,lines=0; cap=1; underlineDerived=false
20,Residential Condominium Contract (Resale),4892e7cf-cec6-44ff-8d09-968231ac07f1,seller_city_state_zip,"Seller City, State ZIP",cd5ef4ab-5b17-4a4b-b52f-5f38e1b1e93a,7,327.7,195.2,216,14,,false,false,false,false,LEAVE UNCHANGED,Normally single-line value (amount/date/name/address/code field).,false,,Low — no mask recommended.,LEAVE UNCHANGED,lines=1; cap=1; underlineDerived=false
7,Listing Agreement,fca33d6f-269d-4081-9d54-2c7e56783542,listing_compensation_other,Listing Compensation Other,cd690ad6-f37a-45fa-9205-3280edf2fb6c,2,123.05,338.8,180,14,9,false,true,false,false,REVIEW REQUIRED,Narrative purpose but current height is ~1 line — dimension increase may be needed to cover the printed writing area.,true,Height 14pt ≈ 1 line(s). Expand only after confirming intended lined region on the PDF.,Enlarging may approach amount columns or following rows — review carefully.,REVIEW REQUIRED,lines=0; cap=1; underlineDerived=false
15,Residential Lease Listing,d28f1c7c-e12d-48c5-8074-457fecaef55e,landlord_name_1,Landlord Name 1,cda30805-022b-4e2d-8182-f52daeaf2a21,1,102.95,148.25,390,14,9,false,false,false,false,LEAVE UNCHANGED,Normally single-line value (amount/date/name/address/code field).,false,,Low — no mask recommended.,LEAVE UNCHANGED,lines=0; cap=1; underlineDerived=false
33,AMENDMENT TO BUYER/TENANT REPRESENTATION AGREEMENT,83a2e473-13f5-4bf9-89fe-2120b591b857,AGENT_LICENSE_NUMBER,Agent License Number,cdb24c36-92d9-4e4d-aa33-4efaa9139d6f,1,222.91,680.53,100,14,9,false,false,false,false,LEAVE UNCHANGED,Normally single-line value (amount/date/name/address/code field).,false,,Low — no mask recommended.,LEAVE UNCHANGED,lines=0; cap=1; underlineDerived=false
48,SELLER'S TEMPORARY RESIDENTIAL LEASE,2d98b3e9-e212-4141-82fb-c619e806bf56,contract_buyer_names,Contract Buyer Names,cdd34b3b-1e0f-494e-83aa-e8dd877c320a,1,257,97.6,312,14,9,false,false,false,false,LEAVE UNCHANGED,Appears to be a normal single-line value placement.,false,,Low — no mask recommended.,LEAVE UNCHANGED,lines=1; cap=1; underlineDerived=false
13,Amendment to Listing Agreement,bf349f37-f7c9-415f-9fc3-8fa40f03c756,listing_amendment_unrepresented_buyer_fee_percent,Additional Fee if Buyer Unrepresented Percent,ce09de7e-7818-4751-bbf5-854f5611f18b,1,173.4,345.19,55,14,9,false,false,false,false,LEAVE UNCHANGED,Normally single-line value (amount/date/name/address/code field).,false,,Low — no mask recommended.,LEAVE UNCHANGED,lines=0; cap=1; underlineDerived=false
15,Residential Lease Listing,11856c50-0f42-4e6a-97fd-ae654c8d64a2,landlord_phone,Landlord Phone,ce410f01-9ea9-4c1a-9b0d-6c9597cd83b0,1,113.47,199.27,180,14,9,false,false,false,false,LEAVE UNCHANGED,Normally single-line value (amount/date/name/address/code field).,false,,Low — no mask recommended.,LEAVE UNCHANGED,lines=0; cap=1; underlineDerived=false
35,ANIMAL AGREEMENT,e2b52012-aafa-4492-9488-081bea117878,txr_2004_animal_2_gender,TXR-2004 Animal 2 Gender,ce708ee1-8c8d-4f14-a6fd-450f5d7d324d,1,479.17,424.64,80,14,9,false,false,false,false,LEAVE UNCHANGED,Normally single-line value (amount/date/name/address/code field).,false,,Low — no mask recommended.,LEAVE UNCHANGED,lines=0; cap=1; underlineDerived=false
44,NOTICE TO PURCHASER OF SPECIAL TAXING OR ASSESSMENT DISTRICT,50284cbf-3f3f-4f87-8222-d0b3154397a3,txr_1420_bonds_approved_other_amount,TXR-1420 Bonds Approved Other Amount,ce83f101-e0b0-40a2-9b8d-7a14e8c0d5e1,1,94.3,629.8,100.9,14,9,false,false,false,false,LEAVE UNCHANGED,Normally single-line value (amount/date/name/address/code field).,false,,Low — no mask recommended.,LEAVE UNCHANGED,lines=0; cap=1; underlineDerived=false
20,Residential Condominium Contract (Resale),dfac407d-bfcc-4be1-ac10-4f0cee50c3c8,CONTRACT_INTERMEDIARY_BUYER_SUPERVISOR_LICENSE_NUMBER,Intermediary Buyer Licensed Supervisor License Number,cf0c0e1d-1af9-43e6-bf96-218f1531a10c,9,422.6,677.5,133,14,,false,false,false,false,LEAVE UNCHANGED,Normally single-line value (amount/date/name/address/code field).,false,,Low — no mask recommended.,LEAVE UNCHANGED,lines=1; cap=1; underlineDerived=false
20,Residential Condominium Contract (Resale),29670cf7-32c9-4945-8abb-d56d7d8fe79e,CONTRACT_BUYER_ASSOCIATE_NAME,Buyer Associate Name,cf1d418d-e9ed-4657-af1d-67ada5057e3b,9,147.2,322.4,240,14,,false,false,false,false,LEAVE UNCHANGED,Normally single-line value (amount/date/name/address/code field).,false,,Low — no mask recommended.,LEAVE UNCHANGED,lines=1; cap=1; underlineDerived=false
37,FARM AND RANCH CONTRACT,b4cfd37f-98ec-4b44-95e5-a47ffce8dc9d,CONTRACT_SERVICE_CONTRACT_REIMBURSEMENT_AMOUNT,Service Contract Reimbursement Amount,cf3558a8-3fe2-45a3-b5c6-62c9f7245f40,5,380.17,533.02,70,12,9,false,false,false,false,LEAVE UNCHANGED,Normally single-line value (amount/date/name/address/code field).,false,,Low — no mask recommended.,LEAVE UNCHANGED,lines=0; cap=1; underlineDerived=false
20,Residential Condominium Contract (Resale),1ff64dc0-48bb-4c01-9840-2fbc9c377212,CONTRACT_SELLER_NAMES,Contract Seller Names,cf5974d4-d97e-41b2-92a9-b70b5a9dd978,1,286.2,73.4,225.7,14,,false,false,false,false,LEAVE UNCHANGED,Appears to be a normal single-line value placement.,false,,Low — no mask recommended.,LEAVE UNCHANGED,lines=1; cap=1; underlineDerived=false
25,Condominium Resale Certificate,27e50ce0-130e-4640-89d1-0e468e18434e,PROPERTY_ADDRESS,Property Address,d0457e60-f3cd-44d8-99a6-dce85e35e6a3,1,52,128,220,12,9,false,false,false,false,LEAVE UNCHANGED,Normally single-line value (amount/date/name/address/code field).,false,,Low — no mask recommended.,LEAVE UNCHANGED,lines=0; cap=1; underlineDerived=false
35,ANIMAL AGREEMENT,73c9ac09-2151-4a14-85af-f9b87c036c59,txr_2004_animal_2_breed,TXR-2004 Animal 2 Breed,d0521853-2906-4668-bf41-3637d1fb9b60,1,252.45,410.36,150,14,9,false,false,false,false,LEAVE UNCHANGED,Normally single-line value (amount/date/name/address/code field).,false,,Low — no mask recommended.,LEAVE UNCHANGED,lines=0; cap=1; underlineDerived=false
1,Buyer Rep Agreement,83a2e473-13f5-4bf9-89fe-2120b591b857,AGENT_LICENSE_NUMBER,Agent License Number,d08356e4-739b-46eb-a9cf-2215270b4e04,6,197.6,284.8,106.4,20,10,false,false,false,false,LEAVE UNCHANGED,Normally single-line value (amount/date/name/address/code field).,false,,Low — no mask recommended.,LEAVE UNCHANGED,lines=0; cap=1; underlineDerived=false
20,Residential Condominium Contract (Resale),a09cc606-6215-4cbb-97a8-8ad7e5813176,CONTRACT_INTERMEDIARY_BROKERAGE_ADDRESS,Intermediary Brokerage Address,d083cae0-9237-4de3-9466-bef15b7a7477,9,105.1,489.8,365,14,,false,false,false,false,LEAVE UNCHANGED,Normally single-line value (amount/date/name/address/code field).,false,,Low — no mask recommended.,LEAVE UNCHANGED,lines=1; cap=1; underlineDerived=false
50,TERMINATION OF LISTING,dd7c3852-42e6-4997-89a6-9ea6442f8574,txr_1410_fee_other_text,TXR-1410 Fee Other Text,d0969270-dda5-4022-95c5-528de3560796,1,90,407.6,486,26.8,9,false,false,false,false,LEAVE UNCHANGED,Normally single-line value (amount/date/name/address/code field).,false,,Low — no mask recommended.,LEAVE UNCHANGED,lines=0; cap=2; underlineDerived=false
47,RESIDENTIAL LEASING AND PROPERTY MANAGEMENT AGREEMENT,4ed130ce-286e-4ecc-a5df-3ae269bb051f,lease_term_max_months,Lease Term Max Months,d0c33b48-214e-4855-8b26-90ebca53d295,5,124.5,361.6,58.4,14,9,false,false,false,false,LEAVE UNCHANGED,Normally single-line value (amount/date/name/address/code field).,false,,Low — no mask recommended.,LEAVE UNCHANGED,lines=0; cap=1; underlineDerived=false
18,Residential Lease,0251991c-0b23-4929-a6b0-f8b8ab261326,txr_2001_tenant_names,Tenant names,d0c5c0d1-1290-4755-9410-9b3377d7d172,1,125.89,174.81,445.21,14.11,9,false,false,false,false,LEAVE UNCHANGED,Appears to be a normal single-line value placement.,false,,Low — no mask recommended.,LEAVE UNCHANGED,lines=0; cap=1; underlineDerived=false
7,Listing Agreement,d2140c59-111f-4630-9b6e-f583531ef61a,PROPERTY_STATE,Property State,d0e2da12-22b8-4aef-a790-121f0b4cef77,1,301.19,206.57,46.83,11.55,10,false,false,false,false,LEAVE UNCHANGED,Normally single-line value (amount/date/name/address/code field).,false,,Low — no mask recommended.,LEAVE UNCHANGED,lines=0; cap=1; underlineDerived=false
38,FARM AND RANCH REAL ESTATE LISTING AGREEMENT - EXCLUSIVE RIGHT TO SELL,fcab3283-e1f1-4d40-89d5-cd45101e0e27,txr_1201_res_royalties_retained_by_seller,TXR-1201 Reservations royalties Retained by Seller,d0f53e0e-e54c-45c0-9ae9-8f638c6d4479,2,360.9,410.2,215.2,24,9,false,false,false,false,LEAVE UNCHANGED,Normally single-line value (amount/date/name/address/code field).,false,,Low — no mask recommended.,LEAVE UNCHANGED,lines=0; cap=2; underlineDerived=false
37,FARM AND RANCH CONTRACT,e4d3b4f9-965b-4c38-bbcf-776c8758b55a,contract_title_objection_days,Title Objection Days,d1297402-244e-49b4-900a-0ad64708b9b3,3,368.81,415.25,32.72,13.47,9,false,false,false,false,LEAVE UNCHANGED,Normally single-line value (amount/date/name/address/code field).,false,,Low — no mask recommended.,LEAVE UNCHANGED,lines=2; cap=1; underlineDerived=false
9,Lead Based Paint Addendum,6fc10384-48ab-407c-9ad3-c35352aa4481,lead_paint_known_present_explanation,Explanation of known lead-based paint/hazards,d12a7f30-58c1-4ed1-8c1c-7ea692c7e93f,1,90.59,272.68,487.34,11.8,10,false,true,false,false,REVIEW REQUIRED,Narrative purpose but current height is ~1 line — dimension increase may be needed to cover the printed writing area.,true,Height 11.8pt ≈ 1 line(s). Expand only after confirming intended lined region on the PDF.,Enlarging may approach amount columns or following rows — review carefully.,REVIEW REQUIRED,lines=0; cap=1; underlineDerived=false
11,One to Four Residential,a68f94bb-1c06-4b40-b54f-9889c945e80f,property_concerning_full_address,Contract Concerning Property Address,d146576e-b620-46a4-bba9-7621722bfb38,3,145,31,320,14,9,false,false,false,false,LEAVE UNCHANGED,Normally single-line value (amount/date/name/address/code field).,false,,Low — no mask recommended.,LEAVE UNCHANGED,lines=1; cap=1; underlineDerived=false
44,NOTICE TO PURCHASER OF SPECIAL TAXING OR ASSESSMENT DISTRICT,be261def-a2f8-4359-bf05-cf6acd7e4074,txr_1420_location_corporate_municipality,TXR-1420 Location Corporate Municipality,d14a9aba-fd10-433e-964c-1cd35f7babf3,2,72.7,246.1,152,14,9,false,false,false,false,LEAVE UNCHANGED,Appears to be a normal single-line value placement.,false,,Low — no mask recommended.,LEAVE UNCHANGED,lines=0; cap=1; underlineDerived=false
13,Amendment to Listing Agreement,c8d3b4ef-9e93-44ef-bb49-50640bcd6d00,listing_amendment_fee_flat_fee,Broker Fee Flat Fee,d164fe30-7517-436d-a84e-4409081ad048,1,357.66,326.45,95,14,9,false,false,false,false,LEAVE UNCHANGED,Normally single-line value (amount/date/name/address/code field).,false,,Low — no mask recommended.,LEAVE UNCHANGED,lines=0; cap=1; underlineDerived=false
7,Listing Agreement,b08bb4a1-95ec-4824-92cc-36a3a0601e90,KNOWN_FINANCIAL_OBLIGATIONS_EXCEPTION,Known Financial Obligations Exception,d19f1150-8aeb-454a-980d-db6f1910835a,8,77.24,113.87,484.26,13.85,9,false,true,false,false,REVIEW REQUIRED,Narrative purpose but current height is ~1 line — dimension increase may be needed to cover the printed writing area.,true,Height 13.85pt ≈ 1 line(s). Expand only after confirming intended lined region on the PDF.,Enlarging may approach amount columns or following rows — review carefully.,REVIEW REQUIRED,lines=0; cap=1; underlineDerived=false
37,FARM AND RANCH CONTRACT,dd891458-968f-4ad3-8fb6-d090e0e815c5,contract_buyer_agent_notice_address,Buyer Agent Notice Address,d1dfa20d-053c-4406-8543-e6b8efdc241f,8,72,684,190,12,9,false,false,false,false,LEAVE UNCHANGED,Normally single-line value (amount/date/name/address/code field).,false,,Low — no mask recommended.,LEAVE UNCHANGED,lines=1; cap=1; underlineDerived=false
37,FARM AND RANCH CONTRACT,a09cc606-6215-4cbb-97a8-8ad7e5813176,CONTRACT_INTERMEDIARY_BROKERAGE_ADDRESS,Intermediary Brokerage Address,d1f7f252-af93-4f6f-b6f9-b3e2a870dd99,11,94.87,423.15,360,12,9,false,false,false,false,LEAVE UNCHANGED,Normally single-line value (amount/date/name/address/code field).,false,,Low — no mask recommended.,LEAVE UNCHANGED,lines=1; cap=1; underlineDerived=false
16,Amendment to Lease Listing,1d1e97bc-7c62-434a-bbfc-3a84bbbbdba3,lease_listing_amend_monthly_rent,Lease Listing Amend Monthly Rent,d30b3aa7-939c-4453-9904-84cc84a70fa4,1,205.31,234.2,90,14,9,false,false,false,false,LEAVE UNCHANGED,Normally single-line value (amount/date/name/address/code field).,false,,Low — no mask recommended.,LEAVE UNCHANGED,lines=0; cap=1; underlineDerived=false
15,Residential Lease Listing,0c09c53f-b46c-4288-8d71-fd65480c18a6,lease_other_broker_all_rents_percent,Lease Other Broker All Rents Percent,d364564b-4067-4a8f-be99-2696cae2acfe,2,123.98,335.23,55,14,9,false,false,false,false,LEAVE UNCHANGED,Appears to be a normal single-line value placement.,false,,Low — no mask recommended.,LEAVE UNCHANGED,lines=0; cap=1; underlineDerived=false
51,Itemization of Security Deposit,bde79236-cff2-44d1-809f-e879be6bc1ec,txr_2216_unauthorized_locks_amount,TXR-2216 Unauthorized Locks/Fixtures Amount,d392154e-f94b-497d-9755-95155b6a182e,2,474.5,92,101.5,14,9,false,false,false,false,LEAVE UNCHANGED,Normally single-line value (amount/date/name/address/code field).,false,,Low — no mask recommended.,LEAVE UNCHANGED,lines=0; cap=1; underlineDerived=true
11,One to Four Residential,b42f2091-5492-46d3-8c28-5fd714455bf3,CONTRACT_BUYER_BROKERAGE_NAME,Buyer Brokerage Name,d39f365f-86fb-44e1-9289-c8561f3c4500,11,51.11,279.7,237,13.85,9,false,false,false,false,LEAVE UNCHANGED,Normally single-line value (amount/date/name/address/code field).,false,,Low — no mask recommended.,LEAVE UNCHANGED,lines=0; cap=1; underlineDerived=false
51,Itemization of Security Deposit,1df4916a-41c2-4e28-8072-2238683e8d71,txr_2216_smoking_damages_amount,TXR-2216 Smoking Damages Amount,d3b498d4-546f-49c8-a67a-84f389ce05ca,2,474.5,528.5,101.5,14,9,false,false,false,false,LEAVE UNCHANGED,Normally single-line value (amount/date/name/address/code field).,false,,Low — no mask recommended.,LEAVE UNCHANGED,lines=0; cap=1; underlineDerived=true
47,RESIDENTIAL LEASING AND PROPERTY MANAGEMENT AGREEMENT,84ca0d44-dfae-4335-bc32-a96c5f8c779f,txr_2201_emergency_contact_address,Emergency Contact Address,d487f4d0-1826-4329-b617-a527a2873410,7,119.4,575.8,275.6,14,9,false,false,false,false,LEAVE UNCHANGED,Normally single-line value (amount/date/name/address/code field).,false,,Low — no mask recommended.,LEAVE UNCHANGED,lines=0; cap=1; underlineDerived=false
38,FARM AND RANCH REAL ESTATE LISTING AGREEMENT - EXCLUSIVE RIGHT TO SELL,1c776ce1-548d-4b43-8149-b43a50ca9dbe,txr_1201_lease_comp_other,TXR-1201 Lease Comp Other,d4e1ce6c-fcd8-4874-bb02-56e5cee10e67,4,108,473,468.1,66,9,false,false,false,false,LEAVE UNCHANGED,Normally single-line value (amount/date/name/address/code field).,false,,Low — no mask recommended.,LEAVE UNCHANGED,lines=0; cap=5; underlineDerived=false
47,RESIDENTIAL LEASING AND PROPERTY MANAGEMENT AGREEMENT,e3fdb374-ba3f-4073-ac75-ba8936e85307,landlord_address,Landlord Address,d4e31b15-0137-4b3d-ad04-fe3862288df7,1,119.4,246.3,455.6,14,9,false,false,false,false,LEAVE UNCHANGED,Normally single-line value (amount/date/name/address/code field).,false,,Low — no mask recommended.,LEAVE UNCHANGED,lines=0; cap=1; underlineDerived=false
28,ADDENDUM CONCERNING RIGHT TO TERMINATE DUE TO LENDER'S APPRAISAL,9e2d6525-3f8c-46db-a306-49e7ac5c7051,PROPERTY_FULL_ADDRESS,Property Full Address,d5059a85-ed68-4a1d-8350-722b6206ec27,1,225,126,353,16,9,false,true,false,false,REVIEW REQUIRED,Narrative purpose but current height is ~1 line — dimension increase may be needed to cover the printed writing area.,true,Height 16pt ≈ 1 line(s). Expand only after confirming intended lined region on the PDF.,Enlarging may approach amount columns or following rows — review carefully.,REVIEW REQUIRED,lines=0; cap=1; underlineDerived=false
15,Residential Lease Listing,83a2e473-13f5-4bf9-89fe-2120b591b857,AGENT_LICENSE_NUMBER,Agent License Number,d538e177-a04b-432b-9ec2-55485ec50e0a,11,235.32,627.27,66.18,13.85,9,false,false,false,false,LEAVE UNCHANGED,Normally single-line value (amount/date/name/address/code field).,false,,Low — no mask recommended.,LEAVE UNCHANGED,lines=0; cap=1; underlineDerived=false
47,RESIDENTIAL LEASING AND PROPERTY MANAGEMENT AGREEMENT,262f0915-d18e-4cb5-a006-532844c74a50,txr_2201_casualty_fee_amount,Casualty Coordination Fee Amount,d5431310-a5f6-4767-99fc-8a755b25ff84,2,151.1,618,63.9,14,9,false,false,false,false,LEAVE UNCHANGED,Normally single-line value (amount/date/name/address/code field).,false,,Low — no mask recommended.,LEAVE UNCHANGED,lines=0; cap=1; underlineDerived=false
11,One to Four Residential,7ba8b395-4cd6-4dfa-b306-4ea1234bf283,PROPERTY_BLOCK,Property Block,d56b344c-2ec2-4489-bb6f-75be919fcfd2,1,223.85,160.59,70,14,9,false,false,false,false,LEAVE UNCHANGED,Normally single-line value (amount/date/name/address/code field).,false,,Low — no mask recommended.,LEAVE UNCHANGED,lines=0; cap=1; underlineDerived=false
37,FARM AND RANCH CONTRACT,9e2d6525-3f8c-46db-a306-49e7ac5c7051,PROPERTY_FULL_ADDRESS,Property Full Address,d6087eac-51c9-4674-9379-54509cc3b970,9,122.49,29.1,327.81,13.47,9,false,false,false,false,LEAVE UNCHANGED,Normally single-line value (amount/date/name/address/code field).,false,,Low — no mask recommended.,LEAVE UNCHANGED,lines=1; cap=1; underlineDerived=false
15,Residential Lease Listing,575dd856-b906-4e3d-a53e-16b6cc727271,lease_initial_late_charge_percent,Lease Initial Late Charge Percent,d6199533-b958-47b1-a2cd-814732c51482,9,365.66,453.03,55,14,9,false,false,false,false,LEAVE UNCHANGED,Normally single-line value (amount/date/name/address/code field).,false,,Low — no mask recommended.,LEAVE UNCHANGED,lines=0; cap=1; underlineDerived=false
38,FARM AND RANCH REAL ESTATE LISTING AGREEMENT - EXCLUSIVE RIGHT TO SELL,5d95c90f-3336-4f40-9949-106613ee21ed,brokerage_address,Brokerage Address,d66defa2-a31c-4d5d-89d9-dfdd989596ce,1,118.5,269.1,457.6,14,9,false,false,false,false,LEAVE UNCHANGED,Normally single-line value (amount/date/name/address/code field).,false,,Low — no mask recommended.,LEAVE UNCHANGED,lines=0; cap=1; underlineDerived=false
42,NOTICE OF LANDLORD'S INTENT NOT TO RENEW,d28f1c7c-e12d-48c5-8074-457fecaef55e,landlord_name_1,Landlord Name 1,d67338a5-947e-4db8-b4af-9dbbac0490c3,1,70.2,150.4,452.2,14,9,false,false,false,false,LEAVE UNCHANGED,Normally single-line value (amount/date/name/address/code field).,false,,Low — no mask recommended.,LEAVE UNCHANGED,lines=0; cap=1; underlineDerived=false
1,Buyer Rep Agreement,5ed7cc9f-622f-4c91-b5b7-5b8aa0e0585c,PROTECTION_PERIOD_DAYS,Protection Period Days,d68ac469-797e-4a63-a1bb-f822840db684,3,132.68,241.7,51.32,10.91,10,false,false,false,false,LEAVE UNCHANGED,Normally single-line value (amount/date/name/address/code field).,false,,Low — no mask recommended.,LEAVE UNCHANGED,lines=0; cap=1; underlineDerived=false
37,FARM AND RANCH CONTRACT,a44a4f4a-e723-49da-8969-bff72780cb7d,CONTRACT_SELLER_NOTICE_EMAIL,Seller Notice Email,d69164fc-a6d6-4ec6-8ec5-e96e42cf0b8d,8,355,640,190,12,9,false,false,false,false,LEAVE UNCHANGED,Normally single-line value (amount/date/name/address/code field).,false,,Low — no mask recommended.,LEAVE UNCHANGED,lines=1; cap=1; underlineDerived=false
18,Residential Lease,6b3e506e-33b6-448a-8da9-9279e14f4877,TXR_2001_MOVE_IN_LANDLORD_CONDITIONS,Landlord move-in conditions,d695416c-7522-4567-a0df-ffc232f6a69a,7,77.81,224.08,486.26,23.74,9,false,true,false,false,MEDIUM CONFIDENCE,Narrative field with ~2-line capacity; mask not recommended without line evidence.,false,,Low — no mask recommended.,MEDIUM CONFIDENCE,lines=0; cap=2; underlineDerived=false
18,Residential Lease,8aa470f2-7d6e-4ef5-a537-4457e2d5bf61,TXR_2001_UNAUTHORIZED_ANIMAL_DAILY_CHARGE,Unauthorized animal daily charge,d69bd09a-46f4-4add-bff8-9150462c37a1,4,446,96,77,16,9,false,false,false,false,LEAVE UNCHANGED,Appears to be a normal single-line value placement.,false,,Low — no mask recommended.,LEAVE UNCHANGED,lines=0; cap=1; underlineDerived=false
20,Residential Condominium Contract (Resale),12a8aeaa-5a91-40d3-b102-a63b4f4c22d3,CONTRACT_BUYER_BROKERAGE_ADDRESS,Buyer Brokerage Address,d6a0064f-4b73-439f-a6d0-fdbb326a4eda,9,104.3,293.5,365,14,,false,false,false,false,LEAVE UNCHANGED,Normally single-line value (amount/date/name/address/code field).,false,,Low — no mask recommended.,LEAVE UNCHANGED,lines=1; cap=1; underlineDerived=false
20,Residential Condominium Contract (Resale),4e26b32b-9f6a-4eb0-b083-5ba2ab73497c,CONTRACT_SELLER_AGENT_NOTICE_EMAIL,Seller Agent Notice Email,d6b8e58f-d09f-4065-80cf-758d3ac06815,7,363.4,316.3,180.4,14,,false,false,false,false,LEAVE UNCHANGED,Normally single-line value (amount/date/name/address/code field).,false,,Low — no mask recommended.,LEAVE UNCHANGED,lines=1; cap=1; underlineDerived=false
15,Residential Lease Listing,26fffea6-98e4-430f-82f8-cccfd4e87e8e,lease_make_ready_reimbursement_service_fee,Lease Make Ready Reimbursement Service Fee,d6dd052b-8d52-4352-b0b1-14ea7c4503d6,7,145.84,231.66,200,14,9,false,false,false,false,LEAVE UNCHANGED,Normally single-line value (amount/date/name/address/code field).,false,,Low — no mask recommended.,LEAVE UNCHANGED,lines=0; cap=1; underlineDerived=false
7,Listing Agreement,5ed7cc9f-622f-4c91-b5b7-5b8aa0e0585c,PROTECTION_PERIOD_DAYS,Protection Period Days,d702bd3c-23b8-41bf-9ff0-bdf7a23623e1,3,364.09,552.99,66.18,13.34,9,false,true,false,false,REVIEW REQUIRED,Narrative purpose but current height is ~1 line — dimension increase may be needed to cover the printed writing area.,true,Height 13.34pt ≈ 1 line(s). Expand only after confirming intended lined region on the PDF.,Enlarging may approach amount columns or following rows — review carefully.,REVIEW REQUIRED,lines=0; cap=1; underlineDerived=false
38,FARM AND RANCH REAL ESTATE LISTING AGREEMENT - EXCLUSIVE RIGHT TO SELL,731ea151-77d8-429a-9ca7-99d7d318f37c,LISTING_AGREEMENT_CONCERNING,Listing Agreement Concerning,d70a9b83-8918-461e-8992-9003a92a7d7f,7,180.6,26.2,395.5,14,9,false,false,false,false,LEAVE UNCHANGED,Normally single-line value (amount/date/name/address/code field).,false,,Low — no mask recommended.,LEAVE UNCHANGED,lines=0; cap=1; underlineDerived=false
37,FARM AND RANCH CONTRACT,98a1e6f6-645a-46fb-b19f-ab581c998f80,contract_intermediary_seller_team_name,Intermediary Seller Team Name,d765dc6d-cddf-440d-bcd1-2f1fbe5a7e3a,11,126.03,459.15,180,12,9,false,false,false,false,LEAVE UNCHANGED,Normally single-line value (amount/date/name/address/code field).,false,,Low — no mask recommended.,LEAVE UNCHANGED,lines=1; cap=1; underlineDerived=false
20,Residential Condominium Contract (Resale),c2891d22-e94a-4bb1-96d8-f376aa2231fa,contract_option_fee_amount,Option Fee Amount,d88445d6-cacf-40e7-b313-edc741b73cb0,2,150,262,85,14,,false,false,false,false,LEAVE UNCHANGED,Normally single-line value (amount/date/name/address/code field).,false,,Low — no mask recommended.,LEAVE UNCHANGED,lines=2; cap=1; underlineDerived=false
15,Residential Lease Listing,7ba8b395-4cd6-4dfa-b306-4ea1234bf283,PROPERTY_BLOCK,Property Block,d8d10163-b06d-4b4b-b946-d0ebdb095a71,1,326.18,388.42,65,14,9,false,false,false,false,LEAVE UNCHANGED,Normally single-line value (amount/date/name/address/code field).,false,,Low — no mask recommended.,LEAVE UNCHANGED,lines=0; cap=1; underlineDerived=false
38,FARM AND RANCH REAL ESTATE LISTING AGREEMENT - EXCLUSIVE RIGHT TO SELL,9052015a-dfb9-41b3-b9a9-028ebbe8673b,OTHER_DOCUMENT_DESCRIPTION,Other Document Description,d8f47cc6-11ec-4f02-837e-9136ea54e168,11,70.2,217,504.4,14,9,false,true,false,false,REVIEW REQUIRED,Narrative purpose but current height is ~1 line — dimension increase may be needed to cover the printed writing area.,true,Height 14pt ≈ 1 line(s). Expand only after confirming intended lined region on the PDF.,Enlarging may approach amount columns or following rows — review carefully.,REVIEW REQUIRED,lines=0; cap=1; underlineDerived=false
18,Residential Lease,784f6a39-231a-4c24-8450-86f90adfad16,txr_2001_additional_fee_animal_amount,Animal monthly fee,d8f62ad9-96b7-45be-8582-477ec5be89af,1,256.55,666.44,19.89,16.04,9,false,false,false,false,LEAVE UNCHANGED,Normally single-line value (amount/date/name/address/code field).,false,,Low — no mask recommended.,LEAVE UNCHANGED,lines=0; cap=1; underlineDerived=false
18,Residential Lease,bc48623b-d1e0-46bd-9e44-7d3d796dcb91,TXR_2001_SPECIAL_PROVISIONS,Special provisions,d91c2b34-528a-474f-9eca-1d7b336cb54a,12,59.81,147.08,504.23,64.15,9,false,true,false,false,MEDIUM CONFIDENCE,Tall narrative box (~5 lines) without conclusive line geometry; multiline recommended; mask only after visual confirm of printed lines.,false,,Low — no mask recommended.,MEDIUM CONFIDENCE,lines=0; cap=5; underlineDerived=false
42,NOTICE OF LANDLORD'S INTENT NOT TO RENEW,6807cb28-f665-421c-b5ba-6d542c7dbffe,txr_2217_delivery_other_text,TXR-2217 Delivery Other Text,d973d01a-a7b9-4e51-ac2c-0aa5b1ec2e55,1,83.8,683.3,492.2,14,9,false,false,false,false,LEAVE UNCHANGED,Normally single-line value (amount/date/name/address/code field).,false,,Low — no mask recommended.,LEAVE UNCHANGED,lines=0; cap=1; underlineDerived=false
7,Listing Agreement,624ccb71-0ca2-48f8-b7ba-a25f183d6f10,seller_name_2,Seller Name 2,d98c9f25-4e9c-47f0-9b99-d67339e08d48,1,89.55,180.23,484.98,13.47,9,false,true,false,false,REVIEW REQUIRED,Narrative purpose but current height is ~1 line — dimension increase may be needed to cover the printed writing area.,true,Height 13.47pt ≈ 1 line(s). Expand only after confirming intended lined region on the PDF.,Enlarging may approach amount columns or following rows — review carefully.,REVIEW REQUIRED,lines=0; cap=1; underlineDerived=false
33,AMENDMENT TO BUYER/TENANT REPRESENTATION AGREEMENT,6427cd73-8d56-4112-9d18-ee3c45d947a5,BROKERAGE_NAME,Brokerage Name,d9965cc2-c12e-4aa5-a081-309a5e6466d8,1,26.26,621.68,196.3,15.4,9,false,false,false,false,LEAVE UNCHANGED,Normally single-line value (amount/date/name/address/code field).,false,,Low — no mask recommended.,LEAVE UNCHANGED,lines=0; cap=1; underlineDerived=false
11,One to Four Residential,71782c8b-390e-4618-9f87-766cd7fde593,contract_add_other_text,Other Addendum Text,d9f39f7e-9204-4513-bf61-9a6531fea92b,9,116.92,539.77,440,28,9,false,true,false,false,MEDIUM CONFIDENCE,Narrative field with ~2-line capacity; mask not recommended without line evidence.,false,,Low — no mask recommended.,MEDIUM CONFIDENCE,lines=0; cap=2; underlineDerived=false
39,INTERMEDIARY RELATIONSHIP NOTICE,6427cd73-8d56-4112-9d18-ee3c45d947a5,BROKERAGE_NAME,Brokerage Name,d9f6500d-19f4-4ed1-be94-1ee0f8a371e4,1,81.4,246.4,386.7,14,9,false,false,false,false,LEAVE UNCHANGED,Normally single-line value (amount/date/name/address/code field).,false,,Low — no mask recommended.,LEAVE UNCHANGED,lines=0; cap=1; underlineDerived=false
17,Third Party Financing Addendum,24f8f742-4576-4909-9bb3-11e4543dcfe9,txr_1901_not_to_exceed_2_1,Not To Exceed 2 1,da342b6d-f1af-4148-9691-77d65d252139,1,212.53,636.84,23.49,11.68,9,false,false,false,false,LEAVE UNCHANGED,Appears to be a normal single-line value placement.,false,,Low — no mask recommended.,LEAVE UNCHANGED,lines=0; cap=1; underlineDerived=false
7,Listing Agreement,7ba8b395-4cd6-4dfa-b306-4ea1234bf283,PROPERTY_BLOCK,Property Block,da35ea68-ec2e-4e48-ab1c-df935a400941,1,324.95,381.72,70,14,9,false,false,false,false,LEAVE UNCHANGED,Normally single-line value (amount/date/name/address/code field).,false,,Low — no mask recommended.,LEAVE UNCHANGED,lines=0; cap=1; underlineDerived=false
24,Condominium Addendum to Listing,3c926f66-7317-4938-b7c9-8af764facb7d,brokerage_license_number,Brokerage License Number,da9a68fd-4ca7-4d15-ae7d-80a83d0f66e0,1,240,655,75,18,9,false,false,false,false,LEAVE UNCHANGED,Normally single-line value (amount/date/name/address/code field).,false,,Low — no mask recommended.,LEAVE UNCHANGED,lines=0; cap=1; underlineDerived=false
49,TERMINATION OF BUYER/TENANT REPRESENTATION AGREEMENT,66a40c01-c691-400a-8fcd-e23063982910,buyer_rep_effective_date,Effective Date,dadcaed4-6f95-49db-b251-fb2758e4bd69,1,205.5,144.2,205.5,14,9,false,false,false,false,LEAVE UNCHANGED,Normally single-line value (amount/date/name/address/code field).,false,,Low — no mask recommended.,LEAVE UNCHANGED,lines=0; cap=1; underlineDerived=false
47,RESIDENTIAL LEASING AND PROPERTY MANAGEMENT AGREEMENT,410b120f-a784-4e78-a9e5-067ef4c1c1a8,txr_2201_owner_entity_state,Owner Entity Formation State,dae7976f-bf50-47a1-b115-d7f3d8d22792,1,118,197,133,14,9,false,false,false,false,LEAVE UNCHANGED,Normally single-line value (amount/date/name/address/code field).,false,,Low — no mask recommended.,LEAVE UNCHANGED,lines=0; cap=1; underlineDerived=false
18,Residential Lease,00299290-84b1-4638-a791-a9b44eae748d,txr_2001_property_manager_email,Property manager email,daf35531-cc7b-41f4-b55e-a26a544c951e,15,505,679,71,16,9,false,false,false,false,LEAVE UNCHANGED,Normally single-line value (amount/date/name/address/code field).,false,,Low — no mask recommended.,LEAVE UNCHANGED,lines=0; cap=1; underlineDerived=false
38,FARM AND RANCH REAL ESTATE LISTING AGREEMENT - EXCLUSIVE RIGHT TO SELL,198de3ac-d7f2-433f-981c-5c4bcabbae9e,listing_broker_no_coop_flat_fee,Listing Broker Fee Without Other Broker Flat Fee,db35391a-cda2-4158-84b4-1eba530ca54c,3,355.6,588.5,76.4,14,9,false,false,false,false,LEAVE UNCHANGED,Normally single-line value (amount/date/name/address/code field).,false,,Low — no mask recommended.,LEAVE UNCHANGED,lines=0; cap=1; underlineDerived=false
47,RESIDENTIAL LEASING AND PROPERTY MANAGEMENT AGREEMENT,e1d3d577-1f61-46e1-bcc4-9311533da573,txr_2201_mgmt_fee_other_text,Management Fee Other Description,db8c488f-f4bd-4c3c-a485-4a6db541e77b,2,109,273.2,466,14,9,false,true,false,false,REVIEW REQUIRED,Narrative purpose but current height is ~1 line — dimension increase may be needed to cover the printed writing area.,true,Height 14pt ≈ 1 line(s). Expand only after confirming intended lined region on the PDF.,Enlarging may approach amount columns or following rows — review carefully.,REVIEW REQUIRED,lines=0; cap=1; underlineDerived=false
20,Residential Condominium Contract (Resale),e9228a34-60fe-4f84-869b-9d1c3232c988,CONTRACT_SELLER_SUPERVISOR_PHONE,Seller Supervisor Phone,db9c956b-3f15-4b3a-ae80-b4aa81f99e92,9,220,250.2,145.8,14,,false,false,false,false,LEAVE UNCHANGED,Normally single-line value (amount/date/name/address/code field).,false,,Low — no mask recommended.,LEAVE UNCHANGED,lines=1; cap=1; underlineDerived=false
26,Disclosure of Relationship with Contract Provider,8b63899d-84be-44e4-b47c-e834b27aa88e,txr_2513_listing_broker_license_number,Listing Broker License Number,dc0f3055-41aa-438d-910b-7f2e5923f943,1,500,548,70,14,9,false,false,false,false,LEAVE UNCHANGED,Normally single-line value (amount/date/name/address/code field).,false,,Low — no mask recommended.,LEAVE UNCHANGED,lines=0; cap=1; underlineDerived=false
1,Buyer Rep Agreement,d3455dd4-59dd-4332-9384-70d0f5e67fd5,BUYER_REP_OTHER_COMPENSATION,Other Compensation,dc13a0ff-fb02-4308-970f-7e4d43fbb16b,3,115.77,110.27,447.13,12.19,10,false,false,false,false,LEAVE UNCHANGED,Appears to be a normal single-line value placement.,false,,Low — no mask recommended.,LEAVE UNCHANGED,lines=0; cap=1; underlineDerived=false
37,FARM AND RANCH CONTRACT,45d9d1a9-eb15-4648-aace-0e2d77b85d28,txr_1701_broker_comp_b_cash_fee_amount,TXR-1701 P11 (b) Buyer's Broker Cash Fee Amount,dc810ed8-c087-499d-8404-f253e0efc6a3,11,480.53,610.05,74.38,14.36,9,false,false,false,false,LEAVE UNCHANGED,Normally single-line value (amount/date/name/address/code field).,false,,Low — no mask recommended.,LEAVE UNCHANGED,lines=0; cap=1; underlineDerived=false
35,ANIMAL AGREEMENT,9e2d6525-3f8c-46db-a306-49e7ac5c7051,PROPERTY_FULL_ADDRESS,Property Full Address,dc9c7136-5617-4f16-8e01-4864d25b04a0,1,46.79,144.91,510,14,9,false,false,false,false,LEAVE UNCHANGED,Normally single-line value (amount/date/name/address/code field).,false,,Low — no mask recommended.,LEAVE UNCHANGED,lines=0; cap=1; underlineDerived=false
15,Residential Lease Listing,b27cad14-4a0b-435f-a8a3-6010fac80f96,lease_sale_comp_percent,Lease Sale Comp Percent,dcde2580-e7a5-47c4-82b5-28cb67b002f5,3,146.81,227.67,55,14,9,false,false,false,false,LEAVE UNCHANGED,Appears to be a normal single-line value placement.,false,,Low — no mask recommended.,LEAVE UNCHANGED,lines=0; cap=1; underlineDerived=false
36,EARLY TERMINATION OF RESIDENTIAL LEASE,51bc9506-d113-49a5-bbb1-d79972464209,txr_2012_prior_lease_date,TXR-2012 Prior Lease Date,dce79059-d002-45b6-beaf-e06f95aa4a79,1,227.89,258.58,160,14,9,false,false,false,false,LEAVE UNCHANGED,Normally single-line value (amount/date/name/address/code field).,false,,Low — no mask recommended.,LEAVE UNCHANGED,lines=0; cap=1; underlineDerived=false
18,Residential Lease,02c5a1ff-2a57-4aa5-bd5e-540fd1a0dab4,TXR_2001_YARD_WATERING_TIMES,Yard watering times,dcefa2e7-a192-4a6a-ac95-ac4c848587d8,8,346,534,230,16,9,false,false,false,false,LEAVE UNCHANGED,Appears to be a normal single-line value placement.,false,,Low — no mask recommended.,LEAVE UNCHANGED,lines=0; cap=1; underlineDerived=false
17,Third Party Financing Addendum,b9aa4c2a-8db9-4c14-ad89-e199b29fccff,txr_1901_charges_as_shown_on_buyers_loan_estimate_for_the_loan_not_to_exceed,Charges As Shown On Buyers Loan Estimate For The Loan Not To Exceed,dcfcd444-1f99-4ebb-b941-2b1383ca0ee5,1,484.35,482.27,69.6,11.68,9,false,false,false,false,LEAVE UNCHANGED,Appears to be a normal single-line value placement.,false,,Low — no mask recommended.,LEAVE UNCHANGED,lines=0; cap=1; underlineDerived=false
11,One to Four Residential,b7e28491-3d9f-44d0-a241-fef6512fd487,contract_survey_option_3_days,Survey Option 3 Days,dd57a439-f53c-41b0-946b-611846c46004,3,128.6,202.4,36,16.8,9,false,false,false,false,LEAVE UNCHANGED,Appears to be a normal single-line value placement.,false,,Low — no mask recommended.,LEAVE UNCHANGED,lines=1; cap=1; underlineDerived=false
32,ADDENDUM REGARDING RESIDENTIAL LEASES,9e2d6525-3f8c-46db-a306-49e7ac5c7051,PROPERTY_FULL_ADDRESS,Property Full Address,dd6f0b15-f183-4d68-9356-e2fad256793a,1,242.95,98,331.91,13.85,9,false,true,false,false,REVIEW REQUIRED,Narrative purpose but current height is ~1 line — dimension increase may be needed to cover the printed writing area.,true,Height 13.85pt ≈ 1 line(s). Expand only after confirming intended lined region on the PDF.,Enlarging may approach amount columns or following rows — review carefully.,REVIEW REQUIRED,lines=0; cap=1; underlineDerived=false
18,Residential Lease,20b2897f-572d-4221-9ec9-0dce58d8cb3e,txr_2001_liability_insurance_minimum_amount,Minimum liability insurance,dd7b3e67-adfa-4257-880f-d02d4c16e94a,15,456.96,593.07,106,16,9,false,false,false,false,LEAVE UNCHANGED,Normally single-line value (amount/date/name/address/code field).,false,,Low — no mask recommended.,LEAVE UNCHANGED,lines=0; cap=1; underlineDerived=false
30,ADDENDUM FOR SALE OF OTHER PROPERTY BY BUYER,d5d0fd48-69d4-4a63-a2b5-c0cfdc604eff,txr_1908_buyer_other_property_address,TXR-1908 Buyer Other Property Address,dda3b0d5-f35a-41c2-847b-84240ed8f1b8,1,70,223,480,14,9,false,true,false,false,REVIEW REQUIRED,Narrative purpose but current height is ~1 line — dimension increase may be needed to cover the printed writing area.,true,Height 14pt ≈ 1 line(s). Expand only after confirming intended lined region on the PDF.,Enlarging may approach amount columns or following rows — review carefully.,REVIEW REQUIRED,lines=0; cap=1; underlineDerived=false
42,NOTICE OF LANDLORD'S INTENT NOT TO RENEW,cc335208-51db-4ed3-9710-2830681d2da9,txr_2217_delivery_hand_on,TXR-2217 Delivery Hand Delivered On,ddc8da15-756d-47fc-9904-6108cf6b5849,1,450.5,658,125.5,14,9,false,false,false,false,LEAVE UNCHANGED,Normally single-line value (amount/date/name/address/code field).,false,,Low — no mask recommended.,LEAVE UNCHANGED,lines=0; cap=1; underlineDerived=false
1,Buyer Rep Agreement,4709a7db-ad5a-4064-bcc9-76b4252e593a,buyer_client_name_1,Buyer/Client Name 1,de2c4f40-f26c-4682-967f-6a7cf51d50c2,6,321.72,207.85,246.98,20.53,10,false,false,false,false,LEAVE UNCHANGED,Normally single-line value (amount/date/name/address/code field).,false,,Low — no mask recommended.,LEAVE UNCHANGED,lines=0; cap=1; underlineDerived=false
11,One to Four Residential,1f6d3787-a26d-41a8-bca1-0e3c12aa01da,CONTRACT_SELLER_ASSOCIATE_NAME,Seller Associate Name,de9fc464-197a-48d2-9dc7-41bf299e502a,11,149.49,180.99,240,14,9,false,false,false,false,LEAVE UNCHANGED,Normally single-line value (amount/date/name/address/code field).,false,,Low — no mask recommended.,LEAVE UNCHANGED,lines=1; cap=1; underlineDerived=false
51,Itemization of Security Deposit,9e2d6525-3f8c-46db-a306-49e7ac5c7051,PROPERTY_FULL_ADDRESS,Property Full Address,deb19231-352b-4630-8acc-edd9cdf51ac3,1,238.5,216.5,337.5,28.5,9,false,false,false,false,LEAVE UNCHANGED,Normally single-line value (amount/date/name/address/code field).,false,,Low — no mask recommended.,LEAVE UNCHANGED,lines=0; cap=2; underlineDerived=true
37,FARM AND RANCH CONTRACT,9e2d6525-3f8c-46db-a306-49e7ac5c7051,PROPERTY_FULL_ADDRESS,Property Full Address,dec251e0-4a87-413e-abf7-b3174fb7d783,11,125.06,27.81,324.6,14.11,9,false,false,false,false,LEAVE UNCHANGED,Normally single-line value (amount/date/name/address/code field).,false,,Low — no mask recommended.,LEAVE UNCHANGED,lines=1; cap=1; underlineDerived=false
38,FARM AND RANCH REAL ESTATE LISTING AGREEMENT - EXCLUSIVE RIGHT TO SELL,e5fb0efa-1301-475c-bc95-db0868262446,mls_delayed_days,MLS Delayed Days,df26055d-b633-4c33-aa25-a8d42091c513,5,448.8,654,55.3,14,9,false,false,false,false,LEAVE UNCHANGED,Normally single-line value (amount/date/name/address/code field).,false,,Low — no mask recommended.,LEAVE UNCHANGED,lines=0; cap=1; underlineDerived=false
17,Third Party Financing Addendum,8095f3a8-194e-4d7b-bff9-b90f607eaab2,txr_1901_undefined_2,Undefined 2,df3b580e-8c73-4321-a03f-c4fcc983fbbb,1,237.24,760.08,27.12,11.16,9,false,false,false,false,LEAVE UNCHANGED,Appears to be a normal single-line value placement.,false,,Low — no mask recommended.,LEAVE UNCHANGED,lines=0; cap=1; underlineDerived=false
38,FARM AND RANCH REAL ESTATE LISTING AGREEMENT - EXCLUSIVE RIGHT TO SELL,6427cd73-8d56-4112-9d18-ee3c45d947a5,BROKERAGE_NAME,Brokerage Name,df4c7956-0fa1-4142-955b-7cfa7aacbba5,1,92.5,256.4,483.5,14,9,false,false,false,false,LEAVE UNCHANGED,Normally single-line value (amount/date/name/address/code field).,false,,Low — no mask recommended.,LEAVE UNCHANGED,lines=0; cap=1; underlineDerived=false
15,Residential Lease Listing,f4efec0b-ddc5-4f9e-aa72-875873c9cd93,lease_make_ready_cost_cap,Lease Make Ready Cost Cap,df9523bb-3ad1-4c84-a6fa-6862d3cb6f04,7,282.01,157.69,41.04,12.82,9,false,false,false,false,LEAVE UNCHANGED,Appears to be a normal single-line value placement.,false,,Low — no mask recommended.,LEAVE UNCHANGED,lines=0; cap=1; underlineDerived=false
17,Third Party Financing Addendum,0f7c3dc9-db4c-4c1f-9452-d9dafcdb5c15,txr_1901_undefined_3,Undefined 3,df9dacab-3d21-49dd-aa98-72364191c0cf,1,363.24,760.08,27.12,11.16,9,false,false,false,false,LEAVE UNCHANGED,Appears to be a normal single-line value placement.,false,,Low — no mask recommended.,LEAVE UNCHANGED,lines=0; cap=1; underlineDerived=false
38,FARM AND RANCH REAL ESTATE LISTING AGREEMENT - EXCLUSIVE RIGHT TO SELL,aa923c43-4709-4eca-bf86-017e59064202,txr_1201_res_other_retained_by_seller,TXR-1201 Reservations other Retained by Seller,dfb36b7c-311e-4d80-a96c-eae920a1dcb6,2,360.9,531,215.2,24,9,false,false,false,false,LEAVE UNCHANGED,Normally single-line value (amount/date/name/address/code field).,false,,Low — no mask recommended.,LEAVE UNCHANGED,lines=0; cap=2; underlineDerived=false
11,One to Four Residential,a68f94bb-1c06-4b40-b54f-9889c945e80f,property_concerning_full_address,Contract Concerning Property Address,e0c3f2e3-6798-4f35-bf3d-239a927f9c09,8,145,31,320,14,9,false,false,false,false,LEAVE UNCHANGED,Normally single-line value (amount/date/name/address/code field).,false,,Low — no mask recommended.,LEAVE UNCHANGED,lines=1; cap=1; underlineDerived=false
48,SELLER'S TEMPORARY RESIDENTIAL LEASE,74991860-b697-4fe0-b2a1-a1a0d564d3d0,txr_1910_utilities_except,TXR-1910 Utilities Except,e0e4079d-a60a-4a09-a927-ac3bbd7bbbf5,1,331.8,313.6,237.2,14,9,false,false,false,false,LEAVE UNCHANGED,Appears to be a normal single-line value placement.,false,,Low — no mask recommended.,LEAVE UNCHANGED,lines=0; cap=1; underlineDerived=true
25,Condominium Resale Certificate,1a083ac7-e2ac-4480-9821-4587f676cf04,listing_condo_assessment_amount,Condo Association Assessment Amount,e108a313-d104-4402-bca3-1f55276e5edd,1,364,218,66,12,9,false,false,false,false,LEAVE UNCHANGED,Normally single-line value (amount/date/name/address/code field).,false,,Low — no mask recommended.,LEAVE UNCHANGED,lines=0; cap=1; underlineDerived=false
37,FARM AND RANCH CONTRACT,e9228a34-60fe-4f84-869b-9d1c3232c988,CONTRACT_SELLER_SUPERVISOR_PHONE,Seller Supervisor Phone,e1288d02-dba8-451e-a2e6-ac7340a73eb3,11,211.68,264.58,100,12,9,false,false,false,false,LEAVE UNCHANGED,Normally single-line value (amount/date/name/address/code field).,false,,Low — no mask recommended.,LEAVE UNCHANGED,lines=1; cap=1; underlineDerived=false
48,SELLER'S TEMPORARY RESIDENTIAL LEASE,1ff64dc0-48bb-4c01-9840-2fbc9c377212,CONTRACT_SELLER_NAMES,Contract Seller Names,e140d737-7aa5-4d61-afe8-c0bd47719ec3,1,131.4,108.4,392.8,14,9,false,false,false,false,LEAVE UNCHANGED,Appears to be a normal single-line value placement.,false,,Low — no mask recommended.,LEAVE UNCHANGED,lines=1; cap=1; underlineDerived=false
1,Buyer Rep Agreement,754e5440-a006-431a-bcb2-386d046e5785,buyer_rep_expiration_date,Expiration Date,e158476c-a7ac-48a3-a92d-d9a9329bfb35,1,456.51,623.76,90,12,10,false,false,false,false,LEAVE UNCHANGED,Normally single-line value (amount/date/name/address/code field).,false,,Low — no mask recommended.,LEAVE UNCHANGED,lines=0; cap=1; underlineDerived=false
20,Residential Condominium Contract (Resale),e4d3b4f9-965b-4c38-bbcf-776c8758b55a,contract_title_objection_days,Title Objection Days,e17e9e22-f36e-429f-be62-4271583f97a2,3,394,187.9,32,14,,false,false,false,false,LEAVE UNCHANGED,Normally single-line value (amount/date/name/address/code field).,false,,Low — no mask recommended.,LEAVE UNCHANGED,lines=1; cap=1; underlineDerived=false
18,Residential Lease,6f1cb56c-5a8a-4a27-8ed9-a3f1d205cda1,txr_2001_additional_fee_custom_1_label,Custom fee 1 label,e18197a6-83fd-45de-a21e-4e70febe08ed,1,443.29,661.94,78,16,9,false,false,false,false,LEAVE UNCHANGED,Normally single-line value (amount/date/name/address/code field).,false,,Low — no mask recommended.,LEAVE UNCHANGED,lines=0; cap=1; underlineDerived=false
39,INTERMEDIARY RELATIONSHIP NOTICE,a965e914-a91b-47dd-b056-9fde8e7df19d,txr_1409_additional_information,TXR-1409 Additional Information,e1a890ad-d408-43ee-b173-5cc0a0cfffc9,1,54,580,503.76,34.88,9,false,false,false,false,LEAVE UNCHANGED,Normally single-line value (amount/date/name/address/code field).,false,,Low — no mask recommended.,LEAVE UNCHANGED,lines=0; cap=3; underlineDerived=false
38,FARM AND RANCH REAL ESTATE LISTING AGREEMENT - EXCLUSIVE RIGHT TO SELL,944a0891-2d87-434d-8c5f-8fcf8f474f69,txr_1201_acc_other_text,TXR-1201 Accessory Other Description,e1cd03c8-3d9e-40eb-ae89-e20d2b9dd859,2,260.27,110.72,314.98,26.16,9,false,true,false,false,MEDIUM CONFIDENCE,Narrative field with ~2-line capacity; mask not recommended without line evidence.,false,,Low — no mask recommended.,MEDIUM CONFIDENCE,lines=0; cap=2; underlineDerived=false
17,Third Party Financing Addendum,ff0a49b9-3702-4ecc-ad36-545cb47a288f,txr_1901_text1,Text1,e1f069b1-9f8b-41d7-a1d4-0462d0a6d8d9,1,88.69,400.21,40.33,11.23,9,false,false,false,false,LEAVE UNCHANGED,Appears to be a normal single-line value placement.,false,,Low — no mask recommended.,LEAVE UNCHANGED,lines=0; cap=1; underlineDerived=false
51,Itemization of Security Deposit,89187912-f9ad-44fb-a149-a51b73bb5b52,txr_2216_delivery_other_text,TXR-2216 Delivery — Other Text,e1f61f0e-98de-4412-93de-a0a7c4383324,3,78.5,529.5,497.5,14,9,false,false,false,false,LEAVE UNCHANGED,Normally single-line value (amount/date/name/address/code field).,false,,Low — no mask recommended.,LEAVE UNCHANGED,lines=0; cap=1; underlineDerived=true
27,NOTICE OF TERMINATION OF RESIDENTIAL LEASING AND PROPERTY MANAGEMENT AGREEMENT,46caed65-7354-4ca6-aadd-208fb4b18846,txr_2222_to_name,TXR-2222 Notice TO Name,e20f1e4d-73a3-4860-a32e-2f1e7403edb2,1,60,143,360,14,9,false,false,false,false,LEAVE UNCHANGED,Normally single-line value (amount/date/name/address/code field).,false,,Low — no mask recommended.,LEAVE UNCHANGED,lines=0; cap=1; underlineDerived=false
49,TERMINATION OF BUYER/TENANT REPRESENTATION AGREEMENT,69c97dcb-314f-4751-ba08-79ebfeb9073b,txr_1503_termination_fee,TXR-1503 Termination Fee,e2203c5e-56fc-4b81-ab77-2384f2a87fd0,1,467,198.2,84.8,14,9,false,false,false,false,LEAVE UNCHANGED,Normally single-line value (amount/date/name/address/code field).,false,,Low — no mask recommended.,LEAVE UNCHANGED,lines=0; cap=1; underlineDerived=false
14,Amendment to Contract,3207a400-8c34-40a5-adae-a94639861f7d,contract_amend_closing_month_day,Amendment Closing Month and Day,e24894f9-46fb-43c8-bfef-f8a277fca551,1,348.36,253.77,105,14,9,false,false,false,false,LEAVE UNCHANGED,Normally single-line value (amount/date/name/address/code field).,false,,Low — no mask recommended.,LEAVE UNCHANGED,lines=1; cap=1; underlineDerived=false
11,One to Four Residential,dbbbbb56-655e-4f63-aeb6-bf72db1f1101,contract_water_provider_name,Water Provider Name,e24c5fb6-1851-4283-99fc-337f9b502c34,5,268.93,680.85,276.57,14.06,9,false,false,false,false,LEAVE UNCHANGED,Normally single-line value (amount/date/name/address/code field).,false,,Low — no mask recommended.,LEAVE UNCHANGED,lines=1; cap=1; underlineDerived=false
5,TILA-RESPA,f4c32d01-1339-49d5-8a0d-5a6a78b798d8,CONTACT_NAME,Buyer/Seller Name,e262bd6a-a090-4a2b-973e-6912c34766b9,1,49.14,230.17,312.42,16.68,10,false,false,false,false,LEAVE UNCHANGED,Normally single-line value (amount/date/name/address/code field).,false,,Low — no mask recommended.,LEAVE UNCHANGED,lines=0; cap=1; underlineDerived=false
38,FARM AND RANCH REAL ESTATE LISTING AGREEMENT - EXCLUSIVE RIGHT TO SELL,576bb033-ca17-44bd-9bbb-28db7557e30b,listing_begin_date,Listing Begin Date,e2989f92-c8f9-40d2-a0f3-304eba62f220,3,181.5,142.2,106.6,14,9,false,false,false,false,LEAVE UNCHANGED,Normally single-line value (amount/date/name/address/code field).,false,,Low — no mask recommended.,LEAVE UNCHANGED,lines=0; cap=1; underlineDerived=false
1,Buyer Rep Agreement,e63c6ccf-4d75-4bae-a05e-7353711d0f13,buyer_rep_purchase_fee_percent,Purchase Fee Percent,e2e5bf55-ce5b-4f0c-86b5-5126f9dae937,2,158.26,215.47,50.68,12.19,10,false,false,false,false,LEAVE UNCHANGED,Normally single-line value (amount/date/name/address/code field).,false,,Low — no mask recommended.,LEAVE UNCHANGED,lines=0; cap=1; underlineDerived=false
39,INTERMEDIARY RELATIONSHIP NOTICE,71d4fcbe-4221-43cb-9535-94ce74405984,txr_1409_to_seller_or_landlord,TXR-1409 To Seller or Landlord,e2f969eb-61ba-4241-b9b1-155affbd85e8,1,81.4,208.4,386.7,14,9,false,false,false,false,LEAVE UNCHANGED,Normally single-line value (amount/date/name/address/code field).,false,,Low — no mask recommended.,LEAVE UNCHANGED,lines=0; cap=1; underlineDerived=false
1,Buyer Rep Agreement,fcd1089b-47e1-4f03-ae77-a6582b778e09,AGENT_NAME,Agent Name,e3176fa2-d4e5-41a8-a812-045075a91acd,6,36.25,291.07,152,15.2,10,false,false,false,false,LEAVE UNCHANGED,Normally single-line value (amount/date/name/address/code field).,false,,Low — no mask recommended.,LEAVE UNCHANGED,lines=0; cap=1; underlineDerived=false
35,ANIMAL AGREEMENT,d0c4df88-9660-4b80-85f1-d3014b1e4fe8,txr_2004_animal_4_name,TXR-2004 Animal 4 Name,e34f6ef3-1ae2-4ac7-a954-4e1c7c739a2b,1,428.34,508,140,14,9,false,false,false,false,LEAVE UNCHANGED,Normally single-line value (amount/date/name/address/code field).,false,,Low — no mask recommended.,LEAVE UNCHANGED,lines=0; cap=1; underlineDerived=false
37,FARM AND RANCH CONTRACT,a1e25cce-2866-4966-bbe1-e60411e53ac6,CONTRACT_BUYER_NOTICE_ADDRESS,Buyer Notice Address,e37afb1e-f65c-452f-ba49-ef341480fcf8,8,72,571,190,12,9,false,false,false,false,LEAVE UNCHANGED,Normally single-line value (amount/date/name/address/code field).,false,,Low — no mask recommended.,LEAVE UNCHANGED,lines=1; cap=1; underlineDerived=false
51,Itemization of Security Deposit,3ef280f9-beed-4034-9b63-c28af864ed89,txr_2216_unapproved_alterations_description,TXR-2216 Unapproved Alterations Description,e382bd38-7548-4d32-ac55-c5332e5730bd,2,66.9,460.1,364.8,27.2,9,false,true,false,true,MEDIUM CONFIDENCE,Narrative placement with writing-line evidence; enable multiline and mask after quick visual confirm.,false,,Confirm mask does not cover row labels or amount boxes beside the description.,MEDIUM CONFIDENCE,lines=0; cap=2; underlineDerived=true
38,FARM AND RANCH REAL ESTATE LISTING AGREEMENT - EXCLUSIVE RIGHT TO SELL,d6a17db8-f058-443d-88c4-32b8ca6d7b72,seller_email,Seller Email,e3b95dbd-0e91-49a8-b23c-1408563b9bb8,1,127,220.7,233.1,14,9,false,false,false,false,LEAVE UNCHANGED,Normally single-line value (amount/date/name/address/code field).,false,,Low — no mask recommended.,LEAVE UNCHANGED,lines=0; cap=1; underlineDerived=false
37,FARM AND RANCH CONTRACT,3edc25a9-3620-4d2c-b053-9022ceb4afd8,CONTRACT_SELLER_NOTICE_PHONE,Seller Notice Phone,e3fa4821-95c8-4122-ab3d-077e8d75fa85,8,355,605,190,12,9,false,false,false,false,LEAVE UNCHANGED,Normally single-line value (amount/date/name/address/code field).,false,,Low — no mask recommended.,LEAVE UNCHANGED,lines=1; cap=1; underlineDerived=false
17,Third Party Financing Addendum,28433de1-71df-4af8-b227-180a3dc32562,txr_1901_per_annum_for_the_first_4,Per Annum For The First 4,e41b8e2e-17ed-44cb-b4dc-8be6000df3dd,1,411.41,551.02,79.6,11.56,9,false,false,false,false,LEAVE UNCHANGED,Appears to be a normal single-line value placement.,false,,Low — no mask recommended.,LEAVE UNCHANGED,lines=0; cap=1; underlineDerived=false
20,Residential Condominium Contract (Resale),d3496ab1-31c6-44c4-b722-d0f39a96fcda,contract_intermediary_buyer_team_name,Intermediary Buyer Team Name,e45361dc-43cb-4ae6-b132-418b00da3d16,9,137.2,619.8,240,14,,false,false,false,false,LEAVE UNCHANGED,Normally single-line value (amount/date/name/address/code field).,false,,Low — no mask recommended.,LEAVE UNCHANGED,lines=1; cap=1; underlineDerived=false
50,TERMINATION OF LISTING,3d736e13-8b45-4f58-bc55-0f15dcd25872,txr_1410_fee_sales_pct,TXR-1410 Fee Sales Percent,e4541366-5c78-4d77-b1e4-9a0f9a998fdd,1,90.5,382,33.4,14,9,false,false,false,false,LEAVE UNCHANGED,Normally single-line value (amount/date/name/address/code field).,false,,Low — no mask recommended.,LEAVE UNCHANGED,lines=0; cap=1; underlineDerived=false
47,RESIDENTIAL LEASING AND PROPERTY MANAGEMENT AGREEMENT,ab7500d4-68b4-4d71-8fe6-ce860ca870e7,txr_2201_casualty_fee_unit,Casualty Coordination Fee Unit,e508c9c1-98cd-4ff0-b860-f708f941cd2b,2,239,618,48,14,9,false,false,false,false,LEAVE UNCHANGED,Normally single-line value (amount/date/name/address/code field).,false,,Low — no mask recommended.,LEAVE UNCHANGED,lines=0; cap=1; underlineDerived=false
44,NOTICE TO PURCHASER OF SPECIAL TAXING OR ASSESSMENT DISTRICT,3c6bfba7-7b5e-419e-a91d-1c91ebdee1cf,txr_1420_tax_current_rate,TXR-1420 Tax Current Rate,e5372353-5f18-4684-9ea9-73edd0671d8c,1,303.7,294,163.1,14,9,false,false,false,false,LEAVE UNCHANGED,Appears to be a normal single-line value placement.,false,,Low — no mask recommended.,LEAVE UNCHANGED,lines=0; cap=1; underlineDerived=false
20,Residential Condominium Contract (Resale),80773028-cbac-4929-8ff0-f196595293a7,contract_condo_project_name,Condominium Project Name,e53c900f-c3c7-48ee-a52d-be8d8059d9ca,1,115.9,140.6,260.8,14,,false,false,false,false,LEAVE UNCHANGED,Normally single-line value (amount/date/name/address/code field).,false,,Low — no mask recommended.,LEAVE UNCHANGED,lines=2; cap=1; underlineDerived=false
18,Residential Lease,e9ae5e97-4e78-4623-93f7-0902376f8c7d,TXR_2001_ADDITIONAL_LATE_FEE_AMOUNT,Additional daily late fee amount,e54c55dd-ea77-448e-b989-695823feb78d,2,355,658,39,16,9,false,false,false,false,LEAVE UNCHANGED,Normally single-line value (amount/date/name/address/code field).,false,,Low — no mask recommended.,LEAVE UNCHANGED,lines=0; cap=1; underlineDerived=false
37,FARM AND RANCH CONTRACT,9e2d6525-3f8c-46db-a306-49e7ac5c7051,PROPERTY_FULL_ADDRESS,Property Full Address,e54fadb6-3d73-48b3-bd2f-e1ceb7f60c3c,1,331.66,176.64,221.32,12.19,9,false,false,false,false,LEAVE UNCHANGED,Normally single-line value (amount/date/name/address/code field).,false,,Low — no mask recommended.,LEAVE UNCHANGED,lines=1; cap=1; underlineDerived=false
17,Third Party Financing Addendum,4369b645-4218-47d3-8395-17fbd6cc2498,txr_1901_years_with_interest_not_to_exceed_2,Years With Interest Not To Exceed 2,e581b567-93e3-4130-9e86-c2fc0bd947c3,1,336.08,390.07,44.4,11.16,9,false,false,false,false,LEAVE UNCHANGED,Appears to be a normal single-line value placement.,false,,Low — no mask recommended.,LEAVE UNCHANGED,lines=0; cap=1; underlineDerived=false
7,Listing Agreement,4e793615-0774-4a17-b7a0-4c9fe05bb494,listing_broker_no_coop_percent,Listing Broker Fee Without Other Broker Percent,e58bccae-7e18-47d7-a065-3e3327fdd049,2,121.91,561.96,55,14,9,false,false,false,false,LEAVE UNCHANGED,Normally single-line value (amount/date/name/address/code field).,false,,Low — no mask recommended.,LEAVE UNCHANGED,lines=0; cap=1; underlineDerived=false
15,Residential Lease Listing,1fd3cc39-888b-441c-96df-1b4e764ada05,lease_sale_comp_other,Lease Sale Comp Other,e5f524cc-11fd-487e-8bde-d146b61660a5,3,143.47,239.71,428.35,14.88,9,false,false,false,false,LEAVE UNCHANGED,Appears to be a normal single-line value placement.,false,,Low — no mask recommended.,LEAVE UNCHANGED,lines=0; cap=1; underlineDerived=false
37,FARM AND RANCH CONTRACT,35dd64ff-1f22-4b93-afb0-779465316a13,contract_title_objection_use_activity,Title Objection Use Activity,e625b6f4-65e9-4ada-8c18-4583718b2e3f,3,69.25,393.45,510,24,9,false,false,false,false,LEAVE UNCHANGED,Normally single-line value (amount/date/name/address/code field).,false,,Low — no mask recommended.,LEAVE UNCHANGED,lines=3; cap=2; underlineDerived=false
51,Itemization of Security Deposit,fcd1089b-47e1-4f03-ae77-a6582b778e09,AGENT_NAME,Agent Name,e686b66f-4cc4-4092-8770-6ae31e0fcfb6,3,96,413.5,300,14,9,false,false,false,false,LEAVE UNCHANGED,Normally single-line value (amount/date/name/address/code field).,false,,Low — no mask recommended.,LEAVE UNCHANGED,lines=0; cap=1; underlineDerived=true
37,FARM AND RANCH CONTRACT,d54ee9d9-f51c-4952-a793-3fc3ac2ba77d,contract_buyer_attorney_fax,Buyer Attorney Fax,e6eb949e-2c9c-4203-aa82-696c5e0d6109,9,132.17,694.38,150,12,9,false,false,false,false,LEAVE UNCHANGED,Normally single-line value (amount/date/name/address/code field).,false,,Low — no mask recommended.,LEAVE UNCHANGED,lines=0; cap=1; underlineDerived=false
7,Listing Agreement,9e2d6525-3f8c-46db-a306-49e7ac5c7051,PROPERTY_FULL_ADDRESS,Property Full Address,e73d3321-3c7d-460f-becf-495dd0eea0ba,4,158,18.47,406.8,17.95,10,false,false,false,false,LEAVE UNCHANGED,Normally single-line value (amount/date/name/address/code field).,false,,Low — no mask recommended.,LEAVE UNCHANGED,lines=0; cap=1; underlineDerived=false
15,Residential Lease Listing,4b0da080-698a-4037-a439-62458afaa24d,lease_early_withdrawal_fee,Lease Early Withdrawal Fee,e770299b-0a17-4545-88ff-cd5144e0c4c7,10,477.97,110.37,80,14,9,false,false,false,false,LEAVE UNCHANGED,Normally single-line value (amount/date/name/address/code field).,false,,Low — no mask recommended.,LEAVE UNCHANGED,lines=0; cap=1; underlineDerived=false
42,NOTICE OF LANDLORD'S INTENT NOT TO RENEW,7ab4ccdf-89e5-4bb0-80fe-50627057f3f8,txr_2217_lease_end_date,TXR-2217 Lease End Date,e7a5fd09-a650-4091-b6e6-f87013da30d8,1,218.9,244.7,100,14,9,false,false,false,false,LEAVE UNCHANGED,Normally single-line value (amount/date/name/address/code field).,false,,Low — no mask recommended.,LEAVE UNCHANGED,lines=0; cap=1; underlineDerived=false
12,Addendum for Property Subject to Mandatory Membership in a Property Owners Association,095bd62c-2573-492f-b356-ea44e0015548,hoa_addendum_transfer_fee_cap,HOA Transfer Fee Cap,e7d56268-e9a7-4ec8-bd43-3b200df650f4,1,369.87,490.42,86.7,12.82,10,false,false,false,false,LEAVE UNCHANGED,Normally single-line value (amount/date/name/address/code field).,false,,Low — no mask recommended.,LEAVE UNCHANGED,lines=0; cap=1; underlineDerived=false
50,TERMINATION OF LISTING,e8e580e0-d340-4852-ae6f-8fad4eca6a66,txr_1410_protected_parties,TXR-1410 Protected Parties,e7de7bfa-558d-4136-93c2-c1196821ab35,1,90,491.6,486,39.2,9,false,false,false,false,REVIEW REQUIRED,Tall placement without clear narrative purpose — visual review before enabling multiline.,false,,Low — no mask recommended.,REVIEW REQUIRED,lines=0; cap=3; underlineDerived=false
13,Amendment to Listing Agreement,27e50ce0-130e-4640-89d1-0e468e18434e,PROPERTY_ADDRESS,Property Address,e8643eb0-ef66-4d1a-b6ce-ffa7349d3791,1,91.04,172.98,431.09,12.83,9,false,false,false,false,LEAVE UNCHANGED,Normally single-line value (amount/date/name/address/code field).,false,,Low — no mask recommended.,LEAVE UNCHANGED,lines=0; cap=1; underlineDerived=false
37,FARM AND RANCH CONTRACT,f65abbc3-19f1-4704-8cf7-64265a11895b,contract_seller_attorney_fax,Seller Attorney Fax,e86b1af0-90b5-4b4a-9352-eea6f4212ee5,9,391.92,695.66,150,12,9,false,false,false,false,LEAVE UNCHANGED,Normally single-line value (amount/date/name/address/code field).,false,,Low — no mask recommended.,LEAVE UNCHANGED,lines=0; cap=1; underlineDerived=false
11,One to Four Residential,b5e63034-df99-47fe-a303-8395d8e67bc4,CONTRACT_SELLER_BROKERAGE_NAME,Seller Brokerage Name,e97ab73e-ad01-49aa-a176-c84522b09f0f,11,51.1,134.75,236.49,13.85,9,false,false,false,false,LEAVE UNCHANGED,Normally single-line value (amount/date/name/address/code field).,false,,Low — no mask recommended.,LEAVE UNCHANGED,lines=0; cap=1; underlineDerived=false
18,Residential Lease,626ce306-4ef5-427d-b0df-f79d97ade2c8,TXR_2001_ACCESS_TRIP_CHARGE,Access trip charge,e98b4095-fd84-48bf-a34a-24e91d69be19,6,97.66,460.19,37,16,9,false,false,false,false,LEAVE UNCHANGED,Appears to be a normal single-line value placement.,false,,Low — no mask recommended.,LEAVE UNCHANGED,lines=0; cap=1; underlineDerived=false
16,Amendment to Lease Listing,54f6b4b2-e22b-466b-b244-fc437512ca2f,agent_full_name,Agent Full Name,e9e0cb5b-d71d-442b-a6b1-06e27f608ee9,1,39.31,666.17,206.22,12.82,9,false,false,false,false,LEAVE UNCHANGED,Normally single-line value (amount/date/name/address/code field).,false,,Low — no mask recommended.,LEAVE UNCHANGED,lines=0; cap=1; underlineDerived=false
37,FARM AND RANCH CONTRACT,f47adc30-df80-4507-95cd-69f62d28de2e,contract_water_disclosure_delivery_days,Water Disclosure Delivery Days,ea4ea66c-2145-47a3-bbf1-beb6139c0646,5,406.19,700.17,29.51,14.11,9,false,false,false,false,LEAVE UNCHANGED,Normally single-line value (amount/date/name/address/code field).,false,,Low — no mask recommended.,LEAVE UNCHANGED,lines=0; cap=1; underlineDerived=false
25,Condominium Resale Certificate,f5b72d6b-5145-44ea-9d29-d2ed81cdee0b,condo_resale_reserves_amount,Reserves for Capital Expenditures,ea730ab1-4a0e-46bd-9b75-ea89f4d0e053,1,265,321,75,12,9,false,false,false,false,LEAVE UNCHANGED,Normally single-line value (amount/date/name/address/code field).,false,,Low — no mask recommended.,LEAVE UNCHANGED,lines=0; cap=1; underlineDerived=false
46,RELEASE OF EARNEST MONEY,9e570371-762a-47dd-b26d-5bbe18eb7585,txr_1904_disbursement_to_3,TXR-1904 Disbursement To 3,ea77aada-e21a-430e-8dec-ed14afd0e041,1,193.2,447.8,381.8,14,9,false,false,false,false,LEAVE UNCHANGED,Appears to be a normal single-line value placement.,false,,Low — no mask recommended.,LEAVE UNCHANGED,lines=0; cap=1; underlineDerived=false
37,FARM AND RANCH CONTRACT,9e2d6525-3f8c-46db-a306-49e7ac5c7051,PROPERTY_FULL_ADDRESS,Property Full Address,eb722a06-8363-4129-900c-5d12e5ad53f8,2,122.49,28.45,319.47,11.55,9,false,false,false,false,LEAVE UNCHANGED,Normally single-line value (amount/date/name/address/code field).,false,,Low — no mask recommended.,LEAVE UNCHANGED,lines=1; cap=1; underlineDerived=false
7,Listing Agreement,9052015a-dfb9-41b3-b9a9-028ebbe8673b,OTHER_DOCUMENT_DESCRIPTION,Other Document Description,eba52491-291c-4916-b0d2-646d29216d29,9,72.31,683.66,503.25,14.36,9,false,true,false,false,REVIEW REQUIRED,Narrative purpose but current height is ~1 line — dimension increase may be needed to cover the printed writing area.,true,Height 14.36pt ≈ 1 line(s). Expand only after confirming intended lined region on the PDF.,Enlarging may approach amount columns or following rows — review carefully.,REVIEW REQUIRED,lines=0; cap=1; underlineDerived=false
20,Residential Condominium Contract (Resale),a68f94bb-1c06-4b40-b54f-9889c945e80f,property_concerning_full_address,Contract Concerning Property Address,eba5347f-437c-425c-b742-0e33cdfbb98d,5,120.1,31.6,295.4,14,,false,false,false,false,LEAVE UNCHANGED,Normally single-line value (amount/date/name/address/code field).,false,,Low — no mask recommended.,LEAVE UNCHANGED,lines=1; cap=1; underlineDerived=false
20,Residential Condominium Contract (Resale),2d98b3e9-e212-4141-82fb-c619e806bf56,contract_buyer_names,Contract Buyer Names,eba55a0e-9813-4762-b8cc-a775051ce2cd,1,88.8,82.6,348.1,14,,false,false,false,false,LEAVE UNCHANGED,Appears to be a normal single-line value placement.,false,,Low — no mask recommended.,LEAVE UNCHANGED,lines=2; cap=1; underlineDerived=false
15,Residential Lease Listing,fd46b700-a54b-40be-85f5-b5860c9c2c30,lease_optional_common_area_fees_exception,Lease Optional Common Area Fees Exception,ebb1ad66-5cb4-4416-a1c9-625ae64d8d31,7,202.23,581.76,369.87,24.11,9,false,true,false,false,MEDIUM CONFIDENCE,Narrative field with ~2-line capacity; mask not recommended without line evidence.,false,,Low — no mask recommended.,MEDIUM CONFIDENCE,lines=0; cap=2; underlineDerived=false
20,Residential Condominium Contract (Resale),176da3c1-7ce7-4d8b-939d-677577621e21,CONTRACT_INTERMEDIARY_BUYER_SUPERVISOR_NAME,Intermediary Buyer Licensed Supervisor Name,ec63a77c-55de-4125-a73c-910da6f27fe9,9,230.6,663.1,240,14,,false,false,false,false,LEAVE UNCHANGED,Normally single-line value (amount/date/name/address/code field).,false,,Low — no mask recommended.,LEAVE UNCHANGED,lines=1; cap=1; underlineDerived=false
51,Itemization of Security Deposit,6427cd73-8d56-4112-9d18-ee3c45d947a5,BROKERAGE_NAME,Brokerage Name,ecc5a05e-939e-4c3b-bbfe-dec7470a8f31,3,85.5,430.5,310.5,14,9,false,false,false,false,LEAVE UNCHANGED,Normally single-line value (amount/date/name/address/code field).,false,,Low — no mask recommended.,LEAVE UNCHANGED,lines=0; cap=1; underlineDerived=true
15,Residential Lease Listing,72cdf8b6-cbe1-43d1-8c6e-c427bff8741d,LEASE_SCHEDULING_COMPANY,Lease Scheduling Company,eccf61fa-1950-4047-b4b1-1fabd5087141,5,278.43,190.76,200,14,9,false,false,false,false,LEAVE UNCHANGED,Normally single-line value (amount/date/name/address/code field).,false,,Low — no mask recommended.,LEAVE UNCHANGED,lines=0; cap=1; underlineDerived=false
20,Residential Condominium Contract (Resale),ca2edcac-dc88-4cc6-9334-fcf9f232665d,contract_condo_documents_delivery_days,Condominium Documents Delivery Days,ecf901a4-f034-4b00-b1fb-658774f03c0f,1,262.3,475.2,42.8,14,,false,false,false,false,LEAVE UNCHANGED,Appears to be a normal single-line value placement.,false,,Low — no mask recommended.,LEAVE UNCHANGED,lines=1; cap=1; underlineDerived=false
7,Listing Agreement,9960397d-e090-4299-be85-fb3af57d5e25,BROKERAGE_CITY_STATE_ZIP,"Brokerage City, State, Zip",ed0c5a3e-6279-4673-b5c1-fb4f8691e589,1,148.77,277.53,423.22,10.77,10,false,false,false,false,LEAVE UNCHANGED,Normally single-line value (amount/date/name/address/code field).,false,,Low — no mask recommended.,LEAVE UNCHANGED,lines=0; cap=1; underlineDerived=false
25,Condominium Resale Certificate,266f7209-cd12-477b-a061-93447c66f2e1,condo_resale_other_amounts_amount,Other Amounts Total,ed484d14-695e-44fc-8dd8-878ec8a4faed,1,72,281,91,12,9,false,false,false,false,LEAVE UNCHANGED,Normally single-line value (amount/date/name/address/code field).,false,,Low — no mask recommended.,LEAVE UNCHANGED,lines=0; cap=1; underlineDerived=false
37,FARM AND RANCH CONTRACT,64058a51-f1cb-4ad6-b359-c17169b3730f,contract_intermediary_seller_supervisor_phone,Intermediary Seller Supervisor Phone,ed592fcc-85fe-4a27-b789-7a56964f80c4,11,228.6,506.12,100,12,9,false,false,false,false,LEAVE UNCHANGED,Normally single-line value (amount/date/name/address/code field).,false,,Low — no mask recommended.,LEAVE UNCHANGED,lines=1; cap=1; underlineDerived=false
6,Wire Fraud Warning,6427cd73-8d56-4112-9d18-ee3c45d947a5,BROKERAGE_NAME,Brokerage Name,ed5afd15-7838-464a-a2ff-e7fbec622457,1,37.68,485.6,256,20.8,10,false,false,false,false,LEAVE UNCHANGED,Normally single-line value (amount/date/name/address/code field).,false,,Low — no mask recommended.,LEAVE UNCHANGED,lines=0; cap=1; underlineDerived=false
20,Residential Condominium Contract (Resale),a68f94bb-1c06-4b40-b54f-9889c945e80f,property_concerning_full_address,Contract Concerning Property Address,ed9024bf-afe0-4a5b-8613-376ba73d7fe9,2,120.1,31.6,295.4,14,,false,false,false,false,LEAVE UNCHANGED,Normally single-line value (amount/date/name/address/code field).,false,,Low — no mask recommended.,LEAVE UNCHANGED,lines=1; cap=1; underlineDerived=false
7,Listing Agreement,062a12a1-e0e3-425a-b995-0ad8492cc09c,brokerage_office_phone,Brokerage Office Phone,edacc578-b8ae-4314-a492-49dc47f7cec4,1,113.89,287.78,334.98,10.26,10,false,false,false,false,LEAVE UNCHANGED,Normally single-line value (amount/date/name/address/code field).,false,,Low — no mask recommended.,LEAVE UNCHANGED,lines=0; cap=1; underlineDerived=false
51,Itemization of Security Deposit,98602b8c-adab-44a6-9da3-056babb31940,txr_2216_delivery_hand_to,TXR-2216 Delivery — Hand Delivered To,edc9f32e-7012-4f82-ab57-52ec5f205142,3,126.5,508.5,305.5,14,9,false,false,false,false,LEAVE UNCHANGED,Normally single-line value (amount/date/name/address/code field).,false,,Low — no mask recommended.,LEAVE UNCHANGED,lines=0; cap=1; underlineDerived=true
20,Residential Condominium Contract (Resale),0b452669-1990-4870-a4c0-6caf3b9d4dc5,BUYER_1_CITY_STATE_ZIP,"Buyer 1 City, State, and Zip",edfb3880-d33b-4260-9e27-1bab80a69b0c,7,62.2,195.2,229.6,14,,false,false,false,false,LEAVE UNCHANGED,Normally single-line value (amount/date/name/address/code field).,false,,Low — no mask recommended.,LEAVE UNCHANGED,lines=1; cap=1; underlineDerived=false
20,Residential Condominium Contract (Resale),c8d807ad-10bf-4408-aeca-82c3591f7fc3,contract_seller_contribution_percent,Seller Contribution Percent,ee061a72-5c33-4667-b774-ebb838d77947,5,407.8,729,42,14,,false,false,false,false,LEAVE UNCHANGED,Appears to be a normal single-line value placement.,false,,Low — no mask recommended.,LEAVE UNCHANGED,lines=0; cap=1; underlineDerived=false
11,One to Four Residential,da9e14f5-6f26-4d0a-9f13-7e8097fed433,CONTRACT_SPECIAL_PROVISIONS,Special Provisions,ee524f14-559a-49b5-b69d-6aee0c20970f,6,68.46,553.56,495.04,23.6,9,false,true,false,true,MEDIUM CONFIDENCE,Narrative placement with writing-line evidence; enable multiline and mask after quick visual confirm.,false,,Confirm mask does not cover row labels or amount boxes beside the description.,MEDIUM CONFIDENCE,lines=3; cap=2; underlineDerived=false
11,One to Four Residential,dc54d9cb-8836-40d9-97ef-033173c2913f,contract_additional_earnest_money_amount,Additional Earnest Money Amount,ee53f21a-bef2-44c5-bb2b-21fb22c9b6f8,2,343.52,115.79,90,14,9,false,false,false,false,LEAVE UNCHANGED,Normally single-line value (amount/date/name/address/code field).,false,,Low — no mask recommended.,LEAVE UNCHANGED,lines=1; cap=1; underlineDerived=false
17,Third Party Financing Addendum,9bb8d984-78d7-4538-a4f7-7b372ea7cb69,txr_1901_any_financed_funding_fee_amortizable_monthly_for_not_less_than,Any Financed Funding Fee Amortizable Monthly For Not Less Than,ee5ac58a-807c-4152-b339-09191b4d2eaa,1,481.72,436.18,38.59,11.68,9,false,false,false,false,LEAVE UNCHANGED,Normally single-line value (amount/date/name/address/code field).,false,,Low — no mask recommended.,LEAVE UNCHANGED,lines=0; cap=1; underlineDerived=false
35,ANIMAL AGREEMENT,b7a1b6d2-dcdc-42a9-bfa9-64e766aa3c89,txr_2004_animal_4_color,TXR-2004 Animal 4 Color,ee87f7a8-f6b3-4558-8da6-d234c34472ef,1,104,521,75.7,14.11,9,false,false,false,false,LEAVE UNCHANGED,Normally single-line value (amount/date/name/address/code field).,false,,Low — no mask recommended.,LEAVE UNCHANGED,lines=0; cap=1; underlineDerived=false
45,NOTICE OF WITHDRAWAL OF OFFER,e0770cb3-066f-45d5-bb24-750682e1116f,txr_1945_option_a_notice_to,TXR-1945 Option A Notice To,f0164e81-6b53-4a5f-bbd7-3663ef82614d,1,185.5,313,196.2,14,9,false,false,false,false,LEAVE UNCHANGED,Normally single-line value (amount/date/name/address/code field).,false,,Low — no mask recommended.,LEAVE UNCHANGED,lines=0; cap=1; underlineDerived=true
18,Residential Lease,3120c541-4800-48cd-8c31-6be8e333a0d0,txr_2001_additional_fee_custom_2_amount,Custom fee 2 amount,f059c3b0-1e0b-43a3-9964-d97ff52d821d,1,190.92,684,23.74,14.11,9,false,false,false,false,LEAVE UNCHANGED,Normally single-line value (amount/date/name/address/code field).,false,,Low — no mask recommended.,LEAVE UNCHANGED,lines=0; cap=1; underlineDerived=false
7,Listing Agreement,9e2d6525-3f8c-46db-a306-49e7ac5c7051,PROPERTY_FULL_ADDRESS,Property Full Address,f060bb32-b683-429e-bae4-b44e4e5d78d8,5,161.08,18.98,407.32,17.95,10,false,false,false,false,LEAVE UNCHANGED,Normally single-line value (amount/date/name/address/code field).,false,,Low — no mask recommended.,LEAVE UNCHANGED,lines=0; cap=1; underlineDerived=false
7,Listing Agreement,9e2d6525-3f8c-46db-a306-49e7ac5c7051,PROPERTY_FULL_ADDRESS,Property Full Address,f096d8ab-3ebc-477d-a36d-4b0a9558205f,8,162.11,20.52,404.75,17.95,10,false,false,false,false,LEAVE UNCHANGED,Normally single-line value (amount/date/name/address/code field).,false,,Low — no mask recommended.,LEAVE UNCHANGED,lines=0; cap=1; underlineDerived=false
8,Request for Info From HOA,ebd158bc-9e5c-402a-a4c7-81770928bc2d,hoa_request_delivery_address,HOA Request Delivery Address,f09d3c20-8996-459e-a13a-03c19d347aa5,1,52.08,442.17,308.57,12.19,9,false,false,false,false,LEAVE UNCHANGED,Normally single-line value (amount/date/name/address/code field).,false,,Low — no mask recommended.,LEAVE UNCHANGED,lines=0; cap=1; underlineDerived=false
37,FARM AND RANCH CONTRACT,bf4fc543-73e0-40de-920b-cf580de76766,CONTRACT_SELLER_ASSOCIATE_LICENSE_NUMBER,Seller Associate License Number,f0ce0261-040e-444f-a011-a0d584053f0b,11,418.08,241.1,100,12,9,false,false,false,false,LEAVE UNCHANGED,Normally single-line value (amount/date/name/address/code field).,false,,Low — no mask recommended.,LEAVE UNCHANGED,lines=1; cap=1; underlineDerived=false
39,INTERMEDIARY RELATIONSHIP NOTICE,3698d278-52b8-4039-8345-f766f81ed826,CONTRACT_INTERMEDIARY_BUYER_ASSOCIATE_NAME,Intermediary Buyer Associate Name,f0d84774-b530-438e-a561-d5cc38fef48e,1,53.2,502.3,306.9,14,9,false,false,false,false,LEAVE UNCHANGED,Normally single-line value (amount/date/name/address/code field).,false,,Low — no mask recommended.,LEAVE UNCHANGED,lines=0; cap=1; underlineDerived=false
38,FARM AND RANCH REAL ESTATE LISTING AGREEMENT - EXCLUSIVE RIGHT TO SELL,de949694-58ee-4775-a99e-f68f48a8e30b,brokerage_fax,Brokerage Fax,f0e6d2d8-1ec8-4c51-bc0a-e0dfcac7b85b,1,412,307,164.1,14,9,false,false,false,false,LEAVE UNCHANGED,Normally single-line value (amount/date/name/address/code field).,false,,Low — no mask recommended.,LEAVE UNCHANGED,lines=0; cap=1; underlineDerived=false
7,Listing Agreement,daa0c0d6-78ce-4510-96a2-05fe371bf01a,buyer_broker_comp_percent,Buyer Broker Compensation Percent,f1108775-88f7-4129-853e-146dd0501691,2,91.17,420.88,45,14,9,false,true,false,false,REVIEW REQUIRED,Narrative purpose but current height is ~1 line — dimension increase may be needed to cover the printed writing area.,true,Height 14pt ≈ 1 line(s). Expand only after confirming intended lined region on the PDF.,Enlarging may approach amount columns or following rows — review carefully.,REVIEW REQUIRED,lines=0; cap=1; underlineDerived=false
7,Listing Agreement,5b8880d8-04de-4e56-ac0e-7ec5c0c70f3e,seller_name_1,Seller Name 1,f12374ff-4a8b-40c3-b80e-23737b6719ee,1,89.04,164.69,485.8,13.85,9,false,true,false,false,REVIEW REQUIRED,Narrative purpose but current height is ~1 line — dimension increase may be needed to cover the printed writing area.,true,Height 13.85pt ≈ 1 line(s). Expand only after confirming intended lined region on the PDF.,Enlarging may approach amount columns or following rows — review carefully.,REVIEW REQUIRED,lines=0; cap=1; underlineDerived=false
5,TILA-RESPA,6e21158b-ffce-47b7-b45f-bb02c17021e3,brokerage_email,Brokerage Email,f15db7aa-214a-488c-85c4-0696469a5ec3,1,93.53,352.43,395,14,9,false,false,false,false,LEAVE UNCHANGED,Normally single-line value (amount/date/name/address/code field).,false,,Low — no mask recommended.,LEAVE UNCHANGED,lines=0; cap=1; underlineDerived=false
38,FARM AND RANCH REAL ESTATE LISTING AGREEMENT - EXCLUSIVE RIGHT TO SELL,d2a7f794-9260-406f-9f27-94fb753056eb,property_legal_description,Property Legal Description,f1c7b788-ba27-40bc-bf86-7bb7ae60451c,1,72,426.5,504.1,40,9,false,true,false,false,MEDIUM CONFIDENCE,Tall narrative box (~3 lines) without conclusive line geometry; multiline recommended; mask only after visual confirm of printed lines.,false,,Low — no mask recommended.,MEDIUM CONFIDENCE,lines=0; cap=3; underlineDerived=false
47,RESIDENTIAL LEASING AND PROPERTY MANAGEMENT AGREEMENT,9e2d6525-3f8c-46db-a306-49e7ac5c7051,PROPERTY_FULL_ADDRESS,Property Full Address,f23e4a01-dd77-473c-8d8c-ab1af50df4d6,4,204.2,31.4,298.8,14,9,false,false,false,false,LEAVE UNCHANGED,Normally single-line value (amount/date/name/address/code field).,false,,Low — no mask recommended.,LEAVE UNCHANGED,lines=0; cap=1; underlineDerived=false
20,Residential Condominium Contract (Resale),f956d037-b9fa-4eb5-9267-f408a901e552,CONTRACT_INTERMEDIARY_BROKERAGE_LICENSE_NUMBER,Intermediary Brokerage License Number,f2519c1a-8630-4c7a-a233-518e715f46a3,9,177.6,504.2,130,14,,false,false,false,false,LEAVE UNCHANGED,Normally single-line value (amount/date/name/address/code field).,false,,Low — no mask recommended.,LEAVE UNCHANGED,lines=1; cap=1; underlineDerived=false
35,ANIMAL AGREEMENT,d90e4f96-17dc-4b0c-af03-c748d8b02498,txr_2004_animal_1_age,TXR-2004 Animal 1 Age,f27adcb1-2baf-4b52-9305-26c2a9edde64,1,391.74,376,39.13,14.11,9,false,false,false,false,LEAVE UNCHANGED,Normally single-line value (amount/date/name/address/code field).,false,,Low — no mask recommended.,LEAVE UNCHANGED,lines=0; cap=1; underlineDerived=false
25,Condominium Resale Certificate,3b310f67-f747-415e-826d-be55308aa2f7,condo_resale_unpaid_assessment_description,Unpaid Assessment Description,f2b8519d-ea7e-4ede-847a-b6ee56ecb8cc,1,399,249,148,12,9,false,true,false,false,REVIEW REQUIRED,Narrative purpose but current height is ~1 line — dimension increase may be needed to cover the printed writing area.,true,Height 12pt ≈ 1 line(s). Expand only after confirming intended lined region on the PDF.,Enlarging may approach amount columns or following rows — review carefully.,REVIEW REQUIRED,lines=0; cap=1; underlineDerived=false
14,Amendment to Contract,d9631ff4-647a-47d9-a091-d1a296b66d79,contract_amend_option_extension_date,Amendment Option Extension Date,f3392fe3-3618-4667-b1fd-dc5db807239d,1,85.54,373.81,130,14,9,false,false,false,false,LEAVE UNCHANGED,Normally single-line value (amount/date/name/address/code field).,false,,Low — no mask recommended.,LEAVE UNCHANGED,lines=0; cap=1; underlineDerived=false
1,Buyer Rep Agreement,e0a0835e-6f9f-457f-9c61-93bdb0e951cd,buyer_rep_agreement_between,Buyer/Tenant Representation Agreement between,f36e60d1-93fc-4e82-b591-ba69aa4f0470,6,247.3,22.45,323.96,16.68,10,false,false,false,false,LEAVE UNCHANGED,Appears to be a normal single-line value placement.,false,,Low — no mask recommended.,LEAVE UNCHANGED,lines=0; cap=1; underlineDerived=false
20,Residential Condominium Contract (Resale),3edc25a9-3620-4d2c-b053-9022ceb4afd8,CONTRACT_SELLER_NOTICE_PHONE,Seller Notice Phone,f3810a88-0b03-47ad-bed8-25ac85362024,7,377.3,209.2,166.4,14,,false,false,false,false,LEAVE UNCHANGED,Normally single-line value (amount/date/name/address/code field).,false,,Low — no mask recommended.,LEAVE UNCHANGED,lines=1; cap=1; underlineDerived=false
20,Residential Condominium Contract (Resale),5444edd7-00dd-4dae-abea-c41b2e44a86c,CONTRACT_SELLER_ASSOCIATE_EMAIL,Seller Associate Email,f3d1a00f-0f0a-48e8-bf9d-81c9af73542a,9,145.8,206.8,240,14,,false,false,false,false,LEAVE UNCHANGED,Normally single-line value (amount/date/name/address/code field).,false,,Low — no mask recommended.,LEAVE UNCHANGED,lines=1; cap=1; underlineDerived=false
15,Residential Lease Listing,9960397d-e090-4299-be85-fb3af57d5e25,BROKERAGE_CITY_STATE_ZIP,"Brokerage City, State, Zip",f3e47aac-ee19-4ef4-9687-92cadf923147,1,150.51,273.61,345,14,9,false,false,false,false,LEAVE UNCHANGED,Normally single-line value (amount/date/name/address/code field).,false,,Low — no mask recommended.,LEAVE UNCHANGED,lines=0; cap=1; underlineDerived=false
39,INTERMEDIARY RELATIONSHIP NOTICE,840176fc-0cc0-4735-b96f-f3ce86a30ee0,contract_intermediary_seller_associate_name,Intermediary Seller Associate Name,f3e9fdbf-c777-4e64-bf64-20be02120879,1,53.2,483.3,306.9,14,9,false,false,false,false,LEAVE UNCHANGED,Normally single-line value (amount/date/name/address/code field).,false,,Low — no mask recommended.,LEAVE UNCHANGED,lines=0; cap=1; underlineDerived=false
18,Residential Lease,9c8ac69d-34b1-4ff8-8c57-0c7f59878d4c,TXR_2001_UNAUTHORIZED_ANIMAL_INITIAL_CHARGE,Unauthorized animal initial charge,f401d0b6-3ca2-40d1-b4cb-78d76ed9026f,4,359,96,60,16,9,false,false,false,false,LEAVE UNCHANGED,Normally single-line value (amount/date/name/address/code field).,false,,Low — no mask recommended.,LEAVE UNCHANGED,lines=0; cap=1; underlineDerived=false
18,Residential Lease,a749373d-afa2-4dc1-a051-22503836ba9c,txr_2001_payment_place,Place of payment,f438c14f-e3cf-4dd5-96ae-e5552dde8f30,2,144,294.6,395.81,23.74,9,false,false,false,false,LEAVE UNCHANGED,Appears to be a normal single-line value placement.,false,,Low — no mask recommended.,LEAVE UNCHANGED,lines=0; cap=2; underlineDerived=false
37,FARM AND RANCH CONTRACT,d2a7f794-9260-406f-9f27-94fb753056eb,property_legal_description,Property Legal Description,f4693dfb-e4f5-476d-95c3-8746f2d2b8bf,1,77.58,154,482.42,19.89,9,false,true,false,false,REVIEW REQUIRED,Narrative purpose but current height is ~1 line — dimension increase may be needed to cover the printed writing area.,true,Height 19.89pt ≈ 1 line(s). Expand only after confirming intended lined region on the PDF.,Enlarging may approach amount columns or following rows — review carefully.,REVIEW REQUIRED,lines=2; cap=1; underlineDerived=false
8,Request for Info From HOA,fc1ef882-94e7-4c28-b74c-e5ef11761f01,hoa_request_delivery_phone,HOA Request Delivery Phone,f4b7a45f-aaac-4450-9838-5cb284e2a518,1,53.96,465.23,141.77,13.47,9,false,false,false,false,LEAVE UNCHANGED,Normally single-line value (amount/date/name/address/code field).,false,,Low — no mask recommended.,LEAVE UNCHANGED,lines=0; cap=1; underlineDerived=false
15,Residential Lease Listing,2b65e5e7-5e35-4c03-b573-b5ed7eedc624,lease_items_not_repaired,Lease Items Not Repaired,f4e8db7f-d22d-4fec-b5f5-6806b2862de2,10,335.78,239.09,270,14,9,false,false,false,false,LEAVE UNCHANGED,Appears to be a normal single-line value placement.,false,,Low — no mask recommended.,LEAVE UNCHANGED,lines=0; cap=1; underlineDerived=false
15,Residential Lease Listing,93d413c8-dbb4-4d4e-aca3-f1174f7ec106,landlord_name_2,Landlord Name 2,f53a6642-bd94-437d-8862-d9121c0fc0fb,1,101.92,163.13,390,14,9,false,false,false,false,LEAVE UNCHANGED,Normally single-line value (amount/date/name/address/code field).,false,,Low — no mask recommended.,LEAVE UNCHANGED,lines=0; cap=1; underlineDerived=false
8,Request for Info From HOA,d2e78fe9-79f1-42a3-84eb-4697cf5fdd3a,hoa_request_fee_amount,HOA Request Fee Amount,f579f94a-6fd5-46c2-b536-db5dd3e17e3b,1,102.49,577.7,76.98,14.75,9,false,false,false,false,LEAVE UNCHANGED,Normally single-line value (amount/date/name/address/code field).,false,,Low — no mask recommended.,LEAVE UNCHANGED,lines=0; cap=1; underlineDerived=false
15,Residential Lease Listing,5a098065-2be4-4461-9def-4d9ad765a3de,lease_yard_contractor_name,Lease Yard Contractor Name,f591fb7e-4329-4de6-ab20-22b064a7a5e0,10,129.2,160.36,180,14,9,false,false,false,false,LEAVE UNCHANGED,Normally single-line value (amount/date/name/address/code field).,false,,Low — no mask recommended.,LEAVE UNCHANGED,lines=0; cap=1; underlineDerived=false
34,AMENDMENT TO FARM AND RANCH LISTING - EXCLUSIVE RIGHT TO SELL,3fc21ef2-9fe6-4f64-b98f-615bc043a210,txr_1422_new_listing_price,TXR-1422 A New Listing Price,f5cbfad3-e98d-4467-9848-4449ee433f7f,1,380,258,110,14,9,false,false,false,false,LEAVE UNCHANGED,Normally single-line value (amount/date/name/address/code field).,false,,Low — no mask recommended.,LEAVE UNCHANGED,lines=0; cap=1; underlineDerived=false
20,Residential Condominium Contract (Resale),d1616f69-586d-4732-a7a0-665f46fda132,CONTRACT_INTERMEDIARY_BROKERAGE_NAME,Intermediary Brokerage Name,f5ff148c-31b5-4cbb-9874-8ed47842c117,9,51.6,475.3,193.7,14,,false,false,false,false,LEAVE UNCHANGED,Normally single-line value (amount/date/name/address/code field).,false,,Low — no mask recommended.,LEAVE UNCHANGED,lines=1; cap=1; underlineDerived=false
7,Listing Agreement,e5fb0efa-1301-475c-bc95-db0868262446,mls_delayed_days,MLS Delayed Days,f612dc86-c68b-4205-9291-c39c9c2827ea,4,457.97,353.9,60.53,13.85,9,false,true,false,false,REVIEW REQUIRED,Narrative purpose but current height is ~1 line — dimension increase may be needed to cover the printed writing area.,true,Height 13.85pt ≈ 1 line(s). Expand only after confirming intended lined region on the PDF.,Enlarging may approach amount columns or following rows — review carefully.,REVIEW REQUIRED,lines=0; cap=1; underlineDerived=false
47,RESIDENTIAL LEASING AND PROPERTY MANAGEMENT AGREEMENT,cf8825d9-a9f2-45f3-a0d5-db8bdd8fd97a,txr_2201_legal_fee_unit,Legal Proceedings Fee Unit,f62fa4aa-8473-42f1-8046-57fa788e0fa1,2,383,643.5,48,14,9,false,false,false,false,LEAVE UNCHANGED,Normally single-line value (amount/date/name/address/code field).,false,,Low — no mask recommended.,LEAVE UNCHANGED,lines=0; cap=1; underlineDerived=false
17,Third Party Financing Addendum,5aa1806b-c9d1-4d42-b567-e9aa5e222f6a,txr_1901_years,Years,f6622735-a210-4f78-aa1e-65a92f3db481,1,479.7,494.76,40.43,10.64,9,false,false,false,false,LEAVE UNCHANGED,Appears to be a normal single-line value placement.,false,,Low — no mask recommended.,LEAVE UNCHANGED,lines=0; cap=1; underlineDerived=false
20,Residential Condominium Contract (Resale),75942b36-d7f6-4075-ac11-1fd6d275c9bf,CONTRACT_INTERMEDIARY_BUYER_SUPERVISOR_PHONE,Intermediary Buyer Licensed Supervisor Phone,f66fdcf3-1d44-4b27-81e8-adbf809dde2c,9,234.4,677.5,132.2,14,,false,false,false,false,LEAVE UNCHANGED,Normally single-line value (amount/date/name/address/code field).,false,,Low — no mask recommended.,LEAVE UNCHANGED,lines=1; cap=1; underlineDerived=false
44,NOTICE TO PURCHASER OF SPECIAL TAXING OR ASSESSMENT DISTRICT,4584878e-40f5-47bf-b6ef-922365286b12,txr_1420_bonds_approved_road,TXR-1420 Bonds Approved Road,f68100f2-c624-4549-ad7b-47c7ab328549,1,94.3,588.6,100.9,14,9,false,false,false,false,LEAVE UNCHANGED,Appears to be a normal single-line value placement.,false,,Low — no mask recommended.,LEAVE UNCHANGED,lines=0; cap=1; underlineDerived=false
46,RELEASE OF EARNEST MONEY,9e2d6525-3f8c-46db-a306-49e7ac5c7051,PROPERTY_FULL_ADDRESS,Property Full Address,f76dbd0c-345f-47bb-af1f-43487f0fbd3a,1,74,201.6,466,14,9,false,false,false,false,LEAVE UNCHANGED,Normally single-line value (amount/date/name/address/code field).,false,,Low — no mask recommended.,LEAVE UNCHANGED,lines=0; cap=1; underlineDerived=true
11,One to Four Residential,844c64f4-b9a5-4b7b-9d42-939d556a1c7e,PROPERTY_ADDRESS_ZIP,Property ZIP,f7a1e2a1-c2ae-4e63-a6f3-5c5c0aaa7834,1,161.66,185.99,340.11,11.8,9,false,false,false,false,LEAVE UNCHANGED,Normally single-line value (amount/date/name/address/code field).,false,,Low — no mask recommended.,LEAVE UNCHANGED,lines=3; cap=1; underlineDerived=false
37,FARM AND RANCH CONTRACT,9e2d6525-3f8c-46db-a306-49e7ac5c7051,PROPERTY_FULL_ADDRESS,Property Full Address,f7bad64e-6087-461b-a6b0-888aa80dadcf,8,123.13,27.81,326.53,10.91,9,false,false,false,false,LEAVE UNCHANGED,Normally single-line value (amount/date/name/address/code field).,false,,Low — no mask recommended.,LEAVE UNCHANGED,lines=1; cap=1; underlineDerived=false
34,AMENDMENT TO FARM AND RANCH LISTING - EXCLUSIVE RIGHT TO SELL,49ea0784-cb24-44a1-b2f8-0c260e83b250,txr_1422_new_end_date,TXR-1422 B New End Date,f7c64ad7-3563-4e57-8c2e-66f873bb79a7,1,415.92,279.72,130,14,9,false,false,false,false,LEAVE UNCHANGED,Normally single-line value (amount/date/name/address/code field).,false,,Low — no mask recommended.,LEAVE UNCHANGED,lines=0; cap=1; underlineDerived=false
15,Residential Lease Listing,ad6e89a8-24ef-4ba7-adaa-18ef862d39df,lease_non_real_estate_items,Lease Non Real Estate Items,f7f8e678-43f3-4f9a-9cb2-f1c9bb6b9f05,1,83.71,490.01,470,28,9,true,true,true,true,LEAVE UNCHANGED,Already configured as multiline with mask; retain unless visual review finds over-masking.,false,,Low — no mask recommended.,LEAVE UNCHANGED,lines=0; cap=2; underlineDerived=false
48,SELLER'S TEMPORARY RESIDENTIAL LEASE,01a03121-ddad-4ae9-a0dd-6fe0d5939786,txr_1910_landlord_phone,TXR-1910 Landlord Notice Phone,f82ca65f-5d12-413e-b3cf-da19c3454b26,2,128.2,508,176.4,14,9,false,false,false,false,LEAVE UNCHANGED,Normally single-line value (amount/date/name/address/code field).,false,,Low — no mask recommended.,LEAVE UNCHANGED,lines=0; cap=1; underlineDerived=true
1,Buyer Rep Agreement,6e21158b-ffce-47b7-b45f-bb02c17021e3,brokerage_email,Brokerage Email,f835d559-723f-423e-9152-4acc5efeba6f,1,130.59,313.21,191.35,10.26,10,false,false,false,false,LEAVE UNCHANGED,Normally single-line value (amount/date/name/address/code field).,false,,Low — no mask recommended.,LEAVE UNCHANGED,lines=0; cap=1; underlineDerived=false
11,One to Four Residential,acefce9b-47b9-4981-be4e-b89b856b8b06,CONTRACT_INTERMEDIARY_BUYER_ASSOCIATE_EMAIL,Intermediary Buyer Associate Email,f84e3e16-8da7-4c83-9275-c253483d747d,11,161.2,640,250,14,9,false,false,false,false,LEAVE UNCHANGED,Normally single-line value (amount/date/name/address/code field).,false,,Low — no mask recommended.,LEAVE UNCHANGED,lines=1; cap=1; underlineDerived=false
44,NOTICE TO PURCHASER OF SPECIAL TAXING OR ASSESSMENT DISTRICT,3a1940ba-df8a-49ba-9a34-39231b8208ee,txr_1420_assessment_projected_value,TXR-1420 Assessment Projected Value,f890bb09-a624-4b80-8310-7d4121a2d657,1,145.3,477.9,206.9,14,9,false,false,false,false,LEAVE UNCHANGED,Appears to be a normal single-line value placement.,false,,Low — no mask recommended.,LEAVE UNCHANGED,lines=0; cap=1; underlineDerived=false
39,INTERMEDIARY RELATIONSHIP NOTICE,9e2d6525-3f8c-46db-a306-49e7ac5c7051,PROPERTY_FULL_ADDRESS,Property Full Address,f8b2a435-4a0e-4276-ac6b-50d0ad8f50e4,1,81.4,265.4,386.7,14,9,false,false,false,false,LEAVE UNCHANGED,Normally single-line value (amount/date/name/address/code field).,false,,Low — no mask recommended.,LEAVE UNCHANGED,lines=0; cap=1; underlineDerived=false
17,Third Party Financing Addendum,7a380b1e-1914-486a-85ec-b474cdc3bc1a,txr_1901_excluding_any_financed_mip_amortizable_monthly_for_not_less,Excluding Any Financed Mip Amortizable Monthly For Not Less,f8b80452-4b82-41bc-a082-189e5ecee8a6,1,94.69,379.24,105.82,10.64,9,false,false,false,false,LEAVE UNCHANGED,Appears to be a normal single-line value placement.,false,,Low — no mask recommended.,LEAVE UNCHANGED,lines=0; cap=1; underlineDerived=false
33,AMENDMENT TO BUYER/TENANT REPRESENTATION AGREEMENT,fa3f4988-2cc5-4654-af56-c40b3f6ff4a5,txr_1505_purchase_fee_percent,TXR-1505 D(1) Purchase Fee Percent,f901f99c-bc32-477e-886c-b89b94a6f5dd,1,161.43,312.08,40,14,9,false,false,false,false,LEAVE UNCHANGED,Normally single-line value (amount/date/name/address/code field).,false,,Low — no mask recommended.,LEAVE UNCHANGED,lines=0; cap=1; underlineDerived=false
47,RESIDENTIAL LEASING AND PROPERTY MANAGEMENT AGREEMENT,9c7cbeb8-1111-4193-875d-c6e566646fb4,txr_2201_modify_terms_accept_days,Modify Terms Acceptance Days,f90eb69d-8f1f-48b2-b0ec-923a24c13db5,2,104.2,43.8,38.8,14,9,false,false,false,false,LEAVE UNCHANGED,Appears to be a normal single-line value placement.,false,,Low — no mask recommended.,LEAVE UNCHANGED,lines=0; cap=1; underlineDerived=false
33,AMENDMENT TO BUYER/TENANT REPRESENTATION AGREEMENT,86768dcc-bafa-4ab8-ac99-c8647e516b64,txr_1505_bonus_amount,TXR-1505 E Bonus Amount,f910a118-4d61-4c26-8362-82472e13a877,1,462.87,428.64,75.06,12.83,9,false,false,false,false,LEAVE UNCHANGED,Normally single-line value (amount/date/name/address/code field).,false,,Low — no mask recommended.,LEAVE UNCHANGED,lines=0; cap=1; underlineDerived=false
9,Lead Based Paint Addendum,71975e43-4552-4f40-96ac-7e5fd3b2b173,lead_paint_records_list,List of records/reports provided,f98689af-f053-489c-a3b9-429a088b9ebd,1,86.16,326.6,505,12,10,false,true,false,false,REVIEW REQUIRED,Narrative purpose but current height is ~1 line — dimension increase may be needed to cover the printed writing area.,true,Height 12pt ≈ 1 line(s). Expand only after confirming intended lined region on the PDF.,Enlarging may approach amount columns or following rows — review carefully.,REVIEW REQUIRED,lines=1; cap=1; underlineDerived=false
37,FARM AND RANCH CONTRACT,9e2d6525-3f8c-46db-a306-49e7ac5c7051,PROPERTY_FULL_ADDRESS,Property Full Address,f9f9627c-34eb-41c6-b3aa-d8d59eeba1ff,7,121.2,25.89,364.38,12.19,9,false,false,false,false,LEAVE UNCHANGED,Normally single-line value (amount/date/name/address/code field).,false,,Low — no mask recommended.,LEAVE UNCHANGED,lines=0; cap=1; underlineDerived=false
20,Residential Condominium Contract (Resale),6181a1f8-374c-4861-9d92-0d540ca3fb58,contract_sales_price_cash,Contract Sales Price Cash,fa3e4861-5816-4ffd-b6f8-f8c642106bb6,2,438.4,62.8,119.6,14,,false,false,false,false,LEAVE UNCHANGED,Normally single-line value (amount/date/name/address/code field).,false,,Low — no mask recommended.,LEAVE UNCHANGED,lines=1; cap=1; underlineDerived=false
42,NOTICE OF LANDLORD'S INTENT NOT TO RENEW,9e2d6525-3f8c-46db-a306-49e7ac5c7051,PROPERTY_FULL_ADDRESS,Property Full Address,fab4318f-4782-4297-80dc-c857fb9fbc1f,1,238.2,173.4,337.8,27,9,false,false,false,false,LEAVE UNCHANGED,Normally single-line value (amount/date/name/address/code field).,false,,Low — no mask recommended.,LEAVE UNCHANGED,lines=0; cap=2; underlineDerived=false
11,One to Four Residential,9d8911a8-d341-4dbe-8d9c-3432c106caf9,CONTRACT_BUYER_SUPERVISOR_NAME,Buyer Supervisor Name,fab7ff5e-f24b-4ed0-9a77-b9466a074e97,11,216.54,384.17,240,14,9,false,false,false,false,LEAVE UNCHANGED,Normally single-line value (amount/date/name/address/code field).,false,,Low — no mask recommended.,LEAVE UNCHANGED,lines=1; cap=1; underlineDerived=false
37,FARM AND RANCH CONTRACT,4710d516-6d62-4dcb-9b33-138a84250414,txr_1701_survey_adjustment_terminate_days,Survey Adjustment Termination Days,face49cf-79e8-45a7-a5ea-7d1f8a2dba4e,1,256.91,642.68,30.15,13.47,9,false,false,false,false,LEAVE UNCHANGED,Normally single-line value (amount/date/name/address/code field).,false,,Low — no mask recommended.,LEAVE UNCHANGED,lines=1; cap=1; underlineDerived=false
51,Itemization of Security Deposit,c7475257-fb92-44d1-9b21-c6ba46216208,txr_2216_security_deposit_amount,TXR-2216 Security Deposit Tendered Amount,fb06b35d-455b-4ed3-9084-2b8aa81779ce,1,474.5,312.5,101.5,14,9,false,false,false,false,LEAVE UNCHANGED,Normally single-line value (amount/date/name/address/code field).,false,,Low — no mask recommended.,LEAVE UNCHANGED,lines=0; cap=1; underlineDerived=true
7,Listing Agreement,2fc32a2d-7d83-4cdb-9bea-1240139f5db2,listing_flat_fee,Listing Flat Fee,fb2a4217-5ea4-4c88-8773-f85ae177016c,2,357.9,319.01,70,14,9,false,true,false,false,REVIEW REQUIRED,Narrative purpose but current height is ~1 line — dimension increase may be needed to cover the printed writing area.,true,Height 14pt ≈ 1 line(s). Expand only after confirming intended lined region on the PDF.,Enlarging may approach amount columns or following rows — review carefully.,REVIEW REQUIRED,lines=0; cap=1; underlineDerived=false
35,ANIMAL AGREEMENT,b37c1f72-32b8-454f-8d73-36a93e1ed4ff,txr_2004_animal_4_weight,TXR-2004 Animal 4 Weight,fb73c113-0355-4832-98dd-77312f52040b,1,221.81,520.36,70,14,9,false,false,false,false,LEAVE UNCHANGED,Normally single-line value (amount/date/name/address/code field).,false,,Low — no mask recommended.,LEAVE UNCHANGED,lines=0; cap=1; underlineDerived=false
15,Residential Lease Listing,b021bc15-28df-4a53-a206-2bd496ad9634,lease_guest_days,Lease Guest Days,fb866cf8-37fc-4741-912a-7078377727a7,10,342.46,52.18,60,14,9,false,false,false,false,LEAVE UNCHANGED,Appears to be a normal single-line value placement.,false,,Low — no mask recommended.,LEAVE UNCHANGED,lines=0; cap=1; underlineDerived=false
51,Itemization of Security Deposit,83f1ac79-e97a-401b-9d9c-e404cad3a662,txr_2216_other_description,TXR-2216 Other Deduction Description,fb9a57f5-5bc2-4cb4-9f01-e2365dbc4d54,2,62,609.7,370.4,100,9,false,true,false,true,HIGH CONFIDENCE,Narrative multi-line area (~9 lines). Preprinted writing lines/underlines indicated in placement (underline/glyph-derived or underscore evidence).,false,,"White mask must stay inside the placement box so adjacent amount columns, row labels, and borders remain visible.",HIGH CONFIDENCE,lines=0; cap=9; underlineDerived=true
37,FARM AND RANCH CONTRACT,840176fc-0cc0-4735-b96f-f3ce86a30ee0,contract_intermediary_seller_associate_name,Intermediary Seller Associate Name,fbec45e8-a81a-45b9-bcd8-c677078f3f6b,11,190.9,448.18,180,12,9,false,false,false,false,LEAVE UNCHANGED,Normally single-line value (amount/date/name/address/code field).,false,,Low — no mask recommended.,LEAVE UNCHANGED,lines=1; cap=1; underlineDerived=false
7,Listing Agreement,9e2d6525-3f8c-46db-a306-49e7ac5c7051,PROPERTY_FULL_ADDRESS,Property Full Address,fc059396-3088-4192-a092-73171eb5faa5,10,159.54,18.46,405.26,17.95,10,false,false,false,false,LEAVE UNCHANGED,Normally single-line value (amount/date/name/address/code field).,false,,Low — no mask recommended.,LEAVE UNCHANGED,lines=0; cap=1; underlineDerived=false
27,NOTICE OF TERMINATION OF RESIDENTIAL LEASING AND PROPERTY MANAGEMENT AGREEMENT,9a787aea-8c7a-4564-bb9e-d6ed747b949f,txr_2222_from_name,TXR-2222 Notice FROM Name,fc1dcf78-41c4-4b65-92ca-618c3e25fcfc,1,78,168,342,14,9,false,false,false,false,LEAVE UNCHANGED,Normally single-line value (amount/date/name/address/code field).,false,,Low — no mask recommended.,LEAVE UNCHANGED,lines=0; cap=1; underlineDerived=false
14,Amendment to Contract,7e2eff40-95de-44e7-bee0-1625d9ba166e,contract_amend_other_modifications_text,Amendment Other Modifications Text,fc5dedba-84a4-46d2-a3f6-167ae8eb3707,1,72.64,457.17,490,35,9,false,false,false,false,REVIEW REQUIRED,Tall placement without clear narrative purpose — visual review before enabling multiline.,false,,Low — no mask recommended.,REVIEW REQUIRED,lines=3; cap=3; underlineDerived=false
37,FARM AND RANCH CONTRACT,fc51201d-953c-4d8d-b6f6-892e5665c488,contract_escrow_agent_name,Escrow Agent Name,fd37656d-cec4-4621-94e8-32349e83031a,2,158.42,297.09,160,12,9,false,false,false,false,LEAVE UNCHANGED,Normally single-line value (amount/date/name/address/code field).,false,,Low — no mask recommended.,LEAVE UNCHANGED,lines=1; cap=1; underlineDerived=false
44,NOTICE TO PURCHASER OF SPECIAL TAXING OR ASSESSMENT DISTRICT,3ee1ff14-5b9a-4598-83a4-0988c5f8e1b5,txr_1420_tax_projected_rate,TXR-1420 Tax Projected Rate,fd58be55-6c71-4f04-808f-32af4a1b3db8,1,69.4,340.5,170.3,14,9,false,false,false,false,LEAVE UNCHANGED,Appears to be a normal single-line value placement.,false,,Low — no mask recommended.,LEAVE UNCHANGED,lines=0; cap=1; underlineDerived=false
7,Listing Agreement,9e2d6525-3f8c-46db-a306-49e7ac5c7051,PROPERTY_FULL_ADDRESS,Property Full Address,fdda3489-55eb-4c16-aea7-a98d975bfbb6,6,162.11,21.54,402.19,17.95,10,false,false,false,false,LEAVE UNCHANGED,Normally single-line value (amount/date/name/address/code field).,false,,Low — no mask recommended.,LEAVE UNCHANGED,lines=0; cap=1; underlineDerived=false
5,TILA-RESPA,3c926f66-7317-4938-b7c9-8af764facb7d,brokerage_license_number,Brokerage License Number,fde4c30a-0fc5-425d-b385-c2326ebb698b,1,180.38,300.79,150,14,9,false,false,false,false,LEAVE UNCHANGED,Normally single-line value (amount/date/name/address/code field).,false,,Low — no mask recommended.,LEAVE UNCHANGED,lines=0; cap=1; underlineDerived=false
51,Itemization of Security Deposit,d35b9193-3c9e-4f7f-b4bc-adc53dcd4a31,txr_2216_delivery_certified_mail_no,TXR-2216 Delivery — Certified Mail No.,fe03e5e5-2424-46f2-bb7a-e0ce2b88f98d,3,322,498.5,254,14,9,false,false,false,false,LEAVE UNCHANGED,Normally single-line value (amount/date/name/address/code field).,false,,Low — no mask recommended.,LEAVE UNCHANGED,lines=0; cap=1; underlineDerived=true
7,Listing Agreement,31b47d47-9fa6-454e-874e-a1a36ef2c1c0,PAYMENT_COUNTY,Payment County,fe198bbb-b51d-47dd-90c7-81f0bd547bf0,4,71.76,79.23,279.58,13.85,9,false,true,false,false,REVIEW REQUIRED,Narrative purpose but current height is ~1 line — dimension increase may be needed to cover the printed writing area.,true,Height 13.85pt ≈ 1 line(s). Expand only after confirming intended lined region on the PDF.,Enlarging may approach amount columns or following rows — review carefully.,REVIEW REQUIRED,lines=0; cap=1; underlineDerived=false
34,AMENDMENT TO FARM AND RANCH LISTING - EXCLUSIVE RIGHT TO SELL,9df03cc9-a8e0-45c2-9215-92bc560310d5,txr_1422_amendment_effective_date,TXR-1422 Amendment Effective Date,fe45c436-5b57-47a7-b61f-b9cf04ee2a45,1,85,235,120,14,9,false,false,false,false,LEAVE UNCHANGED,Normally single-line value (amount/date/name/address/code field).,false,,Low — no mask recommended.,LEAVE UNCHANGED,lines=0; cap=1; underlineDerived=false
13,Amendment to Listing Agreement,e46d6da2-6e76-4c55-811a-397455a9fea4,listing_amendment_new_listing_price,New Listing Price,fe783c69-f4dd-45f9-af78-41e818f384db,1,382.26,259.7,103.28,14.75,9,false,false,false,false,LEAVE UNCHANGED,Normally single-line value (amount/date/name/address/code field).,false,,Low — no mask recommended.,LEAVE UNCHANGED,lines=0; cap=1; underlineDerived=false
20,Residential Condominium Contract (Resale),5344edf6-26fb-43eb-970e-ba3a0559218f,CONTRACT_SELLER_AGENT_NOTICE_PHONE,Seller Agent Notice Phone,fe9a466a-26db-4a1c-a919-a2ff917f0a0b,7,363,302.2,180.7,14,,false,false,false,false,LEAVE UNCHANGED,Normally single-line value (amount/date/name/address/code field).,false,,Low — no mask recommended.,LEAVE UNCHANGED,lines=1; cap=1; underlineDerived=false
51,Itemization of Security Deposit,66f0aa18-6347-4dd2-b9bd-4c2cc95b2f9e,txr_2216_balance_after_deductions,TXR-2216 Balance After Deductions,ff046dea-956e-4177-b5ef-6d3a20eb7b88,3,474.5,99.5,101.5,14,9,false,false,false,false,LEAVE UNCHANGED,Normally single-line value (amount/date/name/address/code field).,false,,Low — no mask recommended.,LEAVE UNCHANGED,lines=0; cap=1; underlineDerived=true
43,NOTICE OF SELLER'S TERMINATION OF CONTRACT,94620a28-924f-4d7d-a6de-d7a27097ed2b,txr_1950_terminate_other_text,TXR-1950 Terminate Other Text,ff7b46ef-f5c4-42b3-b2ff-73b80dcbd934,1,72.5,289,464.3,68.4,9,false,false,false,false,REVIEW REQUIRED,Tall placement without clear narrative purpose — visual review before enabling multiline.,false,,Low — no mask recommended.,REVIEW REQUIRED,lines=0; cap=6; underlineDerived=false
17,Third Party Financing Addendum,1cad0496-a61c-41bd-ba4d-9240bd3e6b17,txr_1901_for_a_period_in_the_total_amount_of,For A Period In The Total Amount Of,ff85a4e1-3de9-4438-a1dc-be16b0c97aa5,1,94.68,343.76,94.66,11.68,9,false,false,false,false,LEAVE UNCHANGED,Normally single-line value (amount/date/name/address/code field).,false,,Low — no mask recommended.,LEAVE UNCHANGED,lines=0; cap=1; underlineDerived=false
11,One to Four Residential,527089d0-d9e2-4e69-b905-cfed2f9f124e,contract_seller_attorney_phone,Seller Attorney Phone,ffff3c68-81d5-44f3-9532-8fe24af8f9a4,9,420.73,663.81,140,14,9,false,false,false,false,LEAVE UNCHANGED,Normally single-line value (amount/date/name/address/code field).,false,,Low — no mask recommended.,LEAVE UNCHANGED,lines=0; cap=1; underlineDerived=false