Review Number,Form ID,Form Name,Form Version / Revision,Form Ownership,Page,Field ID,Field Key,Field Label,Mapping ID,Field Type,Source Type,Source Path,X,Y,Width,Height,Font Size,Current Multiline,Audit Recommended Multiline,Lee Approves Multiline,Current Mask,Audit Recommended Mask,Lee Approves Mask,Dimension Review Recommended,Lee Approves Dimension Review,Confidence,Audit Reason,Surrounding Content Risk,Dimension Notes,Existing Notes,Lee Notes,Review Status,Visual Reference
1,28,ADDENDUM CONCERNING RIGHT TO TERMINATE DUE TO LENDER'S APPRAISAL,TXR-1948-11-15-2018,GLOBAL,1,9e2d6525-3f8c-46db-a306-49e7ac5c7051,PROPERTY_FULL_ADDRESS,Property Full Address,d5059a85-ed68-4a1d-8350-722b6206ec27,text,packet_property,full_address,225,126,353,16,9,false,true,,false,false,,true,,REVIEW REQUIRED,Narrative purpose but current height is ~1 line — dimension increase may be needed to cover the printed writing area.,Enlarging may approach amount columns or following rows — review carefully.,Height 16pt ≈ 1 line(s). Expand only after confirming intended lined region on the PDF.,Batch addenda 28–32 initial production Draft placement (approximate) | lines=0; cap=1; underlineDerived=false,,Not Reviewed,_audit_tmp/prod-multiline-mask-audit/pdfs/form-28.pdf#page=1
2,28,ADDENDUM CONCERNING RIGHT TO TERMINATE DUE TO LENDER'S APPRAISAL,TXR-1948-11-15-2018,GLOBAL,1,ec4241cd-30d6-4e77-a8db-60f1d8ffd27c,txr_1948_partial_waiver_opinion_value,TXR-1948 Partial Waiver Opinion of Value Threshold,1f7c4340-a91a-4232-aecb-6dd916308df7,text / currency,manual_only,,230,380,102,14,9,false,true,,false,false,,true,,REVIEW REQUIRED,Narrative purpose but current height is ~1 line — dimension increase may be needed to cover the printed writing area.,Enlarging may approach amount columns or following rows — review carefully.,Height 14pt ≈ 1 line(s). Expand only after confirming intended lined region on the PDF.,Batch addenda 28–32 initial production Draft placement (approximate) | lines=0; cap=1; underlineDerived=false,,Not Reviewed,_audit_tmp/prod-multiline-mask-audit/pdfs/form-28.pdf#page=1
3,28,ADDENDUM CONCERNING RIGHT TO TERMINATE DUE TO LENDER'S APPRAISAL,TXR-1948-11-15-2018,GLOBAL,1,a7b24df3-8ea4-4ca9-8f3b-26db17281415,txr_1948_terminate_within_days,TXR-1948 Terminate Within Days,4c6b39b5-e54c-481b-aace-2d1e61f48a87,number,manual_only,,65,462,45,14,9,false,true,,false,false,,true,,REVIEW REQUIRED,Narrative purpose but current height is ~1 line — dimension increase may be needed to cover the printed writing area.,Enlarging may approach amount columns or following rows — review carefully.,Height 14pt ≈ 1 line(s). Expand only after confirming intended lined region on the PDF.,Batch addenda 28–32 initial production Draft placement (approximate) | lines=0; cap=1; underlineDerived=false,,Not Reviewed,_audit_tmp/prod-multiline-mask-audit/pdfs/form-28.pdf#page=1
4,28,ADDENDUM CONCERNING RIGHT TO TERMINATE DUE TO LENDER'S APPRAISAL,TXR-1948-11-15-2018,GLOBAL,1,e0dce2ce-5cc3-4dc0-95aa-1db7067691be,txr_1948_appraised_value_less_than,TXR-1948 Appraised Value Less Than,389c38bf-625c-4b0b-94b3-8f2c9584c8c9,text / currency,manual_only,,125,493,95,14,9,false,true,,false,false,,true,,REVIEW REQUIRED,Narrative purpose but current height is ~1 line — dimension increase may be needed to cover the printed writing area.,Enlarging may approach amount columns or following rows — review carefully.,Height 14pt ≈ 1 line(s). Expand only after confirming intended lined region on the PDF.,Batch addenda 28–32 initial production Draft placement (approximate) | lines=0; cap=1; underlineDerived=false,,Not Reviewed,_audit_tmp/prod-multiline-mask-audit/pdfs/form-28.pdf#page=1
5,29,"ADDENDUM FOR ""BACK-UP"" CONTRACT",TXR-1909-05-04-2026,GLOBAL,1,9e2d6525-3f8c-46db-a306-49e7ac5c7051,PROPERTY_FULL_ADDRESS,Property Full Address,bc8ae565-818f-4841-9375-6bb79523db31,text,packet_property,full_address,50,121.21,510,14,9,false,true,,false,false,,true,,REVIEW REQUIRED,Narrative purpose but current height is ~1 line — dimension increase may be needed to cover the printed writing area.,Enlarging may approach amount columns or following rows — review carefully.,Height 14pt ≈ 1 line(s). Expand only after confirming intended lined region on the PDF.,Batch addenda 28–32 initial production Draft placement (approximate) | lines=0; cap=1; underlineDerived=false,,Not Reviewed,_audit_tmp/prod-multiline-mask-audit/pdfs/form-29.pdf#page=1
6,29,"ADDENDUM FOR ""BACK-UP"" CONTRACT",TXR-1909-05-04-2026,GLOBAL,1,0fb91bfa-48aa-4c4e-a667-75b0f8ccf207,txr_1909_additional_earnest_money,TXR-1909 Additional Earnest Money,8af64fb8-e718-45e5-b9e0-5a3a62889cda,text / currency,manual_only,,343.62,254.15,53.89,14.75,9,false,true,,false,false,,true,,REVIEW REQUIRED,Narrative purpose but current height is ~1 line — dimension increase may be needed to cover the printed writing area.,Enlarging may approach amount columns or following rows — review carefully.,Height 14.75pt ≈ 1 line(s). Expand only after confirming intended lined region on the PDF.,Batch addenda 28–32 initial production Draft placement (approximate) | lines=0; cap=1; underlineDerived=false,,Not Reviewed,_audit_tmp/prod-multiline-mask-audit/pdfs/form-29.pdf#page=1
7,29,"ADDENDUM FOR ""BACK-UP"" CONTRACT",TXR-1909-05-04-2026,GLOBAL,1,6b783487-b80d-483c-9ac6-16bc9d97b549,txr_1909_additional_option_fee,TXR-1909 Additional Option Fee,a78f79c3-9ce7-4f6a-b9c8-b29129cd4081,text / currency,manual_only,,85.92,266.43,60.3,13.47,9,false,true,,false,false,,true,,REVIEW REQUIRED,Narrative purpose but current height is ~1 line — dimension increase may be needed to cover the printed writing area.,Enlarging may approach amount columns or following rows — review carefully.,Height 13.47pt ≈ 1 line(s). Expand only after confirming intended lined region on the PDF.,Batch addenda 28–32 initial production Draft placement (approximate) | lines=0; cap=1; underlineDerived=false,,Not Reviewed,_audit_tmp/prod-multiline-mask-audit/pdfs/form-29.pdf#page=1
8,29,"ADDENDUM FOR ""BACK-UP"" CONTRACT",TXR-1909-05-04-2026,GLOBAL,1,283d4322-9459-4368-b746-b4cdae8d1cef,txr_1909_delivery_days,TXR-1909 Delivery Days After Amended Effective Date,62d55214-3239-4115-ae97-66c7890b0128,number,manual_only,,275,269,45,14,9,false,true,,false,false,,true,,REVIEW REQUIRED,Narrative purpose but current height is ~1 line — dimension increase may be needed to cover the printed writing area.,Enlarging may approach amount columns or following rows — review carefully.,Height 14pt ≈ 1 line(s). Expand only after confirming intended lined region on the PDF.,Batch addenda 28–32 initial production Draft placement (approximate) | lines=0; cap=1; underlineDerived=false,,Not Reviewed,_audit_tmp/prod-multiline-mask-audit/pdfs/form-29.pdf#page=1
9,29,"ADDENDUM FOR ""BACK-UP"" CONTRACT",TXR-1909-05-04-2026,GLOBAL,2,9e2d6525-3f8c-46db-a306-49e7ac5c7051,PROPERTY_FULL_ADDRESS,Property Full Address,93185ea7-076c-4601-baa1-681b5bd7b19a,text,packet_property,full_address,177.66,38.51,328.45,18.6,9,false,true,,false,false,,true,,REVIEW REQUIRED,Narrative purpose but current height is ~1 line — dimension increase may be needed to cover the printed writing area.,Enlarging may approach amount columns or following rows — review carefully.,Height 18.6pt ≈ 1 line(s). Expand only after confirming intended lined region on the PDF.,Batch addenda 28–32 initial production Draft placement (approximate) | lines=1; cap=1; underlineDerived=false,,Not Reviewed,_audit_tmp/prod-multiline-mask-audit/pdfs/form-29.pdf#page=2
10,12,Addendum for Property Subject to Mandatory Membership in a Property Owners Association,TXR-1922-11-07-2022,GLOBAL,1,87e657c2-c6b5-453e-8a53-6ab8e88da138,hoa_addendum_seller_delivery_days,HOA Addendum Seller Delivery Days,86b03f89-2327-4504-af74-e39f83404f82,text / integer,manual_only,,104,223.2,69.6,14.4,10,false,true,,false,false,,true,,REVIEW REQUIRED,Narrative purpose but current height is ~1 line — dimension increase may be needed to cover the printed writing area.,Enlarging may approach amount columns or following rows — review carefully.,Height 14.4pt ≈ 1 line(s). Expand only after confirming intended lined region on the PDF.,lines=0; cap=1; underlineDerived=false,,Not Reviewed,_audit_tmp/prod-multiline-mask-audit/pdfs/form-12.pdf#page=1
11,12,Addendum for Property Subject to Mandatory Membership in a Property Owners Association,TXR-1922-11-07-2022,GLOBAL,1,10f7af2c-a9e6-4161-88bd-759efbf73dae,hoa_addendum_buyer_delivery_days,HOA Addendum Buyer Delivery Days,333440fb-ba4a-4d1d-ac05-d75da00e30a2,text / integer,manual_only,,106.4,278.4,72,16.8,10,false,true,,false,false,,true,,REVIEW REQUIRED,Narrative purpose but current height is ~1 line — dimension increase may be needed to cover the printed writing area.,Enlarging may approach amount columns or following rows — review carefully.,Height 16.8pt ≈ 1 line(s). Expand only after confirming intended lined region on the PDF.,lines=0; cap=1; underlineDerived=false,,Not Reviewed,_audit_tmp/prod-multiline-mask-audit/pdfs/form-12.pdf#page=1
12,30,ADDENDUM FOR SALE OF OTHER PROPERTY BY BUYER,TXR-1908-12-05-2011,GLOBAL,1,9e2d6525-3f8c-46db-a306-49e7ac5c7051,PROPERTY_FULL_ADDRESS,Property Full Address,2091ee38-a746-4c77-b08a-c8030aa04e57,text,packet_property,full_address,51.92,151.98,510,14,9,false,true,,false,false,,true,,REVIEW REQUIRED,Narrative purpose but current height is ~1 line — dimension increase may be needed to cover the printed writing area.,Enlarging may approach amount columns or following rows — review carefully.,Height 14pt ≈ 1 line(s). Expand only after confirming intended lined region on the PDF.,Batch addenda 28–32 initial production Draft placement (approximate) | lines=0; cap=1; underlineDerived=false,,Not Reviewed,_audit_tmp/prod-multiline-mask-audit/pdfs/form-30.pdf#page=1
13,30,ADDENDUM FOR SALE OF OTHER PROPERTY BY BUYER,TXR-1908-12-05-2011,GLOBAL,1,d5d0fd48-69d4-4a63-a2b5-c0cfdc604eff,txr_1908_buyer_other_property_address,TXR-1908 Buyer Other Property Address,dda3b0d5-f35a-41c2-847b-84240ed8f1b8,text,manual_only,,70,223,480,14,9,false,true,,false,false,,true,,REVIEW REQUIRED,Narrative purpose but current height is ~1 line — dimension increase may be needed to cover the printed writing area.,Enlarging may approach amount columns or following rows — review carefully.,Height 14pt ≈ 1 line(s). Expand only after confirming intended lined region on the PDF.,Batch addenda 28–32 initial production Draft placement (approximate) | lines=0; cap=1; underlineDerived=false,,Not Reviewed,_audit_tmp/prod-multiline-mask-audit/pdfs/form-30.pdf#page=1
14,30,ADDENDUM FOR SALE OF OTHER PROPERTY BY BUYER,TXR-1908-12-05-2011,GLOBAL,1,f69d76d5-9af6-4b9c-86d2-512d563a7860,txr_1908_waiver_days_after_notice,TXR-1908 Waiver Days After Seller Notice,c54302fe-b824-45b0-ae01-fdb5a77b96d4,number,manual_only,,146.25,332.92,88.53,12.19,9,false,true,,false,false,,true,,REVIEW REQUIRED,Narrative purpose but current height is ~1 line — dimension increase may be needed to cover the printed writing area.,Enlarging may approach amount columns or following rows — review carefully.,Height 12.19pt ≈ 1 line(s). Expand only after confirming intended lined region on the PDF.,Batch addenda 28–32 initial production Draft placement (approximate) | lines=0; cap=1; underlineDerived=false,,Not Reviewed,_audit_tmp/prod-multiline-mask-audit/pdfs/form-30.pdf#page=1
15,30,ADDENDUM FOR SALE OF OTHER PROPERTY BY BUYER,TXR-1908-12-05-2011,GLOBAL,1,238e9b3c-e947-4db1-9b52-8489644066d5,txr_1908_additional_earnest_money,TXR-1908 Additional Earnest Money,9cca3c75-5d14-4965-b768-3e2486168c7b,text / currency,manual_only,,506.57,364.36,60.94,13.47,9,false,true,,false,false,,true,,REVIEW REQUIRED,Narrative purpose but current height is ~1 line — dimension increase may be needed to cover the printed writing area.,Enlarging may approach amount columns or following rows — review carefully.,Height 13.47pt ≈ 1 line(s). Expand only after confirming intended lined region on the PDF.,Batch addenda 28–32 initial production Draft placement (approximate) | lines=0; cap=1; underlineDerived=false,,Not Reviewed,_audit_tmp/prod-multiline-mask-audit/pdfs/form-30.pdf#page=1
16,31,ADDENDUM REGARDING FIXTURE LEASES,TXR-1954-11-07-2022,GLOBAL,1,9e2d6525-3f8c-46db-a306-49e7ac5c7051,PROPERTY_FULL_ADDRESS,Property Full Address,2fc78990-e721-40ab-bb89-8a01bba13730,text,packet_property,full_address,244.89,120,330.38,11.55,9,false,true,,false,false,,true,,REVIEW REQUIRED,Narrative purpose but current height is ~1 line — dimension increase may be needed to cover the printed writing area.,Enlarging may approach amount columns or following rows — review carefully.,Height 11.55pt ≈ 1 line(s). Expand only after confirming intended lined region on the PDF.,Batch addenda 28–32 initial production Draft placement (approximate) | lines=0; cap=1; underlineDerived=false,,Not Reviewed,_audit_tmp/prod-multiline-mask-audit/pdfs/form-31.pdf#page=1
17,31,ADDENDUM REGARDING FIXTURE LEASES,TXR-1954-11-07-2022,GLOBAL,1,8057046e-0a57-41cb-b51d-02d3ec3a2f55,txr_1954_fixture_other_description,TXR-1954 Other Fixture Description,b4121ac3-4b55-4033-87da-0f2212bd0f78,text,manual_only,,494.74,186.97,70,14,9,false,true,,false,false,,true,,REVIEW REQUIRED,Narrative purpose but current height is ~1 line — dimension increase may be needed to cover the printed writing area.,Enlarging may approach amount columns or following rows — review carefully.,Height 14pt ≈ 1 line(s). Expand only after confirming intended lined region on the PDF.,Batch addenda 28–32 initial production Draft placement (approximate) | lines=0; cap=1; underlineDerived=false,,Not Reviewed,_audit_tmp/prod-multiline-mask-audit/pdfs/form-31.pdf#page=1
18,31,ADDENDUM REGARDING FIXTURE LEASES,TXR-1954-11-07-2022,GLOBAL,1,fb52928e-54f8-4236-a1a4-476c45b2603f,txr_1954_assume_cost_buyer_first,TXR-1954 Buyer First Cost to Assume,575de9c9-0b97-4748-8e9f-b37b7a9cd504,text / currency,manual_only,,482.9,247.95,90,14,9,false,true,,false,false,,true,,REVIEW REQUIRED,Narrative purpose but current height is ~1 line — dimension increase may be needed to cover the printed writing area.,Enlarging may approach amount columns or following rows — review carefully.,Height 14pt ≈ 1 line(s). Expand only after confirming intended lined region on the PDF.,Batch addenda 28–32 initial production Draft placement (approximate) | lines=0; cap=1; underlineDerived=false,,Not Reviewed,_audit_tmp/prod-multiline-mask-audit/pdfs/form-31.pdf#page=1
19,31,ADDENDUM REGARDING FIXTURE LEASES,TXR-1954-11-07-2022,GLOBAL,1,cc209da0-62c2-443f-9b47-dc8d9ac831ec,txr_1954_assume_other_lease_description,TXR-1954 Other Assumed Lease Description,c51713bc-0425-4878-9eae-83bd33e11649,text,manual_only,,103.34,249.49,200,14,9,false,true,,false,false,,true,,REVIEW REQUIRED,Narrative purpose but current height is ~1 line — dimension increase may be needed to cover the printed writing area.,Enlarging may approach amount columns or following rows — review carefully.,Height 14pt ≈ 1 line(s). Expand only after confirming intended lined region on the PDF.,Batch addenda 28–32 initial production Draft placement (approximate) | lines=0; cap=1; underlineDerived=false,,Not Reviewed,_audit_tmp/prod-multiline-mask-audit/pdfs/form-31.pdf#page=1
20,31,ADDENDUM REGARDING FIXTURE LEASES,TXR-1954-11-07-2022,GLOBAL,1,52a7e2fd-67cc-4774-880b-afddf746c5b4,txr_1954_oral_leases_description,TXR-1954 Oral Fixture Lease Description,85a5e708-61fa-4e71-9031-b9ae02f109c0,text,manual_only,,85.39,461.95,480.16,21.03,9,false,true,,false,false,,true,,REVIEW REQUIRED,Narrative purpose but current height is ~1 line — dimension increase may be needed to cover the printed writing area.,Enlarging may approach amount columns or following rows — review carefully.,Height 21.03pt ≈ 1 line(s). Expand only after confirming intended lined region on the PDF.,Batch addenda 28–32 initial production Draft placement (approximate) | lines=0; cap=1; underlineDerived=false,,Not Reviewed,_audit_tmp/prod-multiline-mask-audit/pdfs/form-31.pdf#page=1
21,32,ADDENDUM REGARDING RESIDENTIAL LEASES,TXR-1953-11-07-2022,GLOBAL,1,9e2d6525-3f8c-46db-a306-49e7ac5c7051,PROPERTY_FULL_ADDRESS,Property Full Address,dd6f0b15-f183-4d68-9356-e2fad256793a,text,packet_property,full_address,242.95,98,331.91,13.85,9,false,true,,false,false,,true,,REVIEW REQUIRED,Narrative purpose but current height is ~1 line — dimension increase may be needed to cover the printed writing area.,Enlarging may approach amount columns or following rows — review carefully.,Height 13.85pt ≈ 1 line(s). Expand only after confirming intended lined region on the PDF.,Batch addenda 28–32 initial production Draft placement (approximate) | lines=0; cap=1; underlineDerived=false,,Not Reviewed,_audit_tmp/prod-multiline-mask-audit/pdfs/form-32.pdf#page=1
22,32,ADDENDUM REGARDING RESIDENTIAL LEASES,TXR-1953-11-07-2022,GLOBAL,1,a3be4d0b-535d-4705-bbe0-d9d1e685e4d0,txr_1953_terminate_within_days,TXR-1953 Terminate Within Days After Receiving Leases,00750a2c-e6d9-4225-b6ab-1ac268be15f5,number,manual_only,,81.16,292.51,45,14,9,false,true,,false,false,,true,,REVIEW REQUIRED,Narrative purpose but current height is ~1 line — dimension increase may be needed to cover the printed writing area.,Enlarging may approach amount columns or following rows — review carefully.,Height 14pt ≈ 1 line(s). Expand only after confirming intended lined region on the PDF.,Batch addenda 28–32 initial production Draft placement (approximate) | lines=0; cap=1; underlineDerived=false,,Not Reviewed,_audit_tmp/prod-multiline-mask-audit/pdfs/form-32.pdf#page=1
23,32,ADDENDUM REGARDING RESIDENTIAL LEASES,TXR-1953-11-07-2022,GLOBAL,1,ae5e8711-68cd-4adf-b884-3620ec4a0c54,txr_1953_oral_leases_description,TXR-1953 Oral Residential Lease Description,958c8640-3f2d-41e4-96a9-d3297af2f429,text,manual_only,,95.65,329.34,480.16,17.44,9,false,true,,false,false,,true,,REVIEW REQUIRED,Narrative purpose but current height is ~1 line — dimension increase may be needed to cover the printed writing area.,Enlarging may approach amount columns or following rows — review carefully.,Height 17.44pt ≈ 1 line(s). Expand only after confirming intended lined region on the PDF.,Batch addenda 28–32 initial production Draft placement (approximate) | lines=0; cap=1; underlineDerived=false,,Not Reviewed,_audit_tmp/prod-multiline-mask-audit/pdfs/form-32.pdf#page=1
24,32,ADDENDUM REGARDING RESIDENTIAL LEASES,TXR-1953-11-07-2022,GLOBAL,1,a7c86e61-2d1d-47cc-ac7f-f5b82356873b,txr_1953_representations_exceptions_explain,TXR-1953 B(3) Exceptions Explanation,77d2de06-437f-465b-8f5b-5e1e738b13e5,text,manual_only,,76.03,478.68,500.17,33.86,9,false,true,,false,false,,false,,MEDIUM CONFIDENCE,Narrative field with ~2-line capacity; mask not recommended without line evidence.,Low — no mask recommended.,,Batch addenda 28–32 initial production Draft placement (approximate) | lines=0; cap=2; underlineDerived=false,,Not Reviewed,_audit_tmp/prod-multiline-mask-audit/pdfs/form-32.pdf#page=1
25,33,AMENDMENT TO BUYER/TENANT REPRESENTATION AGREEMENT,TXR-1505-08-23-2024,GLOBAL,1,a98b7ca6-dc95-4d26-b9e0-0e26627e9ab4,txr_1505_paragraph_numbers,TXR-1505 G Paragraph Numbers,c4513761-20dd-46da-86ff-c5c052092f1c,text,manual_only,,144.75,529,73.77,11.55,9,false,true,,false,false,,true,,REVIEW REQUIRED,Narrative purpose but current height is ~1 line — dimension increase may be needed to cover the printed writing area.,Enlarging may approach amount columns or following rows — review carefully.,Height 11.55pt ≈ 1 line(s). Expand only after confirming intended lined region on the PDF.,Batch forms 33–37 initial production Draft placement (approximate) | lines=0; cap=1; underlineDerived=false,,Not Reviewed,_audit_tmp/prod-multiline-mask-audit/pdfs/form-33.pdf#page=1
26,33,AMENDMENT TO BUYER/TENANT REPRESENTATION AGREEMENT,TXR-1505-08-23-2024,GLOBAL,1,26afb280-da67-4d4a-8b64-e41f5a6eb892,txr_1505_paragraph_changes_text,TXR-1505 G Paragraph Changes Text,05d1b59e-cb40-4593-b032-1fb85be91ad6,text,manual_only,,70.64,553.55,480,50,9,false,true,,false,false,,false,,MEDIUM CONFIDENCE,Tall narrative box (~4 lines) without conclusive line geometry; multiline recommended; mask only after visual confirm of printed lines.,Low — no mask recommended.,,Batch forms 33–37 initial production Draft placement (approximate) | lines=0; cap=4; underlineDerived=false,,Not Reviewed,_audit_tmp/prod-multiline-mask-audit/pdfs/form-33.pdf#page=1
27,14,Amendment to Contract,TXR-1903-05-04-2026,GLOBAL,1,180292fc-6596-4648-8225-348abb211d9a,contract_amend_repairs_text,Amendment Repairs Text,945ac30a-a9d3-4158-ab67-6e5579ec2cf8,text,manual_only,,197.73,213.68,356.68,35.28,9,false,true,,false,true,,false,,HIGH CONFIDENCE,Narrative multi-line area (~3 lines). Preprinted writing lines/underlines indicated in placement (geometry hits=3).,"White mask must stay inside the placement box so adjacent amount columns, row labels, and borders remain visible.",,TREC 39-11 / TXR 1903 Amendment to Contract first-pass placement | lines=3; cap=3; underlineDerived=false,,Not Reviewed,_audit_tmp/prod-multiline-mask-audit/pdfs/form-14.pdf#page=1
28,14,Amendment to Contract,TXR-1903-05-04-2026,GLOBAL,1,7e2eff40-95de-44e7-bee0-1625d9ba166e,contract_amend_other_modifications_text,Amendment Other Modifications Text,fc5dedba-84a4-46d2-a3f6-167ae8eb3707,text,manual_only,,72.64,457.17,490,35,9,false,false,,false,false,,false,,REVIEW REQUIRED,Tall placement without clear narrative purpose — visual review before enabling multiline.,Low — no mask recommended.,,TREC 39-11 / TXR 1903 Amendment to Contract first-pass placement | lines=3; cap=3; underlineDerived=false,,Not Reviewed,_audit_tmp/prod-multiline-mask-audit/pdfs/form-14.pdf#page=1
29,34,AMENDMENT TO FARM AND RANCH LISTING - EXCLUSIVE RIGHT TO SELL,TXR-1422-06-15-2026,GLOBAL,1,e611d75f-49a5-4548-80dd-68eb71e781d0,txr_1422_paragraph_numbers,TXR-1422 F Paragraph Numbers,26f356cd-8615-45c4-b7c2-483e98c66c19,text,manual_only,,141.55,469,100,14,9,false,true,,false,false,,true,,REVIEW REQUIRED,Narrative purpose but current height is ~1 line — dimension increase may be needed to cover the printed writing area.,Enlarging may approach amount columns or following rows — review carefully.,Height 14pt ≈ 1 line(s). Expand only after confirming intended lined region on the PDF.,Batch forms 33–37 initial production Draft placement (approximate) | lines=0; cap=1; underlineDerived=false,,Not Reviewed,_audit_tmp/prod-multiline-mask-audit/pdfs/form-34.pdf#page=1
30,34,AMENDMENT TO FARM AND RANCH LISTING - EXCLUSIVE RIGHT TO SELL,TXR-1422-06-15-2026,GLOBAL,1,28f37985-19f4-4401-a7e4-46024c6bc275,txr_1422_paragraph_changes_text,TXR-1422 F Paragraph Changes Text,87f3978b-2c19-4772-9e40-29f889a7d6ba,text,manual_only,,70,494,480,40,9,false,true,,false,false,,false,,MEDIUM CONFIDENCE,Tall narrative box (~3 lines) without conclusive line geometry; multiline recommended; mask only after visual confirm of printed lines.,Low — no mask recommended.,,Batch forms 33–37 initial production Draft placement (approximate) | lines=0; cap=3; underlineDerived=false,,Not Reviewed,_audit_tmp/prod-multiline-mask-audit/pdfs/form-34.pdf#page=1
31,16,Amendment to Lease Listing,TXR-1423-06-15-2026,GLOBAL,1,f4d0aab2-ca64-4f66-b99f-dd3b97d8701a,lease_listing_amend_paragraph_numbers,Lease Listing Amend Paragraph Numbers,a4f69a59-03e3-4510-95f1-726882c175d5,text,manual_only,,143.79,508,91.83,12.31,9,false,true,,false,false,,true,,REVIEW REQUIRED,Narrative purpose but current height is ~1 line — dimension increase may be needed to cover the printed writing area.,Enlarging may approach amount columns or following rows — review carefully.,Height 12.31pt ≈ 1 line(s). Expand only after confirming intended lined region on the PDF.,TXR-1423 lease listing amendment first-pass placement | lines=0; cap=1; underlineDerived=false,,Not Reviewed,_audit_tmp/prod-multiline-mask-audit/pdfs/form-16.pdf#page=1
32,16,Amendment to Lease Listing,TXR-1423-06-15-2026,GLOBAL,1,63f30fd5-6a3d-43ee-9a0c-8efb1221cac6,lease_listing_amend_paragraph_changes,Lease Listing Amend Paragraph Changes,577c03df-6fa5-45b2-9f3c-d0dc81f77e18,text,manual_only,,87.39,526.23,485,35,9,false,true,,false,false,,false,,MEDIUM CONFIDENCE,Tall narrative box (~3 lines) without conclusive line geometry; multiline recommended; mask only after visual confirm of printed lines.,Low — no mask recommended.,,TXR-1423 lease listing amendment first-pass placement | lines=0; cap=3; underlineDerived=false,,Not Reviewed,_audit_tmp/prod-multiline-mask-audit/pdfs/form-16.pdf#page=1
33,13,Amendment to Listing Agreement,TXR-1404-06-15-2026,GLOBAL,1,3e1f2d33-b260-493e-96e9-d09066f3d400,listing_amendment_paragraph_numbers,Paragraph Numbers Changed,a2f2c017-5bfe-4127-a13f-32e5cd511815,text,manual_only,,142.02,472.87,91.09,14.11,9,false,true,,false,false,,true,,REVIEW REQUIRED,Narrative purpose but current height is ~1 line — dimension increase may be needed to cover the printed writing area.,Enlarging may approach amount columns or following rows — review carefully.,Height 14.11pt ≈ 1 line(s). Expand only after confirming intended lined region on the PDF.,TXR-1404 Amendment to Residential Listing estimated placement | lines=0; cap=1; underlineDerived=false,,Not Reviewed,_audit_tmp/prod-multiline-mask-audit/pdfs/form-13.pdf#page=1
34,13,Amendment to Listing Agreement,TXR-1404-06-15-2026,GLOBAL,1,75a5692a-6695-45bd-9182-41e39b684dc1,listing_amendment_paragraph_changes,Paragraph Changes,8aa0193a-49e5-4179-94f7-cbcad7446111,text,manual_only,,74.57,495.45,485,42,9,false,true,,false,false,,false,,MEDIUM CONFIDENCE,Tall narrative box (~3 lines) without conclusive line geometry; multiline recommended; mask only after visual confirm of printed lines.,Low — no mask recommended.,,TXR-1404 Amendment to Residential Listing estimated placement | lines=0; cap=3; underlineDerived=false,,Not Reviewed,_audit_tmp/prod-multiline-mask-audit/pdfs/form-13.pdf#page=1
35,35,ANIMAL AGREEMENT,TXR-2004-01-05-2026,GLOBAL,2,8da824b1-58c2-4c65-bf69-946ece78e257,txr_2004_bitten_explain,TXR-2004 E(1) Bitten/Injured Explain,8fbf7857-c704-49f1-8eee-7a853c562ecf,text,manual_only,,70,505.43,480,20,9,false,true,,false,false,,true,,REVIEW REQUIRED,Narrative purpose but current height is ~1 line — dimension increase may be needed to cover the printed writing area.,Enlarging may approach amount columns or following rows — review carefully.,Height 20pt ≈ 1 line(s). Expand only after confirming intended lined region on the PDF.,Batch forms 33–37 initial production Draft placement (approximate) | lines=0; cap=1; underlineDerived=false,,Not Reviewed,_audit_tmp/prod-multiline-mask-audit/pdfs/form-35.pdf#page=2
36,35,ANIMAL AGREEMENT,TXR-2004-01-05-2026,GLOBAL,2,ff353828-4fd0-4b66-a90f-8a3fc0312b0b,txr_2004_propensity_explain,TXR-2004 E(2) Propensity Explain,b45f2fb6-fe24-4665-b293-86427d7dab95,text,manual_only,,70,571,480,20,9,false,true,,false,false,,true,,REVIEW REQUIRED,Narrative purpose but current height is ~1 line — dimension increase may be needed to cover the printed writing area.,Enlarging may approach amount columns or following rows — review carefully.,Height 20pt ≈ 1 line(s). Expand only after confirming intended lined region on the PDF.,Batch forms 33–37 initial production Draft placement (approximate) | lines=0; cap=1; underlineDerived=false,,Not Reviewed,_audit_tmp/prod-multiline-mask-audit/pdfs/form-35.pdf#page=2
37,35,ANIMAL AGREEMENT,TXR-2004-01-05-2026,GLOBAL,3,756989dc-a767-48d8-a53e-43810cd625d1,txr_2004_special_provisions,TXR-2004 I Special Provisions,620e2866-ad42-4662-878e-facf58d42394,text,manual_only,,52.43,204,499.74,68.64,9,false,true,,false,false,,false,,MEDIUM CONFIDENCE,Tall narrative box (~6 lines) without conclusive line geometry; multiline recommended; mask only after visual confirm of printed lines.,Low — no mask recommended.,,Batch forms 33–37 initial production Draft placement (approximate) | lines=0; cap=6; underlineDerived=false,,Not Reviewed,_audit_tmp/prod-multiline-mask-audit/pdfs/form-35.pdf#page=3
38,1,Buyer Rep Agreement,TXR-1501-01-05-26,GLOBAL,5,9052015a-dfb9-41b3-b9a9-028ebbe8673b,OTHER_DOCUMENT_DESCRIPTION,Other Document Description,575ed17c-c983-4e7f-989f-e651bdca27bf,text,,,349.63,330.19,262.38,14.11,10,false,true,,false,false,,true,,REVIEW REQUIRED,Narrative purpose but current height is ~1 line — dimension increase may be needed to cover the printed writing area.,Enlarging may approach amount columns or following rows — review carefully.,Height 14.11pt ≈ 1 line(s). Expand only after confirming intended lined region on the PDF.,TXR-1501 estimated placement | lines=0; cap=1; underlineDerived=false,,Not Reviewed,_audit_tmp/prod-multiline-mask-audit/pdfs/form-1.pdf#page=5
39,1,Buyer Rep Agreement,TXR-1501-01-05-26,GLOBAL,5,ef9b7bc7-b878-49f6-8e92-c294dd733089,SPECIAL_PROVISIONS,Special Provisions,480eb876-8366-4c59-aaeb-b0000f0a1c68,text,,,68.53,377.9,499.74,59.66,10,false,true,,false,false,,false,,MEDIUM CONFIDENCE,Tall narrative box (~4 lines) without conclusive line geometry; multiline recommended; mask only after visual confirm of printed lines.,Low — no mask recommended.,,TXR-1501 estimated placement | lines=0; cap=4; underlineDerived=false,,Not Reviewed,_audit_tmp/prod-multiline-mask-audit/pdfs/form-1.pdf#page=5
40,24,Condominium Addendum to Listing,TXR-1401-01-05-2026,GLOBAL,1,424fd7fb-aaba-4a75-8591-9606589ded4a,listing_condo_fee_includes_other_description,Condo Fee Includes Other Description,9045d07f-5a73-4e8f-a81c-c3d098647f56,text,manual_only,,54,328,370,14,9,false,true,,false,false,,true,,REVIEW REQUIRED,Narrative purpose but current height is ~1 line — dimension increase may be needed to cover the printed writing area.,Enlarging may approach amount columns or following rows — review carefully.,Height 14pt ≈ 1 line(s). Expand only after confirming intended lined region on the PDF.,TXR-1401 initial production Draft placement (approximate) | lines=0; cap=1; underlineDerived=false,,Not Reviewed,_audit_tmp/prod-multiline-mask-audit/pdfs/form-24.pdf#page=1
41,24,Condominium Addendum to Listing,TXR-1401-01-05-2026,GLOBAL,1,549ce86e-2a1a-4f48-8872-a5e7b88a5c01,listing_condo_delinquency_exceptions,Condo Assessment Delinquency Exceptions,5a227528-7ad9-4e47-8bea-1a586038b9f5,text,manual_only,,325,376,240,14,9,false,true,,false,false,,true,,REVIEW REQUIRED,Narrative purpose but current height is ~1 line — dimension increase may be needed to cover the printed writing area.,Enlarging may approach amount columns or following rows — review carefully.,Height 14pt ≈ 1 line(s). Expand only after confirming intended lined region on the PDF.,TXR-1401 initial production Draft placement (approximate) | lines=0; cap=1; underlineDerived=false,,Not Reviewed,_audit_tmp/prod-multiline-mask-audit/pdfs/form-24.pdf#page=1
42,25,Condominium Resale Certificate,TXR-1921-11-04-2024,GLOBAL,1,3b310f67-f747-415e-826d-be55308aa2f7,condo_resale_unpaid_assessment_description,Unpaid Assessment Description,f2b8519d-ea7e-4ede-847a-b6ee56ecb8cc,text,manual_only,,399,249,148,12,9,false,true,,false,false,,true,,REVIEW REQUIRED,Narrative purpose but current height is ~1 line — dimension increase may be needed to cover the printed writing area.,Enlarging may approach amount columns or following rows — review carefully.,Height 12pt ≈ 1 line(s). Expand only after confirming intended lined region on the PDF.,TXR-1921 initial production Draft placement (approximate) | lines=0; cap=1; underlineDerived=false,,Not Reviewed,_audit_tmp/prod-multiline-mask-audit/pdfs/form-25.pdf#page=1
43,25,Condominium Resale Certificate,TXR-1921-11-04-2024,GLOBAL,1,1c78dd7e-4060-41e4-b009-3d9d32959e75,condo_resale_leasehold_renewal_provisions,Leasehold Renewal Provisions,45cf1bcc-d472-4718-9749-650f0a2cbc54,text,manual_only,,66,593,486,26,9,false,true,,false,false,,false,,MEDIUM CONFIDENCE,Narrative field with ~2-line capacity; mask not recommended without line evidence.,Low — no mask recommended.,,TXR-1921 initial production Draft placement (approximate) | lines=0; cap=2; underlineDerived=false,,Not Reviewed,_audit_tmp/prod-multiline-mask-audit/pdfs/form-25.pdf#page=1
44,25,Condominium Resale Certificate,TXR-1921-11-04-2024,GLOBAL,2,58f07f50-7c3f-48ad-9c31-b338398af0c7,condo_resale_transfer_fee_description_1,Transfer Fee Description 1,c2bfc387-bce2-48eb-8c50-a34a26ce0cdc,text,manual_only,,70,158,138,14,9,false,true,,false,false,,true,,REVIEW REQUIRED,Narrative purpose but current height is ~1 line — dimension increase may be needed to cover the printed writing area.,Enlarging may approach amount columns or following rows — review carefully.,Height 14pt ≈ 1 line(s). Expand only after confirming intended lined region on the PDF.,TXR-1921 initial production Draft placement (approximate) | lines=0; cap=1; underlineDerived=false,,Not Reviewed,_audit_tmp/prod-multiline-mask-audit/pdfs/form-25.pdf#page=2
45,25,Condominium Resale Certificate,TXR-1921-11-04-2024,GLOBAL,2,5eb4a204-d12f-4570-9af2-74262cfb1e32,condo_resale_transfer_fee_description_2,Transfer Fee Description 2,16cbc4b0-cb4f-4e9a-b543-46da9569bb1d,text,manual_only,,70,180,138,14,9,false,true,,false,false,,true,,REVIEW REQUIRED,Narrative purpose but current height is ~1 line — dimension increase may be needed to cover the printed writing area.,Enlarging may approach amount columns or following rows — review carefully.,Height 14pt ≈ 1 line(s). Expand only after confirming intended lined region on the PDF.,TXR-1921 initial production Draft placement (approximate) | lines=0; cap=1; underlineDerived=false,,Not Reviewed,_audit_tmp/prod-multiline-mask-audit/pdfs/form-25.pdf#page=2
46,25,Condominium Resale Certificate,TXR-1921-11-04-2024,GLOBAL,2,a9db322c-df3c-4838-ab31-57c9764aee4f,condo_resale_transfer_fee_description_3,Transfer Fee Description 3,9c1e237d-dad9-4970-8e56-82ed7e8a1fd8,text,manual_only,,70,200,138,14,9,false,true,,false,false,,true,,REVIEW REQUIRED,Narrative purpose but current height is ~1 line — dimension increase may be needed to cover the printed writing area.,Enlarging may approach amount columns or following rows — review carefully.,Height 14pt ≈ 1 line(s). Expand only after confirming intended lined region on the PDF.,TXR-1921 initial production Draft placement (approximate) | lines=0; cap=1; underlineDerived=false,,Not Reviewed,_audit_tmp/prod-multiline-mask-audit/pdfs/form-25.pdf#page=2
47,36,EARLY TERMINATION OF RESIDENTIAL LEASE,TXR-2012-07-08-2022,GLOBAL,2,a1d67b0b-7c96-4b63-8409-32a2d1f31e11,txr_2012_special_provisions,TXR-2012 G Special Provisions,334327f4-d309-4009-9ede-13132377a169,text,manual_only,,69.75,73.17,500,60,9,false,true,,false,false,,false,,MEDIUM CONFIDENCE,Tall narrative box (~5 lines) without conclusive line geometry; multiline recommended; mask only after visual confirm of printed lines.,Low — no mask recommended.,,Batch forms 33–37 initial production Draft placement (approximate) | lines=0; cap=5; underlineDerived=false,,Not Reviewed,_audit_tmp/prod-multiline-mask-audit/pdfs/form-36.pdf#page=2
48,37,FARM AND RANCH CONTRACT,TXR-1701-05-04-2026,GLOBAL,1,d2a7f794-9260-406f-9f27-94fb753056eb,property_legal_description,Property Legal Description,f4693dfb-e4f5-476d-95c3-8746f2d2b8bf,text,packet_property,legal_description,77.58,154,482.42,19.89,9,false,true,,false,false,,true,,REVIEW REQUIRED,Narrative purpose but current height is ~1 line — dimension increase may be needed to cover the printed writing area.,Enlarging may approach amount columns or following rows — review carefully.,Height 19.89pt ≈ 1 line(s). Expand only after confirming intended lined region on the PDF.,Batch forms 33–37 initial production Draft placement (approximate) | lines=2; cap=1; underlineDerived=false,,Not Reviewed,_audit_tmp/prod-multiline-mask-audit/pdfs/form-37.pdf#page=1
49,37,FARM AND RANCH CONTRACT,TXR-1701-05-04-2026,GLOBAL,1,55713d7d-5581-4bb4-b828-d99d32092257,txr_1701_exclusions,Farm and Ranch Exclusions,7278e7c0-587c-4244-8e44-29fa95d98257,text,manual_only,,74.38,478.93,485.62,16.04,9,false,true,,false,false,,true,,REVIEW REQUIRED,Narrative purpose but current height is ~1 line — dimension increase may be needed to cover the printed writing area.,Enlarging may approach amount columns or following rows — review carefully.,Height 16.04pt ≈ 1 line(s). Expand only after confirming intended lined region on the PDF.,Batch forms 33–37 initial production Draft placement (approximate) | lines=0; cap=1; underlineDerived=false,,Not Reviewed,_audit_tmp/prod-multiline-mask-audit/pdfs/form-37.pdf#page=1
50,37,FARM AND RANCH CONTRACT,TXR-1701-05-04-2026,GLOBAL,2,34860abd-3179-4c7c-9f26-da59a031a379,txr_1701_surface_oral_leases_description,Oral Surface Lease Description,0be8dfdc-ab94-4e2f-869b-41bc5ac2a192,text,manual_only,,86.57,200.08,476.64,11.55,9,false,true,,false,false,,true,,REVIEW REQUIRED,Narrative purpose but current height is ~1 line — dimension increase may be needed to cover the printed writing area.,Enlarging may approach amount columns or following rows — review carefully.,Height 11.55pt ≈ 1 line(s). Expand only after confirming intended lined region on the PDF.,Batch forms 33–37 initial production Draft placement (approximate) | lines=1; cap=1; underlineDerived=false,,Not Reviewed,_audit_tmp/prod-multiline-mask-audit/pdfs/form-37.pdf#page=2
51,37,FARM AND RANCH CONTRACT,TXR-1701-05-04-2026,GLOBAL,3,0324609d-de53-4751-b30f-c391c95e26c0,TXR_1701_EXCEPTION_DOC,Exception Document,1c523fd3-643d-43aa-8ec1-8d3e0ec94808,text,,,74.09,607.51,218.11,31.43,10,false,true,,false,true,,false,,MEDIUM CONFIDENCE,Narrative placement with writing-line evidence; enable multiline and mask after quick visual confirm.,Confirm mask does not cover row labels or amount boxes beside the description.,,lines=2; cap=2; underlineDerived=false,,Not Reviewed,_audit_tmp/prod-multiline-mask-audit/pdfs/form-37.pdf#page=3
52,37,FARM AND RANCH CONTRACT,TXR-1701-05-04-2026,GLOBAL,3,70a32292-339a-4bd0-b035-048588c05ed6,TXR_1701_EXCEPTION_DOC_RECORD_REFERENCE,Exception Doc Record Reference,759cd10a-325e-4323-ab54-84d7ca8f1cec,text,,,442.96,612.64,125.09,28.23,10,false,true,,false,true,,false,,MEDIUM CONFIDENCE,Narrative placement with writing-line evidence; enable multiline and mask after quick visual confirm.,Confirm mask does not cover row labels or amount boxes beside the description.,,lines=2; cap=2; underlineDerived=false,,Not Reviewed,_audit_tmp/prod-multiline-mask-audit/pdfs/form-37.pdf#page=3
53,37,FARM AND RANCH CONTRACT,TXR-1701-05-04-2026,GLOBAL,5,68ab207d-d60c-4262-b96d-4135f8f8e639,contract_specific_repairs,Specific Repairs,875c786c-c3ec-4a74-a79e-e4b38d0eadbe,text,manual_only,,94.26,110.15,473.43,15.4,9,false,true,,false,false,,true,,REVIEW REQUIRED,Narrative purpose but current height is ~1 line — dimension increase may be needed to cover the printed writing area.,Enlarging may approach amount columns or following rows — review carefully.,Height 15.4pt ≈ 1 line(s). Expand only after confirming intended lined region on the PDF.,Batch forms 33–37 initial production Draft placement (approximate) | lines=0; cap=1; underlineDerived=false,,Not Reviewed,_audit_tmp/prod-multiline-mask-audit/pdfs/form-37.pdf#page=5
54,37,FARM AND RANCH CONTRACT,TXR-1701-05-04-2026,GLOBAL,5,6816bdd9-b805-48c7-9ee6-2eaad10eb0ab,txr_1701_disclosure_explanation,Seller Disclosure Explanation,a60f12c2-1f3a-48dd-a1b2-649da6bc40d8,text,manual_only,,84.64,660.15,510,25,9,false,true,,false,false,,false,,MEDIUM CONFIDENCE,Narrative field with ~2-line capacity; mask not recommended without line evidence.,Low — no mask recommended.,,Batch forms 33–37 initial production Draft placement (approximate) | lines=0; cap=2; underlineDerived=false,,Not Reviewed,_audit_tmp/prod-multiline-mask-audit/pdfs/form-37.pdf#page=5
55,37,FARM AND RANCH CONTRACT,TXR-1701-05-04-2026,GLOBAL,6,da9e14f5-6f26-4d0a-9f13-7e8097fed433,CONTRACT_SPECIAL_PROVISIONS,Special Provisions,894df093-c4ef-4667-bbb9-791fa277ddd7,text,,,51.92,674.06,510,12.19,9,false,true,,false,false,,true,,REVIEW REQUIRED,Narrative purpose but current height is ~1 line — dimension increase may be needed to cover the printed writing area.,Enlarging may approach amount columns or following rows — review carefully.,Height 12.19pt ≈ 1 line(s). Expand only after confirming intended lined region on the PDF.,Batch forms 33–37 initial production Draft placement (approximate) | lines=0; cap=1; underlineDerived=false,,Not Reviewed,_audit_tmp/prod-multiline-mask-audit/pdfs/form-37.pdf#page=6
56,37,FARM AND RANCH CONTRACT,TXR-1701-05-04-2026,GLOBAL,9,a4822d94-0094-4de0-82ec-abfe48aee3b7,contract_add_district_notices_text,District Notices Addendum Text,450529b9-34bf-442d-86a7-44caf106bc4b,text,manual_only,,259.85,443.94,305,25,9,false,true,,false,false,,false,,MEDIUM CONFIDENCE,Narrative field with ~2-line capacity; mask not recommended without line evidence.,Low — no mask recommended.,,Batch forms 33–37 initial production Draft placement (approximate) | lines=0; cap=2; underlineDerived=false,,Not Reviewed,_audit_tmp/prod-multiline-mask-audit/pdfs/form-37.pdf#page=9
57,37,FARM AND RANCH CONTRACT,TXR-1701-05-04-2026,GLOBAL,9,71782c8b-390e-4618-9f87-766cd7fde593,contract_add_other_text,Other Addendum Text,723ff0f1-5191-4838-bff8-213ca0bd8076,text,manual_only,,122.79,555.15,435,25,9,false,true,,false,false,,false,,MEDIUM CONFIDENCE,Narrative field with ~2-line capacity; mask not recommended without line evidence.,Low — no mask recommended.,,Batch forms 33–37 initial production Draft placement (approximate) | lines=0; cap=2; underlineDerived=false,,Not Reviewed,_audit_tmp/prod-multiline-mask-audit/pdfs/form-37.pdf#page=9
58,37,FARM AND RANCH CONTRACT,TXR-1701-05-04-2026,GLOBAL,11,8bd4e319-4c95-4cc1-9666-22f50310be71,txr_1701_broker_comp_a_percent,TXR-1701 P11 (a) Seller's Broker Percent,975239ff-348b-4a91-b4a3-80fca423740b,number,manual_only,,491.28,598,45,14,9,false,true,,false,false,,true,,REVIEW REQUIRED,Narrative purpose but current height is ~1 line — dimension increase may be needed to cover the printed writing area.,Enlarging may approach amount columns or following rows — review carefully.,Height 14pt ≈ 1 line(s). Expand only after confirming intended lined region on the PDF.,TXR-1701 p11 broker fee-agreement paragraph corrective placement (approximate) | lines=0; cap=1; underlineDerived=false,,Not Reviewed,_audit_tmp/prod-multiline-mask-audit/pdfs/form-37.pdf#page=11
59,37,FARM AND RANCH CONTRACT,TXR-1701-05-04-2026,GLOBAL,11,6bc4bd1f-f4f8-4a39-af7a-4fc077cbb8a4,txr_1701_broker_comp_b_percent,TXR-1701 P11 (b) Buyer's Broker Percent,177053fe-d3c8-42c3-b303-ad3246763f73,number,manual_only,,52.05,617.49,34.37,14.88,9,false,true,,false,false,,true,,REVIEW REQUIRED,Narrative purpose but current height is ~1 line — dimension increase may be needed to cover the printed writing area.,Enlarging may approach amount columns or following rows — review carefully.,Height 14.88pt ≈ 1 line(s). Expand only after confirming intended lined region on the PDF.,TXR-1701 p11 broker fee-agreement paragraph corrective placement (approximate) | lines=1; cap=1; underlineDerived=false,,Not Reviewed,_audit_tmp/prod-multiline-mask-audit/pdfs/form-37.pdf#page=11
60,38,FARM AND RANCH REAL ESTATE LISTING AGREEMENT - EXCLUSIVE RIGHT TO SELL,TXR-1201-01-05-2026,GLOBAL,1,d2a7f794-9260-406f-9f27-94fb753056eb,property_legal_description,Property Legal Description,f1c7b788-ba27-40bc-bf86-7bb7ae60451c,text,packet_property,legal_description,72,426.5,504.1,40,9,false,true,,false,false,,false,,MEDIUM CONFIDENCE,Tall narrative box (~3 lines) without conclusive line geometry; multiline recommended; mask only after visual confirm of printed lines.,Low — no mask recommended.,,TXR-1201 form 38 initial production Draft placement (visual inventory) | lines=0; cap=3; underlineDerived=false,,Not Reviewed,_audit_tmp/prod-multiline-mask-audit/pdfs/form-38.pdf#page=1
61,38,FARM AND RANCH REAL ESTATE LISTING AGREEMENT - EXCLUSIVE RIGHT TO SELL,TXR-1201-01-05-2026,GLOBAL,2,944a0891-2d87-434d-8c5f-8fcf8f474f69,txr_1201_acc_other_text,TXR-1201 Accessory Other Description,e1cd03c8-3d9e-40eb-ae89-e20d2b9dd859,text,manual_only,,260.27,110.72,314.98,26.16,9,false,true,,false,false,,false,,MEDIUM CONFIDENCE,Narrative field with ~2-line capacity; mask not recommended without line evidence.,Low — no mask recommended.,,TXR-1201 form 38 initial production Draft placement (visual inventory) | lines=0; cap=2; underlineDerived=false,,Not Reviewed,_audit_tmp/prod-multiline-mask-audit/pdfs/form-38.pdf#page=2
62,38,FARM AND RANCH REAL ESTATE LISTING AGREEMENT - EXCLUSIVE RIGHT TO SELL,TXR-1201-01-05-2026,GLOBAL,2,4861d3dd-ad35-4a65-827b-a6266486f7da,LISTING_EXCLUSIONS,Listing Exclusions,19b4401c-0c56-4bc0-ac02-ecb3259f0faa,text,manual_only,,72,279.5,504.1,40,9,false,true,,false,false,,false,,MEDIUM CONFIDENCE,Tall narrative box (~3 lines) without conclusive line geometry; multiline recommended; mask only after visual confirm of printed lines.,Low — no mask recommended.,,TXR-1201 form 38 initial production Draft placement (visual inventory) | lines=0; cap=3; underlineDerived=false,,Not Reviewed,_audit_tmp/prod-multiline-mask-audit/pdfs/form-38.pdf#page=2
63,38,FARM AND RANCH REAL ESTATE LISTING AGREEMENT - EXCLUSIVE RIGHT TO SELL,TXR-1201-01-05-2026,GLOBAL,9,b08bb4a1-95ec-4824-92cc-36a3a0601e90,KNOWN_FINANCIAL_OBLIGATIONS_EXCEPTION,Known Financial Obligations Exception,0355f7e5-df51-4a98-97c5-aa6b2c6927d7,text,manual_only,,251.27,331.41,290,14,9,false,true,,false,false,,true,,REVIEW REQUIRED,Narrative purpose but current height is ~1 line — dimension increase may be needed to cover the printed writing area.,Enlarging may approach amount columns or following rows — review carefully.,Height 14pt ≈ 1 line(s). Expand only after confirming intended lined region on the PDF.,TXR-1201 form 38 initial production Draft placement (visual inventory) | lines=0; cap=1; underlineDerived=false,,Not Reviewed,_audit_tmp/prod-multiline-mask-audit/pdfs/form-38.pdf#page=9
64,38,FARM AND RANCH REAL ESTATE LISTING AGREEMENT - EXCLUSIVE RIGHT TO SELL,TXR-1201-01-05-2026,GLOBAL,9,b4fa63a8-2107-4fda-b5ec-c06ba3e85884,KNOWN_LIENS_EXCEPTION,Known Liens Exception,04413881-25f3-4f67-bbcc-c7fc91a624a5,text,manual_only,,108,360,462,14,9,false,true,,false,false,,true,,REVIEW REQUIRED,Narrative purpose but current height is ~1 line — dimension increase may be needed to cover the printed writing area.,Enlarging may approach amount columns or following rows — review carefully.,Height 14pt ≈ 1 line(s). Expand only after confirming intended lined region on the PDF.,TXR-1201 form 38 initial production Draft placement (visual inventory) | lines=0; cap=1; underlineDerived=false,,Not Reviewed,_audit_tmp/prod-multiline-mask-audit/pdfs/form-38.pdf#page=9
65,38,FARM AND RANCH REAL ESTATE LISTING AGREEMENT - EXCLUSIVE RIGHT TO SELL,TXR-1201-01-05-2026,GLOBAL,10,ef9b7bc7-b878-49f6-8e92-c294dd733089,SPECIAL_PROVISIONS,Special Provisions,b1064e95-5c32-470a-abc4-a3ac42c6fc9b,text,,,54,378.31,522,96,9,false,true,,false,false,,false,,MEDIUM CONFIDENCE,Tall narrative box (~8 lines) without conclusive line geometry; multiline recommended; mask only after visual confirm of printed lines.,Low — no mask recommended.,,TXR-1201 form 38 initial production Draft placement (visual inventory) | lines=0; cap=8; underlineDerived=false,,Not Reviewed,_audit_tmp/prod-multiline-mask-audit/pdfs/form-38.pdf#page=10
66,38,FARM AND RANCH REAL ESTATE LISTING AGREEMENT - EXCLUSIVE RIGHT TO SELL,TXR-1201-01-05-2026,GLOBAL,11,9052015a-dfb9-41b3-b9a9-028ebbe8673b,OTHER_DOCUMENT_DESCRIPTION,Other Document Description,d8f47cc6-11ec-4f02-837e-9136ea54e168,text,,,70.2,217,504.4,14,9,false,true,,false,false,,true,,REVIEW REQUIRED,Narrative purpose but current height is ~1 line — dimension increase may be needed to cover the printed writing area.,Enlarging may approach amount columns or following rows — review carefully.,Height 14pt ≈ 1 line(s). Expand only after confirming intended lined region on the PDF.,TXR-1201 form 38 initial production Draft placement (visual inventory) | lines=0; cap=1; underlineDerived=false,,Not Reviewed,_audit_tmp/prod-multiline-mask-audit/pdfs/form-38.pdf#page=11
67,38,FARM AND RANCH REAL ESTATE LISTING AGREEMENT - EXCLUSIVE RIGHT TO SELL,TXR-1201-01-05-2026,GLOBAL,11,eae3e1d9-d813-41a9-92c8-16aff45395a3,txr_1201_property_condition_exceptions,TXR-1201 Property Condition Exceptions,1a484e0d-693f-476c-bc28-a0afd7ea7faa,text,manual_only,,175.9,443.5,400.2,28,9,false,true,,false,false,,false,,MEDIUM CONFIDENCE,Narrative field with ~2-line capacity; mask not recommended without line evidence.,Low — no mask recommended.,,TXR-1201 form 38 initial production Draft placement (visual inventory) | lines=0; cap=2; underlineDerived=false,,Not Reviewed,_audit_tmp/prod-multiline-mask-audit/pdfs/form-38.pdf#page=11
68,51,Itemization of Security Deposit,TXR-2216-01-05-2026,GLOBAL,1,aaa1ad24-c64b-4b8a-b95b-49f3f9b890b0,txr_2216_damages_description,TXR-2216 Damages Description,08446e94-1227-4645-83ba-646472836831,text,manual_only,,61.7,381.7,370.4,63.2,9,false,true,,false,true,,false,,HIGH CONFIDENCE,"Confirmed production problem field: “Damages to the Property, beyond wear and tear (describe)” — large underline-derived narrative block on TXR-2216; needs wrap + white mask over writing lines. Current flags both false.","Primary risk: masking or widening into the damages amount column to the right, and/or the next deduction row below. Keep mask strictly inside the description placement.",Current 370.4×63.2 (~5 lines) appears sized for the multi-line describe block; confirm it reaches the last printed line without entering the amount column.,TXR-2216 initial Draft placement (underline/glyph-derived; awaiting Lee visual review) | lines=0; cap=5; underlineDerived=true; dedicated Itemization damages analysis,,Not Reviewed,_audit_tmp/prod-multiline-mask-audit/pdfs/form-51.pdf#page=1
69,51,Itemization of Security Deposit,TXR-2216-01-05-2026,GLOBAL,1,b34789f0-f4ac-4aad-bade-adbe3b6b7249,txr_2216_unpaid_utilities_description,TXR-2216 Unpaid Utilities Description,400a8a88-60d5-4b50-83ff-87710788eeb6,text,manual_only,,191.5,610.5,240.5,28,9,false,true,,false,true,,false,,MEDIUM CONFIDENCE,Narrative placement with writing-line evidence; enable multiline and mask after quick visual confirm.,Confirm mask does not cover row labels or amount boxes beside the description.,,TXR-2216 initial Draft placement (underline/glyph-derived; awaiting Lee visual review) | lines=0; cap=2; underlineDerived=true,,Not Reviewed,_audit_tmp/prod-multiline-mask-audit/pdfs/form-51.pdf#page=1
70,51,Itemization of Security Deposit,TXR-2216-01-05-2026,GLOBAL,1,eea34f83-a509-4208-a4c9-e8364c112160,txr_2216_unpaid_animal_charges_description,TXR-2216 Unpaid Animal Charges Description,80ec1d77-8a08-4c47-a1a6-de90eb3b9c6b,text,manual_only,,232.5,649.5,199.5,27.5,9,false,true,,false,true,,false,,MEDIUM CONFIDENCE,Narrative placement with writing-line evidence; enable multiline and mask after quick visual confirm.,Confirm mask does not cover row labels or amount boxes beside the description.,,TXR-2216 initial Draft placement (underline/glyph-derived; awaiting Lee visual review) | lines=0; cap=2; underlineDerived=true,,Not Reviewed,_audit_tmp/prod-multiline-mask-audit/pdfs/form-51.pdf#page=1
71,51,Itemization of Security Deposit,TXR-2216-01-05-2026,GLOBAL,1,9750bd18-1051-4c91-b34b-e53054115265,txr_2216_other_components_description,TXR-2216 Other Components Description,9549d02e-0c1f-450a-b807-7bad02e113bf,text,manual_only,,212.5,701.5,219.5,14,9,false,true,,false,false,,true,,REVIEW REQUIRED,Narrative purpose but current height is ~1 line — dimension increase may be needed to cover the printed writing area.,Enlarging may approach amount columns or following rows — review carefully.,Height 14pt ≈ 1 line(s). Expand only after confirming intended lined region on the PDF.,TXR-2216 initial Draft placement (underline/glyph-derived; awaiting Lee visual review) | lines=0; cap=1; underlineDerived=true,,Not Reviewed,_audit_tmp/prod-multiline-mask-audit/pdfs/form-51.pdf#page=1
72,51,Itemization of Security Deposit,TXR-2216-01-05-2026,GLOBAL,2,72208589-0a96-420e-8367-9a90e6280cdb,txr_2216_unauthorized_locks_description,TXR-2216 Unauthorized Locks/Fixtures Description,2859f8cb-6127-4ed9-b5d3-5cd97def88ff,text,manual_only,,62,92,370,14,9,false,true,,false,false,,true,,REVIEW REQUIRED,Narrative purpose but current height is ~1 line — dimension increase may be needed to cover the printed writing area.,Enlarging may approach amount columns or following rows — review carefully.,Height 14pt ≈ 1 line(s). Expand only after confirming intended lined region on the PDF.,TXR-2216 initial Draft placement (underline/glyph-derived; awaiting Lee visual review) | lines=0; cap=1; underlineDerived=true,,Not Reviewed,_audit_tmp/prod-multiline-mask-audit/pdfs/form-51.pdf#page=2
73,51,Itemization of Security Deposit,TXR-2216-01-05-2026,GLOBAL,2,0fa3ea74-db46-4ab8-85d8-25ff22cf473a,txr_2216_abandoned_property_description,TXR-2216 Abandoned Property Description,36327d71-a622-482e-9867-c4bde516a546,text,manual_only,,63.1,225.2,368.8,25.6,9,false,true,,false,true,,false,,MEDIUM CONFIDENCE,Narrative placement with writing-line evidence; enable multiline and mask after quick visual confirm.,Confirm mask does not cover row labels or amount boxes beside the description.,,TXR-2216 initial Draft placement (underline/glyph-derived; awaiting Lee visual review) | lines=0; cap=2; underlineDerived=true,,Not Reviewed,_audit_tmp/prod-multiline-mask-audit/pdfs/form-51.pdf#page=2
74,51,Itemization of Security Deposit,TXR-2216-01-05-2026,GLOBAL,2,df8a075f-80ed-4212-ac91-e5639ac504a6,txr_2216_abandoned_vehicles_description,TXR-2216 Abandoned/Illegal Vehicles Description,3ee65ffb-74c7-44ad-8818-a22ea766d638,text,manual_only,,62,276,370,27.5,9,false,true,,false,true,,false,,MEDIUM CONFIDENCE,Narrative placement with writing-line evidence; enable multiline and mask after quick visual confirm.,Confirm mask does not cover row labels or amount boxes beside the description.,,TXR-2216 initial Draft placement (underline/glyph-derived; awaiting Lee visual review) | lines=0; cap=2; underlineDerived=true,,Not Reviewed,_audit_tmp/prod-multiline-mask-audit/pdfs/form-51.pdf#page=2
75,51,Itemization of Security Deposit,TXR-2216-01-05-2026,GLOBAL,2,ac5b4273-9de3-4cf3-bfc9-fba568997eea,txr_2216_legal_proceeding_description,TXR-2216 Legal Proceeding Description,2dd72b9d-deb9-475c-bcbd-0da28ede5f1e,text,manual_only,,62,342,370,27.5,9,false,true,,false,true,,false,,MEDIUM CONFIDENCE,Narrative placement with writing-line evidence; enable multiline and mask after quick visual confirm.,Confirm mask does not cover row labels or amount boxes beside the description.,,TXR-2216 initial Draft placement (underline/glyph-derived; awaiting Lee visual review) | lines=0; cap=2; underlineDerived=true,,Not Reviewed,_audit_tmp/prod-multiline-mask-audit/pdfs/form-51.pdf#page=2
76,51,Itemization of Security Deposit,TXR-2216-01-05-2026,GLOBAL,2,3ef280f9-beed-4034-9b63-c28af864ed89,txr_2216_unapproved_alterations_description,TXR-2216 Unapproved Alterations Description,e382bd38-7548-4d32-ac55-c5332e5730bd,text,manual_only,,66.9,460.1,364.8,27.2,9,false,true,,false,true,,false,,MEDIUM CONFIDENCE,Narrative placement with writing-line evidence; enable multiline and mask after quick visual confirm.,Confirm mask does not cover row labels or amount boxes beside the description.,,TXR-2216 initial Draft placement (underline/glyph-derived; awaiting Lee visual review) | lines=0; cap=2; underlineDerived=true,,Not Reviewed,_audit_tmp/prod-multiline-mask-audit/pdfs/form-51.pdf#page=2
77,51,Itemization of Security Deposit,TXR-2216-01-05-2026,GLOBAL,2,842e26bb-8bfb-4591-a7d5-3ca57d987dc2,txr_2216_smoking_damages_description,TXR-2216 Smoking Damages Description,b4ef21a3-c071-4de2-847f-55123f5f82e7,text,manual_only,,65.1,516.2,367.2,26.4,9,false,true,,false,true,,false,,MEDIUM CONFIDENCE,Narrative placement with writing-line evidence; enable multiline and mask after quick visual confirm.,Confirm mask does not cover row labels or amount boxes beside the description.,,TXR-2216 initial Draft placement (underline/glyph-derived; awaiting Lee visual review) | lines=0; cap=2; underlineDerived=true,,Not Reviewed,_audit_tmp/prod-multiline-mask-audit/pdfs/form-51.pdf#page=2
78,51,Itemization of Security Deposit,TXR-2216-01-05-2026,GLOBAL,2,83f1ac79-e97a-401b-9d9c-e404cad3a662,txr_2216_other_description,TXR-2216 Other Deduction Description,fb9a57f5-5bc2-4cb4-9f01-e2365dbc4d54,text,manual_only,,62,609.7,370.4,100,9,false,true,,false,true,,false,,HIGH CONFIDENCE,Narrative multi-line area (~9 lines). Preprinted writing lines/underlines indicated in placement (underline/glyph-derived or underscore evidence).,"White mask must stay inside the placement box so adjacent amount columns, row labels, and borders remain visible.",,TXR-2216 initial Draft placement (underline/glyph-derived; awaiting Lee visual review) | lines=0; cap=9; underlineDerived=true,,Not Reviewed,_audit_tmp/prod-multiline-mask-audit/pdfs/form-51.pdf#page=2
79,9,Lead Based Paint Addendum,TXR-1906-05-04-26,GLOBAL,1,53c21c50-99de-4d55-b4e3-b6f626df4f35,PROPERTY_ADDRESS_CITY,Property Street Address and City,493ff152-fbc4-4aaa-895a-2963b329b120,text,packet_property,full_address,207.31,100.99,330,12,9,false,true,,false,false,,true,,REVIEW REQUIRED,Narrative purpose but current height is ~1 line — dimension increase may be needed to cover the printed writing area.,Enlarging may approach amount columns or following rows — review carefully.,Height 12pt ≈ 1 line(s). Expand only after confirming intended lined region on the PDF.,TREC 56-0 / TXR 1906 Lead-Based Paint Addendum estimated placement | lines=0; cap=1; underlineDerived=false,,Not Reviewed,_audit_tmp/prod-multiline-mask-audit/pdfs/form-9.pdf#page=1
80,9,Lead Based Paint Addendum,TXR-1906-05-04-26,GLOBAL,1,6fc10384-48ab-407c-9ad3-c35352aa4481,lead_paint_known_present_explanation,Explanation of known lead-based paint/hazards,d12a7f30-58c1-4ed1-8c1c-7ea692c7e93f,text,manual_only,,90.59,272.68,487.34,11.8,10,false,true,,false,false,,true,,REVIEW REQUIRED,Narrative purpose but current height is ~1 line — dimension increase may be needed to cover the printed writing area.,Enlarging may approach amount columns or following rows — review carefully.,Height 11.8pt ≈ 1 line(s). Expand only after confirming intended lined region on the PDF.,TREC 56-0 / TXR 1906 Lead-Based Paint Addendum estimated placement | lines=0; cap=1; underlineDerived=false,,Not Reviewed,_audit_tmp/prod-multiline-mask-audit/pdfs/form-9.pdf#page=1
81,9,Lead Based Paint Addendum,TXR-1906-05-04-26,GLOBAL,1,71975e43-4552-4f40-96ac-7e5fd3b2b173,lead_paint_records_list,List of records/reports provided,799b11d9-2936-4fdb-9bf5-f0ec800267cc,text,manual_only,,371.78,314.68,145,12,10,false,true,,false,false,,true,,REVIEW REQUIRED,Narrative purpose but current height is ~1 line — dimension increase may be needed to cover the printed writing area.,Enlarging may approach amount columns or following rows — review carefully.,Height 12pt ≈ 1 line(s). Expand only after confirming intended lined region on the PDF.,TREC 56-0 / TXR 1906 Lead-Based Paint Addendum estimated placement | lines=0; cap=1; underlineDerived=false,,Not Reviewed,_audit_tmp/prod-multiline-mask-audit/pdfs/form-9.pdf#page=1
82,9,Lead Based Paint Addendum,TXR-1906-05-04-26,GLOBAL,1,71975e43-4552-4f40-96ac-7e5fd3b2b173,lead_paint_records_list,List of records/reports provided,f98689af-f053-489c-a3b9-429a088b9ebd,text,manual_only,,86.16,326.6,505,12,10,false,true,,false,false,,true,,REVIEW REQUIRED,Narrative purpose but current height is ~1 line — dimension increase may be needed to cover the printed writing area.,Enlarging may approach amount columns or following rows — review carefully.,Height 12pt ≈ 1 line(s). Expand only after confirming intended lined region on the PDF.,TREC 56-0 / TXR 1906 Lead-Based Paint Addendum estimated placement | lines=1; cap=1; underlineDerived=false,,Not Reviewed,_audit_tmp/prod-multiline-mask-audit/pdfs/form-9.pdf#page=1
83,7,Listing Agreement,TXR-1101-01-05-26,GLOBAL,1,5b8880d8-04de-4e56-ac0e-7ec5c0c70f3e,seller_name_1,Seller Name 1,f12374ff-4a8b-40c3-b80e-23737b6719ee,text,packet_contact,seller_1.full_name,89.04,164.69,485.8,13.85,9,false,true,,false,false,,true,,REVIEW REQUIRED,Narrative purpose but current height is ~1 line — dimension increase may be needed to cover the printed writing area.,Enlarging may approach amount columns or following rows — review carefully.,Height 13.85pt ≈ 1 line(s). Expand only after confirming intended lined region on the PDF.,TXR-1101 paragraph-based estimated placement | lines=0; cap=1; underlineDerived=false,,Not Reviewed,_audit_tmp/prod-multiline-mask-audit/pdfs/form-7.pdf#page=1
84,7,Listing Agreement,TXR-1101-01-05-26,GLOBAL,1,624ccb71-0ca2-48f8-b7ba-a25f183d6f10,seller_name_2,Seller Name 2,d98c9f25-4e9c-47f0-9b99-d67339e08d48,text,packet_contact,seller_2.full_name,89.55,180.23,484.98,13.47,9,false,true,,false,false,,true,,REVIEW REQUIRED,Narrative purpose but current height is ~1 line — dimension increase may be needed to cover the printed writing area.,Enlarging may approach amount columns or following rows — review carefully.,Height 13.47pt ≈ 1 line(s). Expand only after confirming intended lined region on the PDF.,TXR-1101 paragraph-based estimated placement | lines=0; cap=1; underlineDerived=false,,Not Reviewed,_audit_tmp/prod-multiline-mask-audit/pdfs/form-7.pdf#page=1
85,7,Listing Agreement,TXR-1101-01-05-26,GLOBAL,1,97aa99b0-8444-4142-ae84-36ec67d88565,SELLER_ADDRESS,Seller Address,204bf5d8-a4df-45b8-9fe6-7d6de38ed270,text,packet_property,street_address,115.72,192.68,457.59,12.82,9,false,true,,false,false,,true,,REVIEW REQUIRED,Narrative purpose but current height is ~1 line — dimension increase may be needed to cover the printed writing area.,Enlarging may approach amount columns or following rows — review carefully.,Height 12.82pt ≈ 1 line(s). Expand only after confirming intended lined region on the PDF.,TXR-1101 paragraph-based estimated placement | lines=0; cap=1; underlineDerived=false,,Not Reviewed,_audit_tmp/prod-multiline-mask-audit/pdfs/form-7.pdf#page=1
86,7,Listing Agreement,TXR-1101-01-05-26,GLOBAL,1,f134b9a5-1a04-4fc5-8bf7-34c7b9edf4db,seller_phone,Seller Phone,c02bec48-c1ed-453b-81a5-f9e56e4a3d67,text,packet_contact,seller_1.phone,109.16,218.88,218.11,12.19,9,false,true,,false,false,,true,,REVIEW REQUIRED,Narrative purpose but current height is ~1 line — dimension increase may be needed to cover the printed writing area.,Enlarging may approach amount columns or following rows — review carefully.,Height 12.19pt ≈ 1 line(s). Expand only after confirming intended lined region on the PDF.,TXR-1101 paragraph-based estimated placement | lines=0; cap=1; underlineDerived=false,,Not Reviewed,_audit_tmp/prod-multiline-mask-audit/pdfs/form-7.pdf#page=1
87,7,Listing Agreement,TXR-1101-01-05-26,GLOBAL,1,d6a17db8-f058-443d-88c4-32b8ca6d7b72,seller_email,Seller Email,63354e73-5ead-42be-9240-720935deee7a,text,packet_contact,seller_1.email,122.9,230.95,200.58,13.85,9,false,true,,false,false,,true,,REVIEW REQUIRED,Narrative purpose but current height is ~1 line — dimension increase may be needed to cover the printed writing area.,Enlarging may approach amount columns or following rows — review carefully.,Height 13.85pt ≈ 1 line(s). Expand only after confirming intended lined region on the PDF.,TXR-1101 paragraph-based estimated placement | lines=0; cap=1; underlineDerived=false,,Not Reviewed,_audit_tmp/prod-multiline-mask-audit/pdfs/form-7.pdf#page=1
88,7,Listing Agreement,TXR-1101-01-05-26,GLOBAL,1,4861d3dd-ad35-4a65-827b-a6266486f7da,LISTING_EXCLUSIONS,Listing Exclusions,79679aaf-04e3-4939-9685-83ab69535d10,text,manual_only,,225.6,669.67,272.4,13.85,9,false,true,,false,false,,true,,REVIEW REQUIRED,Narrative purpose but current height is ~1 line — dimension increase may be needed to cover the printed writing area.,Enlarging may approach amount columns or following rows — review carefully.,Height 13.85pt ≈ 1 line(s). Expand only after confirming intended lined region on the PDF.,TXR-1101 paragraph-based estimated placement | lines=0; cap=1; underlineDerived=false,,Not Reviewed,_audit_tmp/prod-multiline-mask-audit/pdfs/form-7.pdf#page=1
89,7,Listing Agreement,TXR-1101-01-05-26,GLOBAL,2,517f40e5-2f2a-45ee-a87a-d4cb63f6db52,listing_commission_percent,Listing Commission Percent,5fa33512-efaf-48ad-b0ab-3a4795201bfb,text / number,manual_only,,127.59,319.01,45,14,9,false,true,,false,false,,true,,REVIEW REQUIRED,Narrative purpose but current height is ~1 line — dimension increase may be needed to cover the printed writing area.,Enlarging may approach amount columns or following rows — review carefully.,Height 14pt ≈ 1 line(s). Expand only after confirming intended lined region on the PDF.,TXR-1101 paragraph-based estimated placement | lines=0; cap=1; underlineDerived=false,,Not Reviewed,_audit_tmp/prod-multiline-mask-audit/pdfs/form-7.pdf#page=2
90,7,Listing Agreement,TXR-1101-01-05-26,GLOBAL,2,2fc32a2d-7d83-4cdb-9bea-1240139f5db2,listing_flat_fee,Listing Flat Fee,fb2a4217-5ea4-4c88-8773-f85ae177016c,text / currency,manual_only,,357.9,319.01,70,14,9,false,true,,false,false,,true,,REVIEW REQUIRED,Narrative purpose but current height is ~1 line — dimension increase may be needed to cover the printed writing area.,Enlarging may approach amount columns or following rows — review carefully.,Height 14pt ≈ 1 line(s). Expand only after confirming intended lined region on the PDF.,TXR-1101 paragraph-based estimated placement | lines=0; cap=1; underlineDerived=false,,Not Reviewed,_audit_tmp/prod-multiline-mask-audit/pdfs/form-7.pdf#page=2
91,7,Listing Agreement,TXR-1101-01-05-26,GLOBAL,2,fca33d6f-269d-4081-9d54-2c7e56783542,listing_compensation_other,Listing Compensation Other,cd690ad6-f37a-45fa-9205-3280edf2fb6c,text,manual_only,,123.05,338.8,180,14,9,false,true,,false,false,,true,,REVIEW REQUIRED,Narrative purpose but current height is ~1 line — dimension increase may be needed to cover the printed writing area.,Enlarging may approach amount columns or following rows — review carefully.,Height 14pt ≈ 1 line(s). Expand only after confirming intended lined region on the PDF.,TXR-1101 paragraph-based estimated placement | lines=0; cap=1; underlineDerived=false,,Not Reviewed,_audit_tmp/prod-multiline-mask-audit/pdfs/form-7.pdf#page=2
92,7,Listing Agreement,TXR-1101-01-05-26,GLOBAL,2,ed020c0e-064b-4c0f-b6dc-6209a5d38eab,buyer_broker_comp_flat_fee,Buyer Broker Compensation Flat Fee,36ba2554-3a2a-4431-8e0a-4bb39d498118,text / currency,manual_only,,273.77,418.31,70,14,9,false,true,,false,false,,true,,REVIEW REQUIRED,Narrative purpose but current height is ~1 line — dimension increase may be needed to cover the printed writing area.,Enlarging may approach amount columns or following rows — review carefully.,Height 14pt ≈ 1 line(s). Expand only after confirming intended lined region on the PDF.,TXR-1101 paragraph-based estimated placement | lines=0; cap=1; underlineDerived=false,,Not Reviewed,_audit_tmp/prod-multiline-mask-audit/pdfs/form-7.pdf#page=2
93,7,Listing Agreement,TXR-1101-01-05-26,GLOBAL,2,daa0c0d6-78ce-4510-96a2-05fe371bf01a,buyer_broker_comp_percent,Buyer Broker Compensation Percent,f1108775-88f7-4129-853e-146dd0501691,text / number,manual_only,,91.17,420.88,45,14,9,false,true,,false,false,,true,,REVIEW REQUIRED,Narrative purpose but current height is ~1 line — dimension increase may be needed to cover the printed writing area.,Enlarging may approach amount columns or following rows — review carefully.,Height 14pt ≈ 1 line(s). Expand only after confirming intended lined region on the PDF.,TXR-1101 paragraph-based estimated placement | lines=0; cap=1; underlineDerived=false,,Not Reviewed,_audit_tmp/prod-multiline-mask-audit/pdfs/form-7.pdf#page=2
94,7,Listing Agreement,TXR-1101-01-05-26,GLOBAL,3,54300c4c-ffed-4dce-9fb0-e43ec9869e6a,OTHER_FEES_REIMBURSABLE_EXPENSES,Other Fees and Reimbursable Expenses,5e8c93c8-71ee-4050-b434-66c1137b73c2,text,manual_only,,90.58,494.54,480.16,13.85,9,false,true,,false,false,,true,,REVIEW REQUIRED,Narrative purpose but current height is ~1 line — dimension increase may be needed to cover the printed writing area.,Enlarging may approach amount columns or following rows — review carefully.,Height 13.85pt ≈ 1 line(s). Expand only after confirming intended lined region on the PDF.,TXR-1101 paragraph-based estimated placement | lines=0; cap=1; underlineDerived=false,,Not Reviewed,_audit_tmp/prod-multiline-mask-audit/pdfs/form-7.pdf#page=3
95,7,Listing Agreement,TXR-1101-01-05-26,GLOBAL,3,5ed7cc9f-622f-4c91-b5b7-5b8aa0e0585c,PROTECTION_PERIOD_DAYS,Protection Period Days,d702bd3c-23b8-41bf-9ff0-bdf7a23623e1,text / integer,,,364.09,552.99,66.18,13.34,9,false,true,,false,false,,true,,REVIEW REQUIRED,Narrative purpose but current height is ~1 line — dimension increase may be needed to cover the printed writing area.,Enlarging may approach amount columns or following rows — review carefully.,Height 13.34pt ≈ 1 line(s). Expand only after confirming intended lined region on the PDF.,TXR-1101 paragraph-based estimated placement | lines=0; cap=1; underlineDerived=false,,Not Reviewed,_audit_tmp/prod-multiline-mask-audit/pdfs/form-7.pdf#page=3
96,7,Listing Agreement,TXR-1101-01-05-26,GLOBAL,4,31b47d47-9fa6-454e-874e-a1a36ef2c1c0,PAYMENT_COUNTY,Payment County,fe198bbb-b51d-47dd-90c7-81f0bd547bf0,text,,,71.76,79.23,279.58,13.85,9,false,true,,false,false,,true,,REVIEW REQUIRED,Narrative purpose but current height is ~1 line — dimension increase may be needed to cover the printed writing area.,Enlarging may approach amount columns or following rows — review carefully.,Height 13.85pt ≈ 1 line(s). Expand only after confirming intended lined region on the PDF.,TXR-1101 paragraph-based estimated placement | lines=0; cap=1; underlineDerived=false,,Not Reviewed,_audit_tmp/prod-multiline-mask-audit/pdfs/form-7.pdf#page=4
97,7,Listing Agreement,TXR-1101-01-05-26,GLOBAL,4,e5fb0efa-1301-475c-bc95-db0868262446,mls_delayed_days,MLS Delayed Days,f612dc86-c68b-4205-9291-c39c9c2827ea,text / integer,manual_only,,457.97,353.9,60.53,13.85,9,false,true,,false,false,,true,,REVIEW REQUIRED,Narrative purpose but current height is ~1 line — dimension increase may be needed to cover the printed writing area.,Enlarging may approach amount columns or following rows — review carefully.,Height 13.85pt ≈ 1 line(s). Expand only after confirming intended lined region on the PDF.,TXR-1101 paragraph-based estimated placement | lines=0; cap=1; underlineDerived=false,,Not Reviewed,_audit_tmp/prod-multiline-mask-audit/pdfs/form-7.pdf#page=4
98,7,Listing Agreement,TXR-1101-01-05-26,GLOBAL,4,adc116b2-b368-4bd3-bd77-25472b867277,mls_delayed_purpose,MLS Delayed Purpose,343acab2-f835-467f-be14-0f07dfebf119,text,manual_only,,96.4,382.57,472.98,13.34,9,false,true,,false,false,,true,,REVIEW REQUIRED,Narrative purpose but current height is ~1 line — dimension increase may be needed to cover the printed writing area.,Enlarging may approach amount columns or following rows — review carefully.,Height 13.34pt ≈ 1 line(s). Expand only after confirming intended lined region on the PDF.,TXR-1101 paragraph-based estimated placement | lines=0; cap=1; underlineDerived=false,,Not Reviewed,_audit_tmp/prod-multiline-mask-audit/pdfs/form-7.pdf#page=4
99,7,Listing Agreement,TXR-1101-01-05-26,GLOBAL,5,1c7ef2a8-0842-4a84-80ac-4e69a8ec2437,SCHEDULING_COMPANY,Scheduling Company,c90356e8-3c19-4e33-b217-5157e2c18231,text,manual_only,,271.84,474.5,300,14,9,false,true,,false,false,,true,,REVIEW REQUIRED,Narrative purpose but current height is ~1 line — dimension increase may be needed to cover the printed writing area.,Enlarging may approach amount columns or following rows — review carefully.,Height 14pt ≈ 1 line(s). Expand only after confirming intended lined region on the PDF.,TXR-1101 paragraph-based estimated placement | lines=0; cap=1; underlineDerived=false,,Not Reviewed,_audit_tmp/prod-multiline-mask-audit/pdfs/form-7.pdf#page=5
100,7,Listing Agreement,TXR-1101-01-05-26,GLOBAL,7,eeded65d-fb2e-4b96-9358-eeb7cbfe57d1,financing_other_description,Financing Other Description,59e44d2f-d02e-48ae-93e9-cb04be500025,text,manual_only,,339.99,270.71,200,14,9,false,true,,false,false,,true,,REVIEW REQUIRED,Narrative purpose but current height is ~1 line — dimension increase may be needed to cover the printed writing area.,Enlarging may approach amount columns or following rows — review carefully.,Height 14pt ≈ 1 line(s). Expand only after confirming intended lined region on the PDF.,TXR-1101 paragraph-based estimated placement | lines=0; cap=1; underlineDerived=false,,Not Reviewed,_audit_tmp/prod-multiline-mask-audit/pdfs/form-7.pdf#page=7
101,7,Listing Agreement,TXR-1101-01-05-26,GLOBAL,8,b08bb4a1-95ec-4824-92cc-36a3a0601e90,KNOWN_FINANCIAL_OBLIGATIONS_EXCEPTION,Known Financial Obligations Exception,d19f1150-8aeb-454a-980d-db6f1910835a,text,manual_only,,77.24,113.87,484.26,13.85,9,false,true,,false,false,,true,,REVIEW REQUIRED,Narrative purpose but current height is ~1 line — dimension increase may be needed to cover the printed writing area.,Enlarging may approach amount columns or following rows — review carefully.,Height 13.85pt ≈ 1 line(s). Expand only after confirming intended lined region on the PDF.,TXR-1101 paragraph-based estimated placement | lines=0; cap=1; underlineDerived=false,,Not Reviewed,_audit_tmp/prod-multiline-mask-audit/pdfs/form-7.pdf#page=8
102,7,Listing Agreement,TXR-1101-01-05-26,GLOBAL,8,b4fa63a8-2107-4fda-b5ec-c06ba3e85884,KNOWN_LIENS_EXCEPTION,Known Liens Exception,89884ff1-ace6-4669-a652-4697c761519a,text,manual_only,,75.7,140.78,486.83,13.85,9,false,true,,false,false,,true,,REVIEW REQUIRED,Narrative purpose but current height is ~1 line — dimension increase may be needed to cover the printed writing area.,Enlarging may approach amount columns or following rows — review carefully.,Height 13.85pt ≈ 1 line(s). Expand only after confirming intended lined region on the PDF.,TXR-1101 paragraph-based estimated placement | lines=0; cap=1; underlineDerived=false,,Not Reviewed,_audit_tmp/prod-multiline-mask-audit/pdfs/form-7.pdf#page=8
103,7,Listing Agreement,TXR-1101-01-05-26,GLOBAL,8,998b7869-bc45-4686-a75c-e60cd3581b78,EMPLOYER_RELOCATION_COMPANY,Employer Relocation Company,0351ee67-4061-44a9-8478-a910d4fa5920,text,manual_only,,185.48,204.36,360,14,9,false,true,,false,false,,true,,REVIEW REQUIRED,Narrative purpose but current height is ~1 line — dimension increase may be needed to cover the printed writing area.,Enlarging may approach amount columns or following rows — review carefully.,Height 14pt ≈ 1 line(s). Expand only after confirming intended lined region on the PDF.,TXR-1101 paragraph-based estimated placement | lines=0; cap=1; underlineDerived=false,,Not Reviewed,_audit_tmp/prod-multiline-mask-audit/pdfs/form-7.pdf#page=8
104,7,Listing Agreement,TXR-1101-01-05-26,GLOBAL,8,062cc399-475f-471e-a23e-cc4156c7a531,KNOWN_DISTRICTS,Known Districts,89bbf5cc-7140-44e4-89da-d9972679799f,text,manual_only,,73.65,280.76,488.37,13.85,9,false,true,,false,false,,true,,REVIEW REQUIRED,Narrative purpose but current height is ~1 line — dimension increase may be needed to cover the printed writing area.,Enlarging may approach amount columns or following rows — review carefully.,Height 13.85pt ≈ 1 line(s). Expand only after confirming intended lined region on the PDF.,TXR-1101 paragraph-based estimated placement | lines=0; cap=1; underlineDerived=false,,Not Reviewed,_audit_tmp/prod-multiline-mask-audit/pdfs/form-7.pdf#page=8
105,7,Listing Agreement,TXR-1101-01-05-26,GLOBAL,9,ef9b7bc7-b878-49f6-8e92-c294dd733089,SPECIAL_PROVISIONS,Special Provisions,a47926b7-f82a-4d88-8e40-eac9c0ca1858,text,,,68,165.72,500,60,9,false,true,,false,false,,false,,MEDIUM CONFIDENCE,Tall narrative box (~5 lines) without conclusive line geometry; multiline recommended; mask only after visual confirm of printed lines.,Low — no mask recommended.,,TXR-1101 paragraph-based estimated placement | lines=0; cap=5; underlineDerived=false,,Not Reviewed,_audit_tmp/prod-multiline-mask-audit/pdfs/form-7.pdf#page=9
106,7,Listing Agreement,TXR-1101-01-05-26,GLOBAL,9,9052015a-dfb9-41b3-b9a9-028ebbe8673b,OTHER_DOCUMENT_DESCRIPTION,Other Document Description,eba52491-291c-4916-b0d2-646d29216d29,text,,,72.31,683.66,503.25,14.36,9,false,true,,false,false,,true,,REVIEW REQUIRED,Narrative purpose but current height is ~1 line — dimension increase may be needed to cover the printed writing area.,Enlarging may approach amount columns or following rows — review carefully.,Height 14.36pt ≈ 1 line(s). Expand only after confirming intended lined region on the PDF.,TXR-1101 paragraph-based estimated placement | lines=0; cap=1; underlineDerived=false,,Not Reviewed,_audit_tmp/prod-multiline-mask-audit/pdfs/form-7.pdf#page=9
107,40,NON-REALTY ITEMS ADDENDUM,TXR-1924-10-10-2011,GLOBAL,1,19559617-2562-4b67-9118-457ab95c8a42,txr_1924_personal_property_description,TXR-1924 Personal Property Description,542cdc3c-e0ba-4dfa-ab12-9438ca1afb94,text,manual_only,,64.5,236.7,502.5,202,9,false,true,,false,false,,false,,MEDIUM CONFIDENCE,Tall narrative box (~18 lines) without conclusive line geometry; multiline recommended; mask only after visual confirm of printed lines.,Low — no mask recommended.,,Forms 39–42 initial production Draft placement (visual inventory) | lines=0; cap=18; underlineDerived=false,,Not Reviewed,_audit_tmp/prod-multiline-mask-audit/pdfs/form-40.pdf#page=1
108,43,NOTICE OF SELLER'S TERMINATION OF CONTRACT,TXR-1950-08-13-2018,GLOBAL,1,94620a28-924f-4d7d-a6de-d7a27097ed2b,txr_1950_terminate_other_text,TXR-1950 Terminate Other Text,ff7b46ef-f5c4-42b3-b2ff-73b80dcbd934,text,manual_only,,72.5,289,464.3,68.4,9,false,false,,false,false,,false,,REVIEW REQUIRED,Tall placement without clear narrative purpose — visual review before enabling multiline.,Low — no mask recommended.,,Substantial first line — 6 underscore rules | lines=0; cap=6; underlineDerived=false,,Not Reviewed,_audit_tmp/prod-multiline-mask-audit/pdfs/form-43.pdf#page=1
109,44,NOTICE TO PURCHASER OF SPECIAL TAXING OR ASSESSMENT DISTRICT,TXR-1420-02-12-2024,GLOBAL,1,16ab33f0-a611-4e63-af2d-d3b8c22db3a1,txr_1420_bonds_approved_other_description,TXR-1420 Bonds Approved Other Description,cbfacaa9-beeb-486a-afe8-4c80d44923f4,text,manual_only,,215.3,629.8,339.8,14,9,false,true,,false,false,,true,,REVIEW REQUIRED,Narrative purpose but current height is ~1 line — dimension increase may be needed to cover the printed writing area.,Enlarging may approach amount columns or following rows — review carefully.,Height 14pt ≈ 1 line(s). Expand only after confirming intended lined region on the PDF.,AcroForm Text12 | lines=0; cap=1; underlineDerived=false,,Not Reviewed,_audit_tmp/prod-multiline-mask-audit/pdfs/form-44.pdf#page=1
110,44,NOTICE TO PURCHASER OF SPECIAL TAXING OR ASSESSMENT DISTRICT,TXR-1420-02-12-2024,GLOBAL,1,8f9c4d85-0d18-460a-be00-ad7f19628d95,txr_1420_bonds_issued_other_description,TXR-1420 Bonds Issued Other Description,59f9250c-f607-4abf-8068-fbc696c0a74c,text,manual_only,,214.7,727.3,339.8,14,9,false,true,,false,false,,true,,REVIEW REQUIRED,Narrative purpose but current height is ~1 line — dimension increase may be needed to cover the printed writing area.,Enlarging may approach amount columns or following rows — review carefully.,Height 14pt ≈ 1 line(s). Expand only after confirming intended lined region on the PDF.,AcroForm Text17 | lines=0; cap=1; underlineDerived=false,,Not Reviewed,_audit_tmp/prod-multiline-mask-audit/pdfs/form-44.pdf#page=1
111,44,NOTICE TO PURCHASER OF SPECIAL TAXING OR ASSESSMENT DISTRICT,TXR-1420-02-12-2024,GLOBAL,2,97e9fb43-8aa7-48ad-888f-87d7c7656de6,txr_1420_purpose_other_description,TXR-1420 Purpose Other Description,7b99945d-f13d-4a7e-8a73-6c51b9619270,text,manual_only,,196.3,419.8,229.2,14,9,false,true,,false,false,,true,,REVIEW REQUIRED,Narrative purpose but current height is ~1 line — dimension increase may be needed to cover the printed writing area.,Enlarging may approach amount columns or following rows — review carefully.,Height 14pt ≈ 1 line(s). Expand only after confirming intended lined region on the PDF.,AcroForm Text23 | lines=0; cap=1; underlineDerived=false,,Not Reviewed,_audit_tmp/prod-multiline-mask-audit/pdfs/form-44.pdf#page=2
112,11,One to Four Residential,TXR-1601-05-04-2026,GLOBAL,1,75358af0-183c-47d4-9bcb-87e8691b4e66,CONTRACT_PROPERTY_EXCLUSIONS,Contract Property Exclusions,3594100e-08aa-4909-8988-0357067f767f,text,manual_only,,68.46,410.72,500.17,12.82,9,false,true,,false,false,,true,,REVIEW REQUIRED,Narrative purpose but current height is ~1 line — dimension increase may be needed to cover the printed writing area.,Enlarging may approach amount columns or following rows — review carefully.,Height 12.82pt ≈ 1 line(s). Expand only after confirming intended lined region on the PDF.,TREC 20-19 / TXR 1601 One to Four Family Residential Contract estimated placement | lines=2; cap=1; underlineDerived=false,,Not Reviewed,_audit_tmp/prod-multiline-mask-audit/pdfs/form-11.pdf#page=1
113,11,One to Four Residential,TXR-1601-05-04-2026,GLOBAL,5,68ab207d-d60c-4262-b96d-4135f8f8e639,contract_specific_repairs,Specific Repairs,c7896926-b224-445e-b4ec-e55973fa1c3f,text,manual_only,,77.06,93.43,495.25,11.55,9,false,true,,false,false,,true,,REVIEW REQUIRED,Narrative purpose but current height is ~1 line — dimension increase may be needed to cover the printed writing area.,Enlarging may approach amount columns or following rows — review carefully.,Height 11.55pt ≈ 1 line(s). Expand only after confirming intended lined region on the PDF.,TREC 20-19 / TXR 1601 One to Four Family Residential Contract estimated placement | lines=1; cap=1; underlineDerived=false,,Not Reviewed,_audit_tmp/prod-multiline-mask-audit/pdfs/form-11.pdf#page=5
114,11,One to Four Residential,TXR-1601-05-04-2026,GLOBAL,6,da9e14f5-6f26-4d0a-9f13-7e8097fed433,CONTRACT_SPECIAL_PROVISIONS,Special Provisions,ee524f14-559a-49b5-b69d-6aee0c20970f,text,,,68.46,553.56,495.04,23.6,9,false,true,,false,true,,false,,MEDIUM CONFIDENCE,Narrative placement with writing-line evidence; enable multiline and mask after quick visual confirm.,Confirm mask does not cover row labels or amount boxes beside the description.,,TREC 20-19 / TXR 1601 One to Four Family Residential Contract estimated placement | lines=3; cap=2; underlineDerived=false,,Not Reviewed,_audit_tmp/prod-multiline-mask-audit/pdfs/form-11.pdf#page=6
115,11,One to Four Residential,TXR-1601-05-04-2026,GLOBAL,9,a4822d94-0094-4de0-82ec-abfe48aee3b7,contract_add_district_notices_text,District Notices Addendum Text,b561009c-974f-41d4-8b7f-ec26f8281a67,text,manual_only,,256.42,425.2,313.44,28.21,9,false,true,,false,false,,false,,MEDIUM CONFIDENCE,Narrative field with ~2-line capacity; mask not recommended without line evidence.,Low — no mask recommended.,,TREC 20-19 / TXR 1601 One to Four Family Residential Contract estimated placement | lines=0; cap=2; underlineDerived=false,,Not Reviewed,_audit_tmp/prod-multiline-mask-audit/pdfs/form-11.pdf#page=9
116,11,One to Four Residential,TXR-1601-05-04-2026,GLOBAL,9,71782c8b-390e-4618-9f87-766cd7fde593,contract_add_other_text,Other Addendum Text,d9f39f7e-9204-4513-bf61-9a6531fea92b,text,manual_only,,116.92,539.77,440,28,9,false,true,,false,false,,false,,MEDIUM CONFIDENCE,Narrative field with ~2-line capacity; mask not recommended without line evidence.,Low — no mask recommended.,,TREC 20-19 / TXR 1601 One to Four Family Residential Contract estimated placement | lines=0; cap=2; underlineDerived=false,,Not Reviewed,_audit_tmp/prod-multiline-mask-audit/pdfs/form-11.pdf#page=9
117,20,Residential Condominium Contract (Resale),TXR-1605-05-04-2026,GLOBAL,1,75358af0-183c-47d4-9bcb-87e8691b4e66,CONTRACT_PROPERTY_EXCLUSIONS,Contract Property Exclusions,6a7e2c2d-d327-4526-b531-74c0fd9513cd,text,manual_only,,102.34,413.17,450.41,11.29,,false,true,,false,false,,true,,REVIEW REQUIRED,Narrative purpose but current height is ~1 line — dimension increase may be needed to cover the printed writing area.,Enlarging may approach amount columns or following rows — review carefully.,Height 11.29pt ≈ 1 line(s). Expand only after confirming intended lined region on the PDF.,"P2A(4) exclusions rule y=374.9. Multi-line blank; mapped on the first line only, per Form 11 practice. | lines=1; cap=1; underlineDerived=false",,Not Reviewed,_audit_tmp/prod-multiline-mask-audit/pdfs/form-20.pdf#page=1
118,20,Residential Condominium Contract (Resale),TXR-1605-05-04-2026,GLOBAL,4,68ab207d-d60c-4262-b96d-4135f8f8e639,contract_specific_repairs,Specific Repairs,001f0f4a-4604-4084-b15e-cd385371cadb,text,manual_only,,300.4,418.5,250.8,14,,false,true,,false,false,,true,,REVIEW REQUIRED,Narrative purpose but current height is ~1 line — dimension increase may be needed to cover the printed writing area.,Enlarging may approach amount columns or following rows — review carefully.,Height 14pt ≈ 1 line(s). Expand only after confirming intended lined region on the PDF.,"P7D(2) rule y=361.1. Multi-line blank; mapped on the first line only, per Form 11 practice. | lines=1; cap=1; underlineDerived=false",,Not Reviewed,_audit_tmp/prod-multiline-mask-audit/pdfs/form-20.pdf#page=4
119,20,Residential Condominium Contract (Resale),TXR-1605-05-04-2026,GLOBAL,5,da9e14f5-6f26-4d0a-9f13-7e8097fed433,CONTRACT_SPECIAL_PROVISIONS,Special Provisions,aee30999-0b10-438b-915f-88494b374958,text,,,64.94,445.86,489.39,19.49,,false,true,,false,false,,true,,REVIEW REQUIRED,Narrative purpose but current height is ~1 line — dimension increase may be needed to cover the printed writing area.,Enlarging may approach amount columns or following rows — review carefully.,Height 19.49pt ≈ 1 line(s). Expand only after confirming intended lined region on the PDF.,"P11 three-line blank (rules y=344, 335, 326). Multi-line blank; mapped on the first line only, per Form 11 practice. | lines=2; cap=1; underlineDerived=false",,Not Reviewed,_audit_tmp/prod-multiline-mask-audit/pdfs/form-20.pdf#page=5
120,20,Residential Condominium Contract (Resale),TXR-1605-05-04-2026,GLOBAL,5,603c0263-3c4a-4bbe-b132-4215c2a1d41e,contract_condo_association_transfer_charges_cap,Association Transfer Charges Cap,0a8b95d4-c5d1-480d-bdf9-ab7164770b2a,text / currency,manual_only,,340.2,632.8,94.7,14,,false,true,,false,false,,true,,REVIEW REQUIRED,Narrative purpose but current height is ~1 line — dimension increase may be needed to cover the printed writing area.,Enlarging may approach amount columns or following rows — review carefully.,Height 14pt ≈ 1 line(s). Expand only after confirming intended lined region on the PDF.,P12A(3) rule y=146.8. Condo-only paragraph with no 1-4 analogue. | lines=1; cap=1; underlineDerived=false,,Not Reviewed,_audit_tmp/prod-multiline-mask-audit/pdfs/form-20.pdf#page=5
121,20,Residential Condominium Contract (Resale),TXR-1605-05-04-2026,GLOBAL,7,a4822d94-0094-4de0-82ec-abfe48aee3b7,contract_add_district_notices_text,District Notices Addendum Text,a358f166-bb1f-4e30-9d04-994158645588,text,manual_only,,285,651.1,263,14,,false,true,,false,false,,true,,REVIEW REQUIRED,Narrative purpose but current height is ~1 line — dimension increase may be needed to cover the printed writing area.,Enlarging may approach amount columns or following rows — review carefully.,Height 14pt ≈ 1 line(s). Expand only after confirming intended lined region on the PDF.,"P22 underscore run at baseline y=130.5. Multi-line blank; mapped on the first line only, per Form 11 practice. | lines=0; cap=1; underlineDerived=false",,Not Reviewed,_audit_tmp/prod-multiline-mask-audit/pdfs/form-20.pdf#page=7
122,20,Residential Condominium Contract (Resale),TXR-1605-05-04-2026,GLOBAL,7,71782c8b-390e-4618-9f87-766cd7fde593,contract_add_other_text,Other Addendum Text,61e40e26-4ef0-47be-bbbb-fef76fd325c2,text,manual_only,,122.4,733.1,428,14,,false,true,,false,false,,true,,REVIEW REQUIRED,Narrative purpose but current height is ~1 line — dimension increase may be needed to cover the printed writing area.,Enlarging may approach amount columns or following rows — review carefully.,Height 14pt ≈ 1 line(s). Expand only after confirming intended lined region on the PDF.,"P22 underscore run at baseline y=48.5. Multi-line blank; mapped on the first line only, per Form 11 practice. | lines=0; cap=1; underlineDerived=false",,Not Reviewed,_audit_tmp/prod-multiline-mask-audit/pdfs/form-20.pdf#page=7
123,18,Residential Lease,TXR-2001-01-05-2026,GLOBAL,1,4741e57c-5b75-4374-a7b2-d1edba7b6931,txr_2001_property_legal_description,Legal description,a5af5bfc-13a7-42aa-9b85-0e9bf69db8f5,text,packet_property,legal_description,75.05,368.12,504.23,17.96,9,false,true,,false,false,,true,,REVIEW REQUIRED,Narrative purpose but current height is ~1 line — dimension increase may be needed to cover the printed writing area.,Enlarging may approach amount columns or following rows — review carefully.,Height 17.96pt ≈ 1 line(s). Expand only after confirming intended lined region on the PDF.,TXR-2001 Residential Lease first-pass manual/visual placement | lines=0; cap=1; underlineDerived=false,,Not Reviewed,_audit_tmp/prod-multiline-mask-audit/pdfs/form-18.pdf#page=1
124,18,Residential Lease,TXR-2001-01-05-2026,GLOBAL,2,a7e24bc5-e0e9-446e-845a-c6348e44767e,txr_2001_rent_due_other_text,Other rent due date/details,476fabd2-6a4a-44e8-8b5f-fe25f1c54484,text,manual_only,,125,199,452,16,9,false,true,,false,false,,true,,REVIEW REQUIRED,Narrative purpose but current height is ~1 line — dimension increase may be needed to cover the printed writing area.,Enlarging may approach amount columns or following rows — review carefully.,Height 16pt ≈ 1 line(s). Expand only after confirming intended lined region on the PDF.,TXR-2001 Residential Lease first-pass manual/visual placement | lines=0; cap=1; underlineDerived=false,,Not Reviewed,_audit_tmp/prod-multiline-mask-audit/pdfs/form-18.pdf#page=2
125,18,Residential Lease,TXR-2001-01-05-2026,GLOBAL,7,6b3e506e-33b6-448a-8da9-9279e14f4877,TXR_2001_MOVE_IN_LANDLORD_CONDITIONS,Landlord move-in conditions,d695416c-7522-4567-a0df-ffc232f6a69a,text,manual_only,,77.81,224.08,486.26,23.74,9,false,true,,false,false,,false,,MEDIUM CONFIDENCE,Narrative field with ~2-line capacity; mask not recommended without line evidence.,Low — no mask recommended.,,TXR-2001 Residential Lease first-pass manual/visual placement | lines=0; cap=2; underlineDerived=false,,Not Reviewed,_audit_tmp/prod-multiline-mask-audit/pdfs/form-18.pdf#page=7
126,18,Residential Lease,TXR-2001-01-05-2026,GLOBAL,7,c87c03a5-bf42-4449-af96-95763bdc7a2f,TXR_2001_INVENTORY_CONDITION_DUE_DAYS,Days to deliver inventory/condition form,68c0e227-5a35-42ac-92ee-224ed2084a6d,number,manual_only,,170,270,46,16,9,false,true,,false,false,,true,,REVIEW REQUIRED,Narrative purpose but current height is ~1 line — dimension increase may be needed to cover the printed writing area.,Enlarging may approach amount columns or following rows — review carefully.,Height 16pt ≈ 1 line(s). Expand only after confirming intended lined region on the PDF.,TXR-2001 Residential Lease first-pass manual/visual placement | lines=0; cap=1; underlineDerived=false,,Not Reviewed,_audit_tmp/prod-multiline-mask-audit/pdfs/form-18.pdf#page=7
127,18,Residential Lease,TXR-2001-01-05-2026,GLOBAL,8,711e2263-1dc3-4028-9300-992172549f3d,txr_2001_yard_maintenance_contract_other,Other contractor name/details,3039b00c-66ff-44d4-9016-7633b55e6ec5,text,manual_only,,278,646,293,16,9,false,true,,false,false,,true,,REVIEW REQUIRED,Narrative purpose but current height is ~1 line — dimension increase may be needed to cover the printed writing area.,Enlarging may approach amount columns or following rows — review carefully.,Height 16pt ≈ 1 line(s). Expand only after confirming intended lined region on the PDF.,TXR-2001 Residential Lease first-pass manual/visual placement | lines=0; cap=1; underlineDerived=false,,Not Reviewed,_audit_tmp/prod-multiline-mask-audit/pdfs/form-18.pdf#page=8
128,18,Residential Lease,TXR-2001-01-05-2026,GLOBAL,9,a2179e44-944f-44b3-81be-76544adc5f10,txr_2001_emergency_repair_phone,Emergency repair phone,76acb3a5-681d-4d25-a255-c9bc9cd52f62,text,packet_contact,landlord_1.phone,181,561,137,16,9,false,true,,false,false,,true,,REVIEW REQUIRED,Narrative purpose but current height is ~1 line — dimension increase may be needed to cover the printed writing area.,Enlarging may approach amount columns or following rows — review carefully.,Height 16pt ≈ 1 line(s). Expand only after confirming intended lined region on the PDF.,TXR-2001 Residential Lease first-pass manual/visual placement | lines=0; cap=1; underlineDerived=false,,Not Reviewed,_audit_tmp/prod-multiline-mask-audit/pdfs/form-18.pdf#page=9
129,18,Residential Lease,TXR-2001-01-05-2026,GLOBAL,10,14da27da-1f12-437d-b7d8-4e60c9af92ae,TXR_2001_TENANT_SPECIFIC_REPAIR_ITEMS,Specific items/appliances tenant pays to repair,5f674501-6306-4364-a10c-b2c713fa7a3c,text,manual_only,,332,462,243.77,39.13,9,false,true,,false,false,,false,,MEDIUM CONFIDENCE,Tall narrative box (~3 lines) without conclusive line geometry; multiline recommended; mask only after visual confirm of printed lines.,Low — no mask recommended.,,TXR-2001 Residential Lease first-pass manual/visual placement | lines=0; cap=3; underlineDerived=false,,Not Reviewed,_audit_tmp/prod-multiline-mask-audit/pdfs/form-18.pdf#page=10
130,18,Residential Lease,TXR-2001-01-05-2026,GLOBAL,12,bc48623b-d1e0-46bd-9e44-7d3d796dcb91,TXR_2001_SPECIAL_PROVISIONS,Special provisions,d91c2b34-528a-474f-9eca-1d7b336cb54a,text,manual_only,,59.81,147.08,504.23,64.15,9,false,true,,false,false,,false,,MEDIUM CONFIDENCE,Tall narrative box (~5 lines) without conclusive line geometry; multiline recommended; mask only after visual confirm of printed lines.,Low — no mask recommended.,,TXR-2001 Residential Lease first-pass manual/visual placement | lines=0; cap=5; underlineDerived=false,,Not Reviewed,_audit_tmp/prod-multiline-mask-audit/pdfs/form-18.pdf#page=12
131,18,Residential Lease,TXR-2001-01-05-2026,GLOBAL,14,4a2600ab-f1d3-4a52-938b-568d937a4cef,txr_2001_addendum_custom_2_text,Custom addendum right,864f3f15-af1d-40ab-a1db-0157cfd4b775,text,manual_only,,333,156.05,208,16,9,false,true,,false,false,,true,,REVIEW REQUIRED,Narrative purpose but current height is ~1 line — dimension increase may be needed to cover the printed writing area.,Enlarging may approach amount columns or following rows — review carefully.,Height 16pt ≈ 1 line(s). Expand only after confirming intended lined region on the PDF.,TXR-2001 Residential Lease first-pass manual/visual placement | lines=0; cap=1; underlineDerived=false,,Not Reviewed,_audit_tmp/prod-multiline-mask-audit/pdfs/form-18.pdf#page=14
132,18,Residential Lease,TXR-2001-01-05-2026,GLOBAL,14,88ea79d1-85c6-4932-8d4e-5fc3f0ce8115,txr_2001_addendum_custom_1_text,Custom addendum left,54fe0b2a-be54-4b40-85d5-38824b89ff2d,text,manual_only,,74.56,158.62,215.97,12.31,9,false,true,,false,false,,true,,REVIEW REQUIRED,Narrative purpose but current height is ~1 line — dimension increase may be needed to cover the printed writing area.,Enlarging may approach amount columns or following rows — review carefully.,Height 12.31pt ≈ 1 line(s). Expand only after confirming intended lined region on the PDF.,TXR-2001 Residential Lease first-pass manual/visual placement | lines=0; cap=1; underlineDerived=false,,Not Reviewed,_audit_tmp/prod-multiline-mask-audit/pdfs/form-18.pdf#page=14
133,18,Residential Lease,TXR-2001-01-05-2026,GLOBAL,14,4abcb414-7a54-4e9b-a987-d7d805b5ed63,txr_2001_addendum_custom_4_text,Custom addendum right,ca7cfee0-bb0b-4c42-bce8-c8ce2891f947,text,manual_only,,334.03,166.56,212,16,9,false,true,,false,false,,true,,REVIEW REQUIRED,Narrative purpose but current height is ~1 line — dimension increase may be needed to cover the printed writing area.,Enlarging may approach amount columns or following rows — review carefully.,Height 16pt ≈ 1 line(s). Expand only after confirming intended lined region on the PDF.,TXR-2001 Residential Lease first-pass manual/visual placement | lines=0; cap=1; underlineDerived=false,,Not Reviewed,_audit_tmp/prod-multiline-mask-audit/pdfs/form-18.pdf#page=14
134,18,Residential Lease,TXR-2001-01-05-2026,GLOBAL,14,78306b90-53e3-4712-bb9d-f39c84440f73,txr_2001_addendum_custom_3_text,Custom addendum left,1272c0b3-a72c-46f5-bcd1-1c6ccca7f71d,text,manual_only,,75.6,169.64,215.97,10.77,9,false,true,,false,false,,true,,REVIEW REQUIRED,Narrative purpose but current height is ~1 line — dimension increase may be needed to cover the printed writing area.,Enlarging may approach amount columns or following rows — review carefully.,Height 10.77pt ≈ 1 line(s). Expand only after confirming intended lined region on the PDF.,TXR-2001 Residential Lease first-pass manual/visual placement | lines=0; cap=1; underlineDerived=false,,Not Reviewed,_audit_tmp/prod-multiline-mask-audit/pdfs/form-18.pdf#page=14
135,15,Residential Lease Listing,TXR-1102-01-05-2026,GLOBAL,1,36688331-3eca-4c40-b8ac-62eef3ceed6a,lease_listing_exclusions,Lease Listing Exclusions,130d7b31-6f48-4d03-8186-3ed4d6add9f7,text,manual_only,,304.2,523.79,281.12,28.21,9,false,true,,false,false,,false,,MEDIUM CONFIDENCE,Narrative field with ~2-line capacity; mask not recommended without line evidence.,Low — no mask recommended.,,TXR-1102 Residential Lease Listing Agreement first-pass placement | lines=0; cap=2; underlineDerived=false,,Not Reviewed,_audit_tmp/prod-multiline-mask-audit/pdfs/form-15.pdf#page=1
136,15,Residential Lease Listing,TXR-1102-01-05-2026,GLOBAL,7,caa9d332-f6c4-40ed-9377-4706f0b9539d,lease_known_financial_obligations_exception,Lease Known Financial Obligations Exception,a3c402f1-e8fe-40c6-a729-372e0d44be1a,text,manual_only,,253.41,492.29,140,14,9,false,true,,false,false,,true,,REVIEW REQUIRED,Narrative purpose but current height is ~1 line — dimension increase may be needed to cover the printed writing area.,Enlarging may approach amount columns or following rows — review carefully.,Height 14pt ≈ 1 line(s). Expand only after confirming intended lined region on the PDF.,TXR-1102 Residential Lease Listing Agreement first-pass placement | lines=0; cap=1; underlineDerived=false,,Not Reviewed,_audit_tmp/prod-multiline-mask-audit/pdfs/form-15.pdf#page=7
137,15,Residential Lease Listing,TXR-1102-01-05-2026,GLOBAL,7,c06fa26e-190c-4859-8abf-fa3ef919dfd2,lease_known_liens_exception,Lease Known Liens Exception,afda4688-a248-4ce5-8494-6169776f1bbd,text,manual_only,,83.71,517.8,460,14,9,false,true,,false,false,,true,,REVIEW REQUIRED,Narrative purpose but current height is ~1 line — dimension increase may be needed to cover the printed writing area.,Enlarging may approach amount columns or following rows — review carefully.,Height 14pt ≈ 1 line(s). Expand only after confirming intended lined region on the PDF.,TXR-1102 Residential Lease Listing Agreement first-pass placement | lines=0; cap=1; underlineDerived=false,,Not Reviewed,_audit_tmp/prod-multiline-mask-audit/pdfs/form-15.pdf#page=7
138,15,Residential Lease Listing,TXR-1102-01-05-2026,GLOBAL,7,fd46b700-a54b-40be-85f5-b5860c9c2c30,lease_optional_common_area_fees_exception,Lease Optional Common Area Fees Exception,ebb1ad66-5cb4-4416-a1c9-625ae64d8d31,text,manual_only,,202.23,581.76,369.87,24.11,9,false,true,,false,false,,false,,MEDIUM CONFIDENCE,Narrative field with ~2-line capacity; mask not recommended without line evidence.,Low — no mask recommended.,,TXR-1102 Residential Lease Listing Agreement first-pass placement | lines=0; cap=2; underlineDerived=false,,Not Reviewed,_audit_tmp/prod-multiline-mask-audit/pdfs/form-15.pdf#page=7
139,15,Residential Lease Listing,TXR-1102-01-05-2026,GLOBAL,7,3ee5158f-abb0-4264-b650-f8fa059560a8,lease_health_safety_condition_exception,Lease Health Safety Condition Exception,3ecc7474-1a04-400c-996d-1a622fa28faa,text,manual_only,,206.74,622.14,350.37,21.03,9,false,true,,false,false,,true,,REVIEW REQUIRED,Narrative purpose but current height is ~1 line — dimension increase may be needed to cover the printed writing area.,Enlarging may approach amount columns or following rows — review carefully.,Height 21.03pt ≈ 1 line(s). Expand only after confirming intended lined region on the PDF.,TXR-1102 Residential Lease Listing Agreement first-pass placement | lines=0; cap=1; underlineDerived=false,,Not Reviewed,_audit_tmp/prod-multiline-mask-audit/pdfs/form-15.pdf#page=7
140,15,Residential Lease Listing,TXR-1102-01-05-2026,GLOBAL,8,9a528faa-ffa9-43e4-9482-1e43347d78de,lease_special_provisions,Lease Special Provisions,7d480d19-50b6-463d-93d1-c69f2daa786f,text,manual_only,,68.2,544.45,480,60,9,false,true,,false,false,,false,,MEDIUM CONFIDENCE,Tall narrative box (~5 lines) without conclusive line geometry; multiline recommended; mask only after visual confirm of printed lines.,Low — no mask recommended.,,TXR-1102 Residential Lease Listing Agreement first-pass placement | lines=0; cap=5; underlineDerived=false,,Not Reviewed,_audit_tmp/prod-multiline-mask-audit/pdfs/form-15.pdf#page=8
141,15,Residential Lease Listing,TXR-1102-01-05-2026,GLOBAL,9,f93e9ef9-64e1-435f-9fa9-7a246c8b7607,lease_add_other_document_description,Lease Add Other Document Description,050948b0-11da-495f-be93-5f709eafd075,text,manual_only,,66.28,324.45,480,14,9,false,true,,false,false,,true,,REVIEW REQUIRED,Narrative purpose but current height is ~1 line — dimension increase may be needed to cover the printed writing area.,Enlarging may approach amount columns or following rows — review carefully.,Height 14pt ≈ 1 line(s). Expand only after confirming intended lined region on the PDF.,TXR-1102 Residential Lease Listing Agreement first-pass placement | lines=0; cap=1; underlineDerived=false,,Not Reviewed,_audit_tmp/prod-multiline-mask-audit/pdfs/form-15.pdf#page=9
142,15,Residential Lease Listing,TXR-1102-01-05-2026,GLOBAL,10,a92062be-4b38-4344-8818-7322bc84b789,lease_inventory_condition_form_days,Lease Inventory Condition Form Days,cb4ae84b-524a-49e4-9b29-dfe04157f3b1,text / integer,manual_only,,337.71,128.57,60,14,9,false,true,,false,false,,true,,REVIEW REQUIRED,Narrative purpose but current height is ~1 line — dimension increase may be needed to cover the printed writing area.,Enlarging may approach amount columns or following rows — review carefully.,Height 14pt ≈ 1 line(s). Expand only after confirming intended lined region on the PDF.,TXR-1102 Residential Lease Listing Agreement first-pass placement | lines=0; cap=1; underlineDerived=false,,Not Reviewed,_audit_tmp/prod-multiline-mask-audit/pdfs/form-15.pdf#page=10
143,15,Residential Lease Listing,TXR-1102-01-05-2026,GLOBAL,10,81c141e9-b296-4861-9bd5-e57222ac980b,lease_emergency_repair_phone,Lease Emergency Repair Phone,b8e1f0ef-0a94-4669-8ce8-84291d628d78,text,manual_only,,314.24,221.41,150,14,9,false,true,,false,false,,true,,REVIEW REQUIRED,Narrative purpose but current height is ~1 line — dimension increase may be needed to cover the printed writing area.,Enlarging may approach amount columns or following rows — review carefully.,Height 14pt ≈ 1 line(s). Expand only after confirming intended lined region on the PDF.,TXR-1102 Residential Lease Listing Agreement first-pass placement | lines=0; cap=1; underlineDerived=false,,Not Reviewed,_audit_tmp/prod-multiline-mask-audit/pdfs/form-15.pdf#page=10
144,15,Residential Lease Listing,TXR-1102-01-05-2026,GLOBAL,10,f65af418-e26e-4240-8f6d-6dea3cc9339d,lease_requirements_special_provisions,Lease Requirements Special Provisions,46ec0932-1d6a-4869-ae2d-b2dee7397f39,text,manual_only,,167.75,315.23,408.34,24.11,9,false,true,,false,false,,false,,MEDIUM CONFIDENCE,Narrative field with ~2-line capacity; mask not recommended without line evidence.,Low — no mask recommended.,,TXR-1102 Residential Lease Listing Agreement first-pass placement | lines=0; cap=2; underlineDerived=false,,Not Reviewed,_audit_tmp/prod-multiline-mask-audit/pdfs/form-15.pdf#page=10
145,47,RESIDENTIAL LEASING AND PROPERTY MANAGEMENT AGREEMENT,TXR-2201-01-05-2026,GLOBAL,1,9114e96b-3d67-406b-8cb0-8ab40af35da0,txr_2201_owner_entity_other_text,Owner Entity Other Description,38bb53b8-35a4-4275-af77-907b1b5433b4,text,manual_only,,298.5,190.7,165.7,14,9,false,true,,false,false,,true,,REVIEW REQUIRED,Narrative purpose but current height is ~1 line — dimension increase may be needed to cover the printed writing area.,Enlarging may approach amount columns or following rows — review carefully.,Height 14pt ≈ 1 line(s). Expand only after confirming intended lined region on the PDF.,underscore run in text after “other”; ends before comma | lines=0; cap=1; underlineDerived=false,,Not Reviewed,_audit_tmp/prod-multiline-mask-audit/pdfs/form-47.pdf#page=1
146,47,RESIDENTIAL LEASING AND PROPERTY MANAGEMENT AGREEMENT,TXR-2201-01-05-2026,GLOBAL,1,45c3a0f2-b733-4e5f-801e-ebf230ee0a39,txr_2201_owner_additional_contact,Owner Additional Contact Information,37662fd3-2206-4069-b83e-8a89e3331286,text,manual_only,,226.5,284.2,348.5,39.3,9,false,false,,false,false,,false,,REVIEW REQUIRED,Tall placement without clear narrative purpose — visual review before enabling multiline.,Low — no mask recommended.,,"**Short first line** after label (yTop≈298.2), then full rules yTop≈310.9 & 323.5 | lines=0; cap=3; underlineDerived=false",,Not Reviewed,_audit_tmp/prod-multiline-mask-audit/pdfs/form-47.pdf#page=1
147,47,RESIDENTIAL LEASING AND PROPERTY MANAGEMENT AGREEMENT,TXR-2201-01-05-2026,GLOBAL,1,d2a7f794-9260-406f-9f27-94fb753056eb,property_legal_description,Property Legal Description,b19d8882-64f6-462c-8598-08eca0fa0977,text,packet_property,legal_description,154.7,476.6,420.3,27.6,9,false,true,,false,false,,false,,MEDIUM CONFIDENCE,Narrative field with ~2-line capacity; mask not recommended without line evidence.,Low — no mask recommended.,,"**Short first line** after “legally described as:” (yTop≈490.6), then full rule yTop≈504.2 | lines=0; cap=2; underlineDerived=false",,Not Reviewed,_audit_tmp/prod-multiline-mask-audit/pdfs/form-47.pdf#page=1
148,47,RESIDENTIAL LEASING AND PROPERTY MANAGEMENT AGREEMENT,TXR-2201-01-05-2026,GLOBAL,1,ad6e89a8-24ef-4ba7-adaa-18ef862d39df,lease_non_real_estate_items,Lease Non Real Estate Items,4616f2e2-36da-4682-96f3-fe72b6587393,text,manual_only,,87.4,516.4,487.6,39.3,9,false,true,,false,false,,false,,MEDIUM CONFIDENCE,Tall narrative box (~3 lines) without conclusive line geometry; multiline recommended; mask only after visual confirm of printed lines.,Low — no mask recommended.,,"**Short first line** after “items:” (yTop≈530.4), then full rules yTop≈543.1 & 555.7 | lines=0; cap=3; underlineDerived=false",,Not Reviewed,_audit_tmp/prod-multiline-mask-audit/pdfs/form-47.pdf#page=1
149,47,RESIDENTIAL LEASING AND PROPERTY MANAGEMENT AGREEMENT,TXR-2201-01-05-2026,GLOBAL,2,e1d3d577-1f61-46e1-bcc4-9311533da573,txr_2201_mgmt_fee_other_text,Management Fee Other Description,db8c488f-f4bd-4c3c-a485-4a6db541e77b,text / currency,manual_only,,109,273.2,466,14,9,false,true,,false,false,,true,,REVIEW REQUIRED,Narrative purpose but current height is ~1 line — dimension increase may be needed to cover the printed writing area.,Enlarging may approach amount columns or following rows — review carefully.,Height 14pt ≈ 1 line(s). Expand only after confirming intended lined region on the PDF.,full rule after (2) | lines=0; cap=1; underlineDerived=false,,Not Reviewed,_audit_tmp/prod-multiline-mask-audit/pdfs/form-47.pdf#page=2
150,47,RESIDENTIAL LEASING AND PROPERTY MANAGEMENT AGREEMENT,TXR-2201-01-05-2026,GLOBAL,2,2b423e75-8d23-4009-87cc-d426ab843907,txr_2201_leasing_fee_other_text,Leasing Fee Other Description,4a45a19a-8468-45c4-a00b-7ca4c7ae48d5,text / currency,manual_only,,109,355.8,466,14,9,false,true,,false,false,,true,,REVIEW REQUIRED,Narrative purpose but current height is ~1 line — dimension increase may be needed to cover the printed writing area.,Enlarging may approach amount columns or following rows — review carefully.,Height 14pt ≈ 1 line(s). Expand only after confirming intended lined region on the PDF.,TXR-2201 form 47 visual placement (glyph-centered checkboxes) | lines=0; cap=1; underlineDerived=false,,Not Reviewed,_audit_tmp/prod-multiline-mask-audit/pdfs/form-47.pdf#page=2
151,47,RESIDENTIAL LEASING AND PROPERTY MANAGEMENT AGREEMENT,TXR-2201-01-05-2026,GLOBAL,2,db1ccce7-77f7-4f14-a21d-4483d024b294,txr_2201_renewal_fee_other_text,Renewal Fee Other Description,2e1c7939-3af2-4287-9c33-74b65be84a78,text / currency,manual_only,,109,438.6,466,14,9,false,true,,false,false,,true,,REVIEW REQUIRED,Narrative purpose but current height is ~1 line — dimension increase may be needed to cover the printed writing area.,Enlarging may approach amount columns or following rows — review carefully.,Height 14pt ≈ 1 line(s). Expand only after confirming intended lined region on the PDF.,TXR-2201 form 47 visual placement (glyph-centered checkboxes) | lines=0; cap=1; underlineDerived=false,,Not Reviewed,_audit_tmp/prod-multiline-mask-audit/pdfs/form-47.pdf#page=2
152,47,RESIDENTIAL LEASING AND PROPERTY MANAGEMENT AGREEMENT,TXR-2201-01-05-2026,GLOBAL,2,37933d69-8f38-4d00-afd5-78200b5301ac,txr_2201_maint_fee_other_text,Maintenance Fee Other Description,b3b74e86-a8c2-45b8-a523-3f9da6996165,text / currency,manual_only,,109,496.2,466,14,9,false,true,,false,false,,true,,REVIEW REQUIRED,Narrative purpose but current height is ~1 line — dimension increase may be needed to cover the printed writing area.,Enlarging may approach amount columns or following rows — review carefully.,Height 14pt ≈ 1 line(s). Expand only after confirming intended lined region on the PDF.,TXR-2201 form 47 visual placement (glyph-centered checkboxes) | lines=0; cap=1; underlineDerived=false,,Not Reviewed,_audit_tmp/prod-multiline-mask-audit/pdfs/form-47.pdf#page=2
153,47,RESIDENTIAL LEASING AND PROPERTY MANAGEMENT AGREEMENT,TXR-2201-01-05-2026,GLOBAL,3,e5a73c8d-755d-4e7d-bf1b-dcb3ba4d0378,txr_2201_offboard_fee_other_text,Off-Boarding Fee Other Description,72d9aff5-be65-422a-a280-5fed187a813f,text / currency,manual_only,,90,314.8,159,14,9,false,true,,false,false,,true,,REVIEW REQUIRED,Narrative purpose but current height is ~1 line — dimension increase may be needed to cover the printed writing area.,Enlarging may approach amount columns or following rows — review carefully.,Height 14pt ≈ 1 line(s). Expand only after confirming intended lined region on the PDF.,underscore-line glyph string / underscoreLines entry | lines=0; cap=1; underlineDerived=false,,Not Reviewed,_audit_tmp/prod-multiline-mask-audit/pdfs/form-47.pdf#page=3
154,47,RESIDENTIAL LEASING AND PROPERTY MANAGEMENT AGREEMENT,TXR-2201-01-05-2026,GLOBAL,4,a40c0261-8ba2-43d2-87b4-524ab570961c,txr_2201_other_fees,Other Broker Fees,3812d0c1-a61b-4b19-b013-ef63ceea3a06,text / currency,manual_only,,103.6,533.7,471.4,64.6,9,false,false,,false,false,,false,,REVIEW REQUIRED,Tall placement without clear narrative purpose — visual review before enabling multiline.,Low — no mask recommended.,,"**Short first line** after “J. Other:” (yTop≈547.7), then full rules yTop≈560.4 / 573 / 585.7 / 598.3 | lines=0; cap=5; underlineDerived=false",,Not Reviewed,_audit_tmp/prod-multiline-mask-audit/pdfs/form-47.pdf#page=4
155,47,RESIDENTIAL LEASING AND PROPERTY MANAGEMENT AGREEMENT,TXR-2201-01-05-2026,GLOBAL,5,97581c70-054f-442b-bed7-036f3c0b855d,txr_2201_repair_spend_limit,Single Repair Expenditure Limit,8b0d597c-3f87-4fb7-a582-f918213fa4fc,text,manual_only,,197.8,652.8,177.2,14,9,false,true,,false,false,,true,,REVIEW REQUIRED,Narrative purpose but current height is ~1 line — dimension increase may be needed to cover the printed writing area.,Enlarging may approach amount columns or following rows — review carefully.,Height 14pt ≈ 1 line(s). Expand only after confirming intended lined region on the PDF.,blank after $ in ¶7(A)(23) | lines=0; cap=1; underlineDerived=false,,Not Reviewed,_audit_tmp/prod-multiline-mask-audit/pdfs/form-47.pdf#page=5
156,47,RESIDENTIAL LEASING AND PROPERTY MANAGEMENT AGREEMENT,TXR-2201-01-05-2026,GLOBAL,8,3ee5158f-abb0-4264-b650-f8fa059560a8,lease_health_safety_condition_exception,Lease Health Safety Condition Exception,c9efea1b-ff7f-4e35-b283-753226f64e3b,text,manual_only,,90.99,626.19,476,42.34,9,false,true,,false,false,,false,,MEDIUM CONFIDENCE,Tall narrative box (~3 lines) without conclusive line geometry; multiline recommended; mask only after visual confirm of printed lines.,Low — no mask recommended.,,"**Short first line** stub after colon (yTop≈624.8, x≈508.9), then full rules yTop≈637.6 / 650.2 / 662.8 (x≈90, w≈486). Field origin on short stub; overflow onto continuations. | lines=0; cap=3; underlineDerived=false",,Not Reviewed,_audit_tmp/prod-multiline-mask-audit/pdfs/form-47.pdf#page=8
157,47,RESIDENTIAL LEASING AND PROPERTY MANAGEMENT AGREEMENT,TXR-2201-01-05-2026,GLOBAL,11,ef9b7bc7-b878-49f6-8e92-c294dd733089,SPECIAL_PROVISIONS,Special Provisions,7c767dc0-3c78-4258-990b-605277dafcb6,text,,,54,364,522,96,9,false,true,,false,false,,false,,MEDIUM CONFIDENCE,Tall narrative box (~8 lines) without conclusive line geometry; multiline recommended; mask only after visual confirm of printed lines.,Low — no mask recommended.,,**Substantial first line** — unruled open area from below §20 title (~y=364) to above §21 ADDENDA (~y=460) | lines=0; cap=8; underlineDerived=false,,Not Reviewed,_audit_tmp/prod-multiline-mask-audit/pdfs/form-47.pdf#page=11
158,47,RESIDENTIAL LEASING AND PROPERTY MANAGEMENT AGREEMENT,TXR-2201-01-05-2026,GLOBAL,11,e172e0a6-d918-445f-aa0c-497dcde21655,txr_2201_add_other_m_text,Addendum Other M Description,4524cbff-bb20-40d0-8002-5c4a0e5f3c63,text,manual_only,,73,626.3,502,14,9,false,true,,false,false,,true,,REVIEW REQUIRED,Narrative purpose but current height is ~1 line — dimension increase may be needed to cover the printed writing area.,Enlarging may approach amount columns or following rows — review carefully.,Height 14pt ≈ 1 line(s). Expand only after confirming intended lined region on the PDF.,write-in line after letter | lines=0; cap=1; underlineDerived=false,,Not Reviewed,_audit_tmp/prod-multiline-mask-audit/pdfs/form-47.pdf#page=11
159,47,RESIDENTIAL LEASING AND PROPERTY MANAGEMENT AGREEMENT,TXR-2201-01-05-2026,GLOBAL,11,c756bd43-3830-436e-a2d2-6d19059cc77d,txr_2201_add_other_n_text,Addendum Other N Description,4d31ae31-87b5-401c-871c-3c70e5fbfdf6,text,manual_only,,73,638.9,502,14,9,false,true,,false,false,,true,,REVIEW REQUIRED,Narrative purpose but current height is ~1 line — dimension increase may be needed to cover the printed writing area.,Enlarging may approach amount columns or following rows — review carefully.,Height 14pt ≈ 1 line(s). Expand only after confirming intended lined region on the PDF.,write-in line after letter | lines=0; cap=1; underlineDerived=false,,Not Reviewed,_audit_tmp/prod-multiline-mask-audit/pdfs/form-47.pdf#page=11
160,47,RESIDENTIAL LEASING AND PROPERTY MANAGEMENT AGREEMENT,TXR-2201-01-05-2026,GLOBAL,11,7f193d51-4ade-43fd-81cb-3dce865b5eda,txr_2201_add_other_o_text,Addendum Other O Description,7efe01d1-d997-4ac9-b600-854011c53a9f,text,manual_only,,73,651.5,502,14,9,false,true,,false,false,,true,,REVIEW REQUIRED,Narrative purpose but current height is ~1 line — dimension increase may be needed to cover the printed writing area.,Enlarging may approach amount columns or following rows — review carefully.,Height 14pt ≈ 1 line(s). Expand only after confirming intended lined region on the PDF.,write-in line after letter | lines=0; cap=1; underlineDerived=false,,Not Reviewed,_audit_tmp/prod-multiline-mask-audit/pdfs/form-47.pdf#page=11
161,47,RESIDENTIAL LEASING AND PROPERTY MANAGEMENT AGREEMENT,TXR-2201-01-05-2026,GLOBAL,11,7a178a65-a839-4149-af1b-d9ba60deba27,txr_2201_add_other_p_text,Addendum Other P Description,a4acf2a7-7ef2-490e-b6ea-84b6570c66e5,text,manual_only,,73,664.2,502,14,9,false,true,,false,false,,true,,REVIEW REQUIRED,Narrative purpose but current height is ~1 line — dimension increase may be needed to cover the printed writing area.,Enlarging may approach amount columns or following rows — review carefully.,Height 14pt ≈ 1 line(s). Expand only after confirming intended lined region on the PDF.,write-in line after letter | lines=0; cap=1; underlineDerived=false,,Not Reviewed,_audit_tmp/prod-multiline-mask-audit/pdfs/form-47.pdf#page=11
162,48,SELLER'S TEMPORARY RESIDENTIAL LEASE,TXR-1910-11-03-2025,GLOBAL,1,c58b3c21-6864-4cf0-ba78-91749e2690ec,txr_1910_special_provisions,TXR-1910 Special Provisions,c587597d-5840-4c40-9df5-861a308bbc94,text,manual_only,,52,485.6,518,124,9,false,true,,false,true,,false,,HIGH CONFIDENCE,Narrative multi-line area (~11 lines). Preprinted writing lines/underlines indicated in placement (geometry hits=4).,"White mask must stay inside the placement box so adjacent amount columns, row labels, and borders remain visible.",,Lee short-first: omit fragment after heading (y≈488); cover lines y≈500–610 | lines=4; cap=11; underlineDerived=false,,Not Reviewed,_audit_tmp/prod-multiline-mask-audit/pdfs/form-48.pdf#page=1
163,49,TERMINATION OF BUYER/TENANT REPRESENTATION AGREEMENT,TXR-1503-01-05-2026,GLOBAL,1,56127644-d475-47c7-a8f6-3e16a763ce88,txr_1503_protected_properties,TXR-1503 Protected Properties,ab5d09a1-d4f0-4925-b86d-c82770d6c9e4,text,manual_only,,90.1,529,485.9,64.6,9,false,false,,false,false,,false,,REVIEW REQUIRED,Tall placement without clear narrative purpose — visual review before enabling multiline.,Low — no mask recommended.,,Lee short-first: omit fragment after 'properties:'; cover 5 full lines | lines=0; cap=5; underlineDerived=false,,Not Reviewed,_audit_tmp/prod-multiline-mask-audit/pdfs/form-49.pdf#page=1
164,50,TERMINATION OF LISTING,TXR-1410-04-14-2006,GLOBAL,1,e8e580e0-d340-4852-ae6f-8fad4eca6a66,txr_1410_protected_parties,TXR-1410 Protected Parties,e7de7bfa-558d-4136-93c2-c1196821ab35,text,manual_only,,90,491.6,486,39.2,9,false,false,,false,false,,false,,REVIEW REQUIRED,Tall placement without clear narrative purpose — visual review before enabling multiline.,Low — no mask recommended.,,Three substantial lines after (b) → one multiline | lines=0; cap=3; underlineDerived=false,,Not Reviewed,_audit_tmp/prod-multiline-mask-audit/pdfs/form-50.pdf#page=1